codigo,descripcion,unidad,total
01-01-01,CORTE ARBOL MAS RETIRO(INCL.RAICES)H>3.0,UND,106594.0
01-01-02,CORTE Y RETIRO DE ARBUSTO,UND,9735.0
01-01-03,DEMOL.CAMARA DE CONCRETO,UND,177396.0
01-01-04,DEMOL.LOSA CONCRETO E<=20CMS,M2,29615.0
01-01-05,DEMOL.LOSA CONCRETO E<=15CMS,M2,25220.0
01-01-06,LOCALIZACION-REPLANTEO ACUEDUCTO-ALCANTA,ML,1867.0
01-01-07,LOCALIZACION-REPLANTEO C.MULTIPLE-PISTAS,M2,932.0
01-01-08,MANEJO DE AGUAS RESIDUALES,ML,8949.0
01-01-09,RETIRO DE ARBUSTO Y POSTERIOR TRANSPLANT,UND,12899.0
01-01-10,"RETIRO TUBERIA EXISTENTE 0"" A 12""",ML,6424.0
01-01-11,"RETIRO TUBERIA EXISTENTE 14"" A 24""",ML,20028.0
01-01-12,LOCALIZACION-REPLANTEO PARQUES-Z.VERDES,M2,932.0
01-01-13,LOCALIZACION-REPLANTEO CANCHA-FUTBOL,M2,407.0
01-01-14,LOCALIZACION-REPLANTEO CERRAMIENTO-VARIO,ML,2006.0
01-01-15,CONFORM.COMPACT.SUBRASANTE CBR=95,M2,2549.0
01-01-16,"CORTE Y RETIRO RAIZ D=4""- 12""",ML,6365.0
01-01-17,"CORTE Y RETIRO RAIZ 12.1""-20.0""",ML,19903.0
01-01-18,CORTE Y RETIRO ARBUSTO CERCO VIVO H=2.0M,ML,38246.0
01-02-01,ACARREO MATERIALES PETREOS-TIERRA-VARIOS,M3K,1716.0
01-02-02,DESCAPOTE MAQUINA,M2,266.0
01-02-04,EXCAVACION EN ROCA,M3,46360.0
01-02-05,EXCAVACION MAQUINA ALCANT.Y ACUEDUCTO,M3,2640.0
01-02-06,RELLENO MATERIAL SITIO COMPACTADO CILIND,M3,13427.0
01-02-07,RELLENO ROCA MUERTA COMPAC-CILINDRO,M3,27378.0
01-02-09,CARGUE MAT. EXCAV. A MAQUINA (SIN TRANSP,M3,3853.0
01-02-15,CONFIGURACION-NIVELACION TERRENO,M2,747.0
02-01-01,ESTACION EB1,UND,10022459.0
02-01-02,ESTACION EB2,UND,5458628.0
02-01-03,ESTACION EB3,UND,2827837.0
02-03-04,"TUB CONCRETO SIMPLED= 6""UNION CAUCHO",ML,24534.0
02-03-05,"TUB CONCRETO SIMPLED=10""UNION CAUCHO",ML,39458.0
02-03-06,"TUB CONCRETO SIMPLED=12""UNION CAUCHO",ML,65906.0
02-03-07,"TUB CONCRETO SIMPLED=15""UNION CAUCHO",ML,0.0
02-03-08,"TUB CONCRETO SIMPLE D=18""UNION CAUCHO",ML,103491.0
02-03-09,"TUB CONCRETO SIMPLE D=21""UNION CAUCHO",ML,151301.0
02-03-10,"TUB CONCRETO SIMPLE D=24""UNION CAUCHO",ML,181515.0
02-03-11,"TUB CONCRETO SIMPLE D=27""UNION CAUCHO",ML,310614.0
02-03-12,"TUB CONCRETO SIMPLE D=30""UNION CAUCHO",ML,337124.0
02-03-13,"TUB CONCRETO SIMPLE D= 8""UNION CAUCHO",ML,33131.0
02-03-14,"TUB CONCRETO REFORZADO D=33""UNION CAUCHO",ML,369133.0
02-03-15,"TUB CONCRETO REFORZADO D=36""UNION CAUCHO",ML,447685.0
02-03-16,TUBERIA CONCRETO HR C II D=1.0 M,ML,451540.0
02-03-17,TUBERIA CONCRETO HR C II D=1.10 MTS,ML,519059.0
02-04-03,CAMARA INSPECCION TIPO B H=0.00-1.50 MTS,UND,1396022.0
02-04-04,CAMARA INSPECCION TIPO B H=1.50-2.00 MTS,UND,1527694.0
02-04-05,RECONSTRUCCION LOSA PISO CAMARA INSPECCI,UND,192372.0
02-04-06,RECONSTRUCCION LOSA SUPE-TAPA CAMARA,UND,332414.0
02-04-07,SUMIDERO DOBLE,UND,711711.0
02-04-08,SUMIDERO SENCILLO,UND,532284.0
02-04-09,CABEZAL-CAJAS ALCANTARILLADO 2500 PSI,M3,572395.0
02-04-10,CAMARA INSPECCION PISO TAPA,UND,438773.0
02-04-12,REALCE CAMARA DE INSPECCION,UND,309452.0
02-04-13,"RETIRO TUBERIA EXISTENTE 0"" A 12""",ML,6424.0
02-04-14,"RETIRO TUBERIA EXISTENTE 14"" A 24""",ML,18908.0
02-04-17,CAMARA INSPECCION TIPO B H=2.51-3.00 MTS,UND,1870201.0
02-04-18,CAMARA INSPECCION TIPO B H=2.01-2.50 MTS,UND,1681371.0
02-04-19,"EMPALME TUB15""-21"" CAMARA CONCRETO",UND,150598.0
02-04-20,"EMPALME TUB15""-21"" CAMARA LADRILLO",UND,115511.0
02-04-21,RECUBRIMIENTO CONCRETO TUBERIA,M3,425395.0
02-04-22,CAMARA INSPECCION TIPO B H=3.01-3.50 MTS,UND,2022953.0
02-04-23,CAMARA INSPECCION TIPO B H=3.51-4.00 MTS,UND,2179380.0
02-04-24,CAMARA INSPECCION TIPO I H=0-1.50 MTS,UND,2118044.0
02-04-25,CAMARA INSPECCION TIPO I H=1.51-2.00 MTS,UND,2312232.0
02-04-26,CAMARA INSPECCION TIPO I H=2.01-2.50 MTS,UND,2551046.0
02-04-27,CAMARA INSPECCION TIPO I H=2.51-3.00 MTS,UND,2819273.0
02-04-28,CAMARA INSPECCION TIPO I H=3.01-3.50 MTS,UND,3025242.0
02-04-29,CAMARA INSPECCION TIPO I H=3.51-4.00 MTS,UND,3264056.0
02-04-30,"EMPALME TUB CONCR 8""-12"" CAMARA CONCRETO",UND,109949.0
02-04-31,"EMPALME TUB CONCR 8""-12"" CAMARA LADRILLO",UND,75208.0
02-04-33,SUMIDERO DOBLETIPO B,UND,574627.0
02-04-34,SUMIDERO SENCILLO TIPO B,UND,527087.0
02-05-01,"TRANSP. TUB HS D 6"" HASTA 10""",M/K,60.0
02-05-02,"TRANSP. TUB HS D 12 HASTA 18""",M/K,96.0
02-05-03,"TRANSP. TUB HS D=21 HASTA 30""",M/K,329.0
02-05-04,"TRANSP. TUB HR D=33 HASTA 36""",M/K,485.0
02-06-02,"VALVULA CHAPALETA Q=4.10L/SEG S=1.5M 6""",UND,485679.0
02-06-03,"VALVULA CHAPALETA Q=4.10L/SEG S=1.5M 8""",UND,836426.0
02-06-04,"VALVULA CHAPALETA Q=4.10L/SEG S=1.5M 10""",UND,2240072.0
02-06-05,"VALVULA CHAPALETA Q=4.10L/SEG S=1.5M 12""",UND,2213161.0
02-07-04,"TUB PVC NOVAFORT 4""",ML,24044.0
02-07-05,"TUB PVC NOVAFORT 6""",ML,55419.0
02-07-06,"TUB PVC NOVAFORT 8""",ML,67419.0
02-07-07,"TUB PVC NOVAFORT 10""",ML,73215.0
02-07-08,"TUB PVC NOVAFORT 12""",ML,142682.0
02-07-09,"TUB PVC NOVAFORT 16""",ML,180856.0
02-07-10,"TUB PVC NOVAFORT 18""",ML,287589.0
02-07-11,"TUB PVC NOVAFORT 20""",ML,349704.0
02-07-12,"TUB PVC NOVALOC ASTM 24"" SANIT""",ML,433133.0
02-07-13,"TUB PVC NOVALOC ASTM 27"" PVC""",ML,506538.0
02-07-14,"TUB PVC NOVALOC ASTM 30"" SANIT""",ML,627907.0
02-07-15,"TUB PVC NOVALOC SAN ASTM 33""",ML,709589.0
02-07-16,"TUB PVC ALIGERADA RIB LOC 6""",ML,58427.0
02-07-17,"TUB PVC ALIGERADA RIB LOC 8""",ML,73801.0
02-07-18,"TUB PVC ALIGERADA RIB LOC 10""",ML,98757.0
02-07-19,"TUB PVC ALIGERADA RIB LOC 12""",ML,139649.0
02-07-20,"TUB PVC ALIGERADA RIB LOC 14""",ML,161378.0
03-01-01,MOTOR ELEC5HP 3600 RPM BOMBA,UND,1034649.0
03-01-02,MOTOR ELEC 15HP 3600 RPM BOMBA,UND,2359776.0
03-01-03,MOTOR ELEC 20HP 3600 RPM BOMBA,UND,2693014.0
03-01-04,MOTOR ELEC 25HP 3600 RPM BOMBA,UND,2884414.0
03-01-05,MOTOR ELEC 35HP 3600 RPM BOMBA,UND,4728964.0
03-01-06,MOTOR ELEC 50HP 3600 RPM BOMBA,UND,6770060.0
03-01-07,MOTOR ELEC 60HP 3600 RPM BOMBA,UND,7835605.0
03-01-08,MOTOR ELEC 100HP 3600 RPM BOMBA,UND,11167041.0
03-01-09,MOTOR ELEC 150HP 3600 RPM BOMBA,UND,17441501.0
03-01-10,MOTOR ELEC 30HP 3600 RPM BOMBA,UND,3943064.0
03-02-01,"BOMBA SUMERG3.0 HP LAPICERO 4"" A.INOX",UND,4802037.0
03-02-02,"BOMBA SUMERG 15 HP LAPICERO 6"" A.INOX",UND,11351511.0
03-02-03,"BOMBA SUMERG 20HP LAPICERO 6"" A.INOX",UND,13791161.0
03-02-04,"BOMBA SUMERG 25HP LAPICERO 6"" A.INOX",UND,16426248.0
03-02-05,"BOMBA SUMERG 30HP LAPICERO 6"" A.INOX",UND,23701720.0
03-02-06,"BOMBA SUMERG 40HP LAPICERO 6"" A.INOX",UND,26255148.0
03-02-07,"BOMBA SUMERG 50HP LAPICERO 6"" A.INOX",UND,30578425.0
03-02-08,"BOMBA SUMERG 60HP LAPICERO 6"" A.INOX",UND,38091025.0
03-02-09,"BOMBA SUMERG1.0 HP LAPICERO 4"" BRONCE",UND,2758377.0
03-05-01,ARRANCADOR VOL-C10 230 40-50AMP,UND,1107428.0
03-05-02,MONITOR DE VOLTAJE,UND,393328.0
03-05-03,CONTACTOR ABIERTO 60 AMP AC3 220 VOL,UND,932528.0
03-05-04,HIMEL,UND,214598.0
03-05-05,RELE BIMETALICO TERMICO 32-40 AMP,UND,442228.0
03-05-06,PULSADOR LUMINOSO VERDE,UND,103378.0
03-05-07,SUMIN CONTACTOR ABIERTO 60 AMP AC3 220 V,UND,914200.0
03-05-08,CONTROL DE NIVEL POZO TIPO GWARRICK,UND,279071.0
03-05-09,TABL CONTR DUPLEX 3600RPM 1.0HP-10.0AM,UND,1634091.0
04-01-30,DESVIACION CAUCE ANCHOS ENTRE 0 Y 1 ML,ML,89669.0
04-01-31,DESVIACION TEMPORAL CAUCE ANCHOS 1 A 3 M,ML,140611.0
04-01-62,"REJILLA HIERRO D=1/2"" E=1/2 1.50x.40MTS",UND,145391.0
04-01-63,"REJILLA HIERRO D=1/2"" E=1/2"" 0.6x0.40MTS",UND,73456.0
04-01-64,"REJILLA HIERRO D=1/2, E=1/2, 1.0x0.30MTS",UND,83069.0
04-01-65,"REJILLA HIERRO D=1/2 E=1/2, 1.0x0.60MTS",UND,205411.0
04-01-66,REJILLA LAM.AC.INOX. CAL 9 1.0x0.60MTS,UND,348668.0
04-01-67,REJILLA LAM.AC.INOX. CAL 9 1.0x0.30MTS,UND,159608.0
04-01-68,REJILLA LAM.AC.INOX. CAL.9 1.5x0.40MTS,UND,396733.0
04-03-01,HIDRANTE LONDRES 4 E BRIDA,UND,2597579.0
04-03-02,HIDRANTE LONDRES 6 E BRIDA,UND,3163083.0
04-03-03,HIDRANTE CHICAGO-MILAN 3 E J.R.,UND,1749889.0
04-03-04,HIDRANTE CHICAGO-MILAN 3 E BRIDA,UND,1894089.0
04-03-05,HIDRANTE ROMA4 E BRIDA,UND,3640589.0
04-03-06,HIDRANTE ROMA6 E BRIDA,UND,4362145.0
04-03-07,HIDRANTE SAN FRANCISCO 3 ROSCADO,UND,1516289.0
04-03-08,HIDRANTE LONDRES4 E LISO PVC,UND,3615337.0
04-03-09,HIDRANTE ROMA4 E LISO PVC,UND,3506269.0
04-03-10,HIDRANTE ROMA6 E LISO PVC,UND,4175849.0
04-03-11,HIDRANTE ROMA4 E J.R. PVC,UND,3818889.0
04-03-12,HIDRANTE CHICAGO-MILAN 3 E LISO PVC,UND,1749889.0
04-03-13,HIDRANTE LONDRES6 E LISO PVC,UND,4175849.0
04-03-14,HIDRANTE PARED-POSTE4 ROSCADO,UND,880956.0
04-05-01,ARRAN 3600RPM C/SELEC 8.5-12.5AMP 3.6HP,UND,345026.0
04-05-02,ARRAN 3600RPM C/SELEC 12.0-17.0AMP 5.0HP,UND,394308.0
04-05-03,ARRAN 3600RPM C/SELEC 16.0-23.0AMP 7.5HP,UND,418480.0
04-05-04,ARRAN 3600RPM C/SELEC 23.0-32.0AMP12.0HP,UND,518442.0
04-05-05,ARRAN 3600RPM C/SELEC 4.0- 6.0AMP 1.8HP,UND,311545.0
04-05-07,ARRAN ESTRELLA TRIA 230V 12-17AMP 9.0HP,UND,1337959.0
04-05-08,ARRAN ESTRELLA TRIA 230V 23-32AMP 18.0HP,UND,1350655.0
04-05-09,ARRAN ESTRELLA TRIA 230V 32-42AMP 24.0HP,UND,2055867.0
04-05-10,ARRAN ESTRELLA TRIA 230V 40-52AMP 34.0HP,UND,2345959.0
04-05-11,ARRAN ESTRELLA TRIA 230V 58-75AMP 50.0HP,UND,2651902.0
04-05-12,"BOLA DE COBRE D=3""",UND,52696.0
04-05-13,"BOLA DE COBRE D=1""-2""",UND,92005.0
04-05-14,CONT NIV HG 110-220V 13X6AMP ANG90 TB-TA,UND,130786.0
04-05-17,TABL CONTR DUPLEX 3600RPM 6.6HP-17.5AM,UND,1354486.0
04-05-18,TABL CONTR DUPLEX 3600RPM 7.5HP-21.8AM,UND,1353890.0
04-05-19,TABL CONTR DUPLEX 3600RPM 9 HP-24 AM,UND,1694054.0
04-05-20,TABL CONTR TRIPLEX 3600RPM 3.6HP-10.5AM,UND,1610070.0
04-05-21,TABL CONTR TRIPLEX 3600RPM 5 HP-16.0AM,UND,1799682.0
04-05-22,TABL CONTR TRIPLEX 3600RPM 6.6HP-17.5AM,UND,1922240.0
04-05-23,TABL CONTR TRIPLEX 3600RPM 12 HP-32.0AM,UND,2724027.0
04-05-24,TABL CONTR TRIPLEX 3600RPM 7.5HP-21.8AM,UND,1955966.0
04-05-25,TABL CONTR TRIPLEX 3600RPM 9 HP-24.0AM,UND,2161926.0
04-05-26,TABL CONTR DUPLEX 3600RPM 5 HP-16.0AM,UND,1662479.0
04-05-27,VALV COMP ELASTICA2 EB PVC,UND,369217.0
04-05-28,VALV COMP ELASTICA4 EL PVC,UND,597573.0
04-05-29,VALV COMP ELASTICA JR 12 EL PVC,UND,0.0
04-05-30,"VALV CHEQUE CORTINA BRONCE D= 2""",UND,265171.0
04-05-31,"VALV CHEQUE CORTINA BRONCE D= 3""",UND,124996.0
04-05-32,"VALV CHEQUE CORTINA BRONCE D= 1,1/2""",UND,88543.0
04-05-33,"VALV CHEQUE CORTINA HIERRO D= 3""",UND,511807.0
04-05-34,"VALV CHEQUE CORTINA HIERRO D= 4""",UND,782758.0
04-05-35,"VALV CHEQUE CORTINA HIERRO D= 6""",UND,1552813.0
04-05-36,"VALV CHEQUE GLOBO BRONCE D= 1,1/2""",UND,129813.0
04-05-37,"VALV CHEQUE GLOBO BRONCE D= 1,1/4""",UND,95771.0
04-05-38,"VALV CHEQUE GLOBO BRONCE D= 1""",UND,77853.0
04-05-39,"VALV CHEQUE GLOBO BRONCE D= 2""",UND,196571.0
04-05-40,"VALV CHEQUE GLOBO HIERRO D= 4""",UND,435041.0
04-05-41,"VALV CHEQUE GLOBO HIERRO D=10""",UND,2113338.0
04-05-42,"VALV CHEQUE GLOBO HIERRO D= 3""",UND,3326704.0
04-05-43,"VALV CHEQUE GLOBO HIERRO D= 6""",UND,1157253.0
04-05-44,"VALV CHEQUE GLOBO HIERRO D= 8""",UND,1515640.0
04-05-56,VALV COMP ELASTICA 4 EB PVC,UND,636395.0
04-05-57,VALV COMP ELASTICA12 EB,UND,3615755.0
04-05-58,VALV COMP ELASTICA JR 6 EL PVC,UND,1134026.0
04-05-59,"COMPUERTA BETA ELASTICA JR8"" EL-PVC""",UND,1288760.0
04-05-60,VALV COMP ELASTICA3 EB PVC,UND,490893.0
04-05-61,VALV COMP ELASTICA8 EB,UND,1630337.0
04-05-62,VALV COMP ELASTICA6 EB,UND,1122555.0
04-05-63,VALV COMP ELASTICA JR 3 EL PVC,UND,526364.0
04-05-64,VALV COMP ELASTICA JR 2 EL PVC,UND,369764.0
04-05-65,VALV COMP BRONCEASTM A-126 6 EB,UND,1292722.0
04-05-66,VALV RETENCIONASTM A-126 2 EB,UND,440853.0
04-05-67,VALV RETENCIONASTM A-126 3 EB,UND,506973.0
04-05-68,VALV DOB COMP S BRONCE ASTM A-126 10 EB,UND,5244956.0
04-05-69,VALV DOB COMPASTM A-126 4 EB,UND,1320391.0
04-05-70,VALV DOB COMPASTM A-126 3 EB,UND,852847.0
04-05-71,VALV DOB COMP S BRONCE ASTM A-126 8 EB,UND,3200493.0
04-05-72,"VALV FLOT HIDRO COMPLTA BOLA CU D=2""",UND,137115.0
04-05-75,"VALV FLOT HIERRO HIDRO D=3""",UND,899067.0
04-05-76,"VALV FLOT HIERRO HIDRO D=4""",UND,1389328.0
04-05-77,"VALV FLOT HIERRO HIDRO D=6""",UND,3162116.0
04-05-78,"VALV PIE CANAST BRONCE D=3""",UND,204407.0
04-05-79,"VALV PIE CANAST BRONCE D=4""",UND,408130.0
04-05-83,"VALV PIE CANAST BRONCE D=6""",UND,1074933.0
04-05-84,"VALV PIE HIERRO BRIDA D=3""",UND,0.0
04-05-85,VALV PIE HIERRO BRIDA D=6,UND,556133.0
04-05-86,"VALV PIE HIERRO-BRIDA D=8""",UND,614982.0
04-05-87,"VALV PIE TOTAL BRONCE D=2""",UND,180882.0
04-05-88,"VALV REGISTRO GLOBO BRONCE D=1,1/2""",UND,79191.0
04-05-89,"VALV REGISTRO GLOBO BRONCE D=1,1/4""",UND,73391.0
04-05-90,"VALV REGISTRO GLOBO BRONCE D=1""",UND,70605.0
04-05-91,"VALV REGISTRO GLOBO BRONCE D=2""",UND,158471.0
04-05-92,VALV RETENCION ASTM A-126 10 EB,UND,4189677.0
04-05-93,VALV RETENCION ASTM A-126 4 EB,UND,664878.0
04-05-94,VALV RETENCION ASTM A-126 6 EB,UND,1648382.0
04-05-95,VALV RETENCION ASTM A-126 8 EB,UND,2424502.0
04-05-96,VALV DOBLE COMP.SELLO BRONCE D=2,UND,453871.0
04-05-97,"VALV FLOT.HIDRO COMPLTA BOLA CU D=3""",UND,373006.0
04-05-98,"VALVULA CHEQUE CORTINA HIERRO D=2""",UND,187663.0
04-06-01,ANTRACITA B 10072 GRANULOMETRIA 1.5MM,M3,337999.0
04-06-02,"MEDIO FILTRANTE GRAVA <=1"" CU=0.95-1""",M3,31424.0
04-06-03,MEDIO RELLENO FILTRO PERCOLADOR POLIPROP,M3,500914.0
04-07-01,PRUEBA HIDRAULICA A TUB. PVC. 6-8,ML,2616.0
04-07-02,PRUEBA HIDRAULICA A TUB. PVC.2-4,ML,1914.0
04-07-71,"EMPATE TUBERIA EXISTENTE DIAM 2""-4""",UND,27606.0
04-07-74,DERECHOS DE CONEXION Y RECIBO ACUAVALLE,UND,110000.0
04-07-75,"SONDEO,LAVADO Y DESINFECCION TUBERIA",ML,1918.0
04-08-01,ADAP HEMBRA PF+UAD 1/2,UND,3570.0
04-08-02,ADAP MACHO PF+UAD 1/2,UND,3770.0
04-08-42,COLLAR DERIV PVC 2 X1/2,UND,15629.0
04-08-43,"COLLAR DERIV PVC 2,1/2X1/2",UND,16405.0
04-08-44,COLLAR DERIV PVC 3X1/2,UND,21904.0
04-08-45,COLLAR DERIV PVC 4X1/2,UND,25789.0
04-08-46,COLLAR DERIV PVC 6X1/2,UND,31726.0
04-08-53,REGISTRO DE CORTE BRONCE 1/2,UND,17616.0
04-08-54,REGISTRO DE INCORPORACION BRONCE 1/2,UND,15557.0
04-08-94,"DOMICILIARIA EN PF+UAD 6""*1/2""",UND,110471.0
04-08-95,"DOMICILIARIA EN PF+UAD 4""*1/2""",UND,130286.0
04-08-96,"DOMICILIARIA EN PF+UAD 3""*1/2""",UND,101919.0
04-08-97,"DOMICILIARIA EN PF+UAD 2""*1/2""",UND,95644.0
04-08-99,"DOMICILIARIA EN PF+UAD 3""X3/4""",UND,192512.0
04-14-03,MOTOBOMBA 2.0HP TIPO TURBINA,UND,716986.0
04-14-10,MOTOBOMBA 12.0HP TIPO TURBINA 480GPM,UND,3946423.0
04-14-11,BOMBA Q=350 H=127PSI-JOCKEY Q=22-30 150P,CJO,14278870.0
04-35-01,"TUBERIA PVC 2"" PERFORADA FILTRO""",ML,78416.0
04-81-01,"SUMIN VALVULA CHEQUE CORTINA BRONCE D=3""",UND,98325.0
04-81-02,"VALVULA CHEQUE 3"" FLANCHADA HF CORT BRON",UND,504600.0
05-01-02,CABLE DATOS UTP CAT 5E-4P,ML,3333.0
05-01-06,CABLE SONIDO2x18 ENCAUCHETADO,ML,2755.0
05-01-08,CABLE TELEFONICO 2P,ML,1940.0
05-01-09,CABLE TELEFONICO 4P,ML,2209.0
05-01-13,CABLE TELEVISION RG59,ML,2209.0
05-01-16,CABLE DUPLEX 2 X 22 THWN,ML,919.0
05-01-17,CABLE DATOS UTP CAT 6A,ML,3643.0
05-02-06,"ACOM.SONIDO ,1/2"" 2X18 ENCAUCHETADO",ML,9817.0
05-02-08,"ACOM.TELEFONICA ,1/2"" 2P""",ML,9272.0
05-02-09,"ACOM.TELEFONICA ,1/2"" 4P""",ML,9541.0
05-02-13,"ACOM.TELEVISION ,1/2"" RG59""",ML,9541.0
05-03-03,TOMA TELEFONICO,UND,14147.0
05-03-05,TOMA VOZ RJ45 + VIDEO COAXIAL,UND,175582.0
05-04-01,CONCENTRADOR 24 PUERTOS 10/100 MBPS,UND,1615880.0
05-04-02,CONCENTRADOR 16 PUERTOS 10/100 MBPS,UND,1152200.0
05-04-05,"ORGANIZADOR CABLES 19""",UND,86620.0
05-04-06,PATCH CORD5 PIES - 1.5 MTS,UND,9958.0
05-04-07,PATCH CORD 10 PIES - 3.0 MTS,UND,12962.0
05-04-08,PATCH PANEL48 PUERTOS,UND,1164361.0
05-04-13,PUNTO CABLE UTP CAT 5E VOZ-DATOS,UND,75768.0
05-04-14,PATCH PANEL 24 PUERTOS,UND,831350.0
05-04-15,GABINETE CON RACK 19,UND,483275.0
05-04-16,PATCH CORD 3 PIES,UND,9040.0
05-04-18,CANALETA PLASTICA C/DIV6X4X240CM,ML,24050.0
05-04-19,CANALETA METALICA C/DIV 10x4x240 CMS,UND,72207.0
05-04-20,TROQUEL PARA DATOS,UND,12509.0
05-04-24,"GABINETE CON RACK 19""X43"" ALT.CERRADO""",UND,807170.0
05-04-26,CANALETA PLASTICA 100X45X200 TA23/3P1,UND,72668.0
05-04-27,CODO 10X4.5 CM TA23/3P1,UND,24415.0
05-04-28,DERIVACION EN T 10X4.5 CM,UND,29512.0
05-04-29,CANALETA DE PISO 3CEP/13CA,UND,37124.0
05-04-30,DUCTO PORTACABLE METALICO 20X7.5X100CM,UND,74532.0
05-04-31,CODO PARA DUCTO METALICO 20 X 7.5 CM,UND,71224.0
05-04-32,"CORAZA PLASTICA HUVEL 1 1/2""",UND,35027.0
05-04-33,FACEPLATE RJ45-2 PUERTOS+VENT.IDENTIF,UND,27585.0
05-04-34,FACEPLATE RJ45-4 PUERTOS+VENT.IDENTIF,UND,31085.0
05-04-35,FACEPLATE RJ45-1 PUERTO+VENT.IDENTIF,UND,25585.0
05-04-36,PUNTO CABLE UTP CAT 6A VOZ-DATOS,PTO,86221.0
05-04-37,PATCH PANEL 24 PUERTOS CAT-6A,UND,173463.0
05-04-39,PATCH PANEL 48 PUERTOS CAT-6A AMP,UND,1671600.0
05-04-40,PATCH PANEL 24 PUERTOS CAT-6A AMP,UND,852800.0
05-04-41,REUBICACION PUNTO VOZ-DATOS,UND,70521.0
05-04-42,SALIDA GENERAL EMT UTP SIN APARATO,UND,69357.0
05-05-02,ANTENA DE AIRE,UND,148686.0
05-05-03,MASTIL ANTENA X 2 MTS,UND,134109.0
05-05-20,TOMA TELEVISION,UND,18741.0
05-06-08,PARLANTE-CIELO FALSO-TIPO MUSICAR,UND,122157.0
05-06-10,REGILLA CIRCULAR BLANCA TIPO MUSICAR,UND,43366.0
05-09-03,PULSADOR TIMBRE,UND,11410.0
05-09-04,SAL ALARMA COMUNITARIA (C/T),UND,22634.0
05-09-12,SIRENA DE 110 V,UND,57351.0
05-09-13,FUSIBLE PARA SIRENA,UND,7061.0
05-09-14,PANEL DE CONTROL BLOQUEO Y PANTALLA LCD,UND,612772.0
05-09-15,DISCADOR TELEFONICO PARA 8 NUMEROS,UND,299572.0
05-09-16,INTERRUPTOR CON CINTA FOTOLUMINICENTE,UND,11445.0
05-10-05,UPS IMPORTADA 2000 VA,UND,4837880.0
05-10-08,TABLERO MINIGRAMA 12 CTOS,UND,169583.0
05-10-09,MINIBREAKER 1 A 4 AMP RIEL LEGRAND,UND,47204.0
05-10-10,MINIBREAKER 5 A 32 AMP LEGRAND,UND,37633.0
05-10-11,TOMA NARANJA TIERRA AISLADA,UND,26751.0
05-10-12,SAL TOMA 1F (C/T/A/TO:REGULADO P&S),UND,90715.0
05-10-13,SAL TOMA 1F (C/T/A:3#12/TOMA REGULADO),UND,75034.0
05-10-14,MALLA A TIERRA 3 VARILLAS-PERNADA,UND,1190451.0
05-10-15,CABLE TRENZADO 3X12 HL-ZH AWG-REGULADA,ML,6715.0
05-10-16,CABLE TRENZADO 3X12 HLFR AWG-NORMAL,ML,6715.0
05-10-17,TOMA BLANCO NORMAL,UND,28534.0
05-10-18,UPS 10000 VA TRIFASICA,UND,13026700.0
05-12-01,CERTIFICACION PUNTO RED,PTO,7596.0
05-12-02,MARQUILLADO - ROTULADO,UND,3789.0
05-13-01,SWITCHE 48 PUERTO-4X1G-2960X-CISCO 3X3X3,UND,11822733.0
05-13-02,SWITCHE 10/100/16 PUERTOS NETGEAR,UND,458601.0
05-13-03,SWITCHE 10/100/24 PUERTOS TRENDNET,UND,2570456.0
05-13-04,SWITCHE 48 PUERTOS 10/100/1000 POE,UND,8516920.0
05-20-01,DESM.CAMARA VIDEO-PUNTO CCTV-ENERGIA,UND,35855.0
06-02-02,BAJANTE MONOFASICO EN 1/0,JGO,420130.0
06-02-04,BAJANTE MONOFASICO EN 2/0,JGO,545779.0
06-02-07,BAJANTE TRIFASICO EN 1/0,JGO,574837.0
06-02-08,BAJANTE TRIFASICO EN 2/0,JGO,736258.0
06-02-09,TRANSFORMADOR MONOFASICO 15KVA 13200,UND,3644323.0
06-02-10,TRANSFORMADOR MONOFASICO 25KVA 13200,UND,4946394.0
06-02-11,TRANSFORMADOR MONOFASICO 37.5 KVA 13200,UND,5607244.0
06-02-12,TRANSFORMADOR MONOFASICO 50KVA 13200,UND,6809323.0
06-02-13,TRANSFORMADOR MONOFASICO 75KVA 13200,UND,9019154.0
06-02-14,TRANSFORMADOR TRIFASICO 112 KVA 13200 V.,UND,14964154.0
06-02-15,TRANSFORMADOR TRIFASICO 15 KVA 13200 V.,UND,6263805.0
06-02-16,TRANSFORMADOR TRIFASICO 30 KVA 13200 V.,UND,8059323.0
06-02-17,TRANSFORMADOR TRIFASICO 45 KVA 13200 V.,UND,9559323.0
06-02-18,TRANSFORMADOR TRIFASICO 75 KVA 13200 V.,UND,12101693.0
06-02-24,TRANSFORMADOR MONOFASICO 10KVA 13200,UND,3125323.0
06-02-25,IMPUESTOS EPSA 2% INSPECCION TECNICA,UND,102607.0
06-02-30,TRANSFORMADOR TRIFASICO 150 KVA 13200 V.,UND,20631131.0
06-02-34,TRANSFORMADOR MONOFASICO 5KVA 13200,UND,2684332.0
06-02-35,FB-21 CORTACIRCUITOS SISTEMA MONOFASICO,JGO,464218.0
06-02-36,FB-31 CORTACIRCUITOS SISTEMA TRIFASICO,JGO,688870.0
06-02-37,PB-21 PARARRAYOS SISTEMA MONOFASICO,JGO,0.0
06-02-38,PB-31 PARARRAYOS SISTEMA TRIFASICO,JGO,1002592.0
06-02-39,TB-21 CONJUNTO PARA TRAFO MONOFASICO,JGO,1542268.0
06-02-40,TB-31 CONJUNTO PARA TRAFO TRIFASICO,JGO,1927791.0
06-02-41,CONECTOR PERFORACION AMFRAU KZ3-95 TRAFO,UND,16829.0
06-02-46,CERTIFICACION RETIE,UND,1800000.0
06-03-01,CABLE ACSR NUMERO 2,ML,5134.0
06-03-02,CABLE ACSR NUMERO 4,ML,4051.0
06-03-03,CABLE ACSR NUMERO 1/0,ML,6887.0
06-03-04,CABLE ACSR NUMERO 2/0,ML,8514.0
06-03-05,CABLE ACSR NUMERO 4/0,ML,12217.0
06-03-10,CABLE CUADRUPLEX AWG NUMERO 1/0,ML,49174.0
06-03-12,CABLE CUADRUPLEX AWG NUMERO 2/0,ML,56574.0
06-03-17,CABLE TRIPLEX AWG NUMERO 2,ML,25553.0
06-03-18,CABLE TRIPLEX AWG NUMERO 1/0,ML,33873.0
06-03-19,CABLE TRIPLEX AWG NUMERO 2/0,ML,38673.0
06-03-26,CABLE TRIPLEX AWG NUMERO 4/0,ML,45978.0
06-03-27,CABLE ACSR NUMERO 2 ECOLOGICO,ML,10217.0
06-06-07,POSTE CONCRETO 9 X 300 KG,UND,727110.0
06-06-08,POSTE CONCRETO 9 X 510 KG,UND,756778.0
06-06-09,POSTE CONCRETO 9 X 510 KG CON D.I.,UND,761778.0
06-06-10,POSTE CONCRETO 11 X 300 KG,UND,1014094.0
06-06-11,POSTE CONCRETO 11 X 510 KG,UND,1070794.0
06-06-12,POSTE CONCRETO 11 X 510 KG CON D.I.,UND,1075794.0
06-06-13,POSTE CONCRETO 12 X 300 KG,UND,1074806.0
06-06-14,POSTE CONCRETO 12 X 510 KG,UND,1145744.0
06-06-15,POSTE CONCRETO 12 X 510 KG CON D.I.,UND,1150744.0
06-06-16,POSTE CONCRETO 13 X 750 KG,UND,1526156.0
06-06-17,POSTE CONCRETO 13 X 1050 KG,UND,1864536.0
06-06-18,POSTE CONCRETO 13 X 1050 KG CON D.I.,UND,1744692.0
06-06-19,POSTE CONCRETO 14 X 750 KG CON D.I.,UND,1867868.0
06-06-20,POSTE CONCRETO 16 X 1050 KG CON D.I.,UND,3111041.0
06-06-21,POSTE CONCRETO 18 X 1050 KG CON D.I.,UND,6022279.0
06-06-26,POSTE CONCRETO 11 X 1050 KG,UND,1407887.0
06-06-27,POSTE CONCRETO 11 X 1050 KG CON D.I.,UND,1409126.0
06-06-28,POSTE CONCRETO 12 X 1050 KG,UND,1683849.0
06-06-29,TRANSP.POSTE.CONC.12MT.SITIO SIN INCREME,UND,77285.0
06-06-30,TRANSP.POSTE.CONc.18MT.SITIO SIN INCREME,UND,99434.0
06-06-33,"POSTE LAMINA 1/ 8"" X 9 MTS NORMA EPSA""",UND,1732800.0
06-06-34,"POSTE LAMINA 1/ 8"" X 11 MTS NORMA EPSA""",UND,2300683.0
06-06-35,"POSTE LAMINA 1/ 8"" X 12 MTS NORMA EPSA""",UND,2497967.0
06-06-36,"POSTE LAMINA 3/16"" X 9 MTS NORMA EPSA""",UND,1616400.0
06-06-37,"POSTE LAMINA 3/16"" X 11 MTS NORMA EPSA""",UND,2254074.0
06-06-38,"POSTE LAMINA 3/16"" X 12 MTS NORMA EPSA""",UND,2474474.0
06-06-39,ESTUDIO SUELOS MASTIL 18-30 MTS,UND,857119.0
06-06-40,MASTIL DE ACERO DE 20 MTS CON CANASTILLA,UND,13824892.0
06-06-41,MASTIL DE ACERO DE 22 MTS CON CANASTILLA,UND,17933892.0
06-06-42,MASTIL DE ACERO DE 24 MTS CON CANASTILLA,UND,19774892.0
06-06-46,MASTIL DE ACERO DE 18 MTS CON CANASTILLA,UND,12025892.0
06-06-47,MASTIL DE ACERO DE 16 MTS CON CANASTILLA,UND,11181977.0
06-06-50,POSTE EN FIBRA DE VIDRIO 12 X 750 KGF,UND,2506333.0
06-06-51,POSTE EN FIBRA DE VIDRIO 12 X 510 KGF,UND,2496333.0
06-06-52,POSTE EN FIBRA DE VIDRIO 11 X 510 KGF,UND,2100282.0
06-06-53,POSTE EN FIBRA DE VIDRIO 9 X 510 KGF,UND,1606979.0
06-07-01,FOTOCELDA CON BASE,UND,31788.0
06-07-20,SOPORTE PARA REFLECTOR,UND,72797.0
06-07-23,CONJUNTO PARARRAYO TIPO FRANKLIN 5 PTAS,UND,750157.0
06-07-24,SOPORTE PARA DOS REFLECTORES,UND,214450.0
06-07-25,SOPORTE PARA TRES REFLECTORES,UND,255915.0
06-07-26,SOPORTE PARA CUATRO REFLECTORES,UND,310741.0
06-07-28,LUMINARIA 48 LED COMPLETA,UND,2547818.0
06-07-29,LUMINARIA 80 LED COMPLETA,UND,3019928.0
06-07-30,LUMINARIA DECORATIVA 32 LED COMPLETA,UND,2261820.0
06-07-32,LUMINARIA 32 LED COMPLETA,UND,1857618.0
06-07-33,LUMINARIA 16 LED COMPLETA,UND,1257858.0
06-07-34,LUMINARIA 64 LED COMPLETA,UND,2745038.0
06-07-35,LUMINARIA 128 LED COMPLETA,UND,4876328.0
06-07-36,LUMINARIA DECORATIVA 16 LED COMPLETA,UND,1946614.0
06-07-37,LUMINARIA COLONIAL DECORATIVA 16 LED,UND,2056820.0
06-07-38,LUMINARIA COLONIAL DECORATIVA 32 LED,UND,2476890.0
06-07-39,REFLECTOR TIPO INDUSTRIAL 32 LED,UND,1748260.0
06-07-40,REFLECTOR TIPO INDUSTRIAL 48 LED,UND,1961270.0
06-07-41,REFLECTOR TIPO INDUSTRIAL 64 LED,UND,1961270.0
06-07-42,REFLECTOR TIPO INDUSTRIAL 80 LED,UND,2436080.0
06-07-43,REFLECTOR 32 LED,UND,1959033.0
06-07-44,REFLECTOR 48 LED,UND,2184586.0
06-07-45,REFLECTOR 64 LED,UND,2412423.0
06-07-46,REFLECTOR 80 LED,UND,2687313.0
06-07-47,REFLECTOR 128 LED,UND,4750773.0
06-07-48,REFLECTOR 180 LED,UND,5273183.0
06-08-02,"CAJA ELECTRICA 0,3 X 0,3 X 0,5 MT",UND,145642.0
06-08-03,"CAJA ELECTRICA 0,8 X 0,8 X 1 MT",UND,392839.0
06-08-04,CAJA ELECTRICA NORMA EPSA 0.5X0.5X0.8MT,UND,269663.0
06-08-05,CAJA ELECTRICA NORMA EPSA 1.0X1.0X1.0MT,UND,678710.0
06-08-10,EXCAVACION TIERRA A MANO,M3,13692.0
06-08-11,FOSO PARA TRANSFORMADOR 1.50X1.90 MT,UND,1417345.0
06-09-01,B 1A CORRIDO MONOFASICO ANG 0-3,UND,477996.0
06-09-02,B51A CORRIDO TRIFASICO ANG 0- 3,UND,543307.0
06-09-03,B52A CORRIDO TRIFASICO ANG 3-30,UND,934075.0
06-09-04,B56A TERMINAL SENCILLO TRIFASICO,UND,950341.0
06-09-05,B57A CORRIDO TRIFASICO ANG 30-60,UND,1303247.0
06-09-06,B58A CORRIDO ANG 60-90,UND,1821131.0
06-09-07,B61A CORRIDO BANDERA TRIFASICO ANG 0-3,UND,529853.0
06-09-08,B62A CORRIDO BANDERA TRIFASICO ANG 3-30,UND,982253.0
06-09-09,B66A TERMINAL BANDERA SENCILLO TRIFASIC,UND,1013453.0
06-09-10,B 6A TERMINAL MONOFASICO,UND,806343.0
06-09-11,B 7A CORRIDO MONOFASICO ANG 30-60,UND,1036355.0
06-09-12,B 8A CORRIDO MONOFASICO ANG 60-90,UND,1614239.0
06-09-13,BH 1 CORRIDO EN H MONOFASIC ANG 0- 3,UND,486153.0
06-09-14,BH 11 CORRIDO EN H TRIFASICO ANG 0- 3,UND,638925.0
06-09-15,BH 17 CORRIDO EN H TRIFASICO ANG 30-60,UND,1533679.0
06-09-16,BH 26 TERMINAL EN H TRIFASICO SENCILLO,UND,1194067.0
06-09-17,BH 6 TERMINAL EN H MONOFASIC SENCILLO,UND,972753.0
06-09-18,BH 7 CORRIDO EN H MONOFASIC ANG 30-60,UND,1195659.0
06-09-19,BHH17 TERMINAL DOBLEEN H DOBLE,UND,1816114.0
06-09-20,BHH26 TERMINAL SENCILLO EN H DOBLE,UND,1476502.0
06-09-23,MP - 01MALLA DE PROTECCION,UND,3436722.0
06-09-29,V22RETENIDA CENTRADA A POSTE AUXILIAR,UND,354909.0
06-09-30,V42RETENIDA PARA BANDERA A POSTE AUX,UND,328589.0
06-09-31,VP2 RETENIDA A POSTE PIE DE AMIGO,UND,1149142.0
06-09-32,VR2 RETENIDA A RIEL CONCRETADO,UND,345432.0
06-09-33,B26A TERMINAL BANDERA MONOFASICO BANDAS,UND,874766.0
06-09-34,B21A CORRIDO MONOFASICO BANDERA BANDAS,UND,485220.0
06-09-36,B67A CORRIDO BANDERA TRIFASICO ANG 3-60,UND,1393958.0
06-09-37,B27A CORRIDO BANDERA MONOFASICO ANG 3-60,UND,1112592.0
06-09-38,AMORTIGUADOR DE LINEA,UND,38105.0
06-10-02,S11 CORRIDO 1 PUESTO ANG 0-3 (SEC),UND,71191.0
06-10-04,S12 CORRIDO 2 PUESTOS ANG 0-3 (SEC),UND,123366.0
06-10-12,S21 CORRIDO 1 PUESTO ANG 3-60 (SEC),UND,71191.0
06-10-14,S22 CORRIDO 2 PUESTOS ANG 3-60 (SEC),UND,108973.0
06-10-22,S31 TERMINAL SENCILLO 1 PUESTO (SEC),UND,71191.0
06-10-24,S32 TERMINAL SENCILLO 2 PUESTOS (SEC),UND,108973.0
06-10-32,S41 TERMINAL DOBLE 1 PUESTO (SEC),UND,92151.0
06-10-34,S42 TERMINAL DOBLE 2 PUESTOS (SEC),UND,134915.0
06-10-52,SAR31A TERMINAL CON GRAPA DE RETENCION,UND,96691.0
06-10-53,SAR41A DOBLE TERMINAL GRAPA DE RETENC,UND,186438.0
06-10-54,T1 CON D.I. TIERRA CON DUCTO INTERNO,UND,442267.0
06-10-55,T1 SIN D.I. TIERRA SIN DUCTO INTERNO,UND,487647.0
06-10-56,V01RETENIDA A TIERRA - SECUNDARIO,UND,177031.0
06-10-57,V11RETENIDA A POSTE AUX - SECUNDARIO,UND,271826.0
06-10-58,VP1 RETENIDA A POSTE PIE DE AMIGO,UND,696968.0
06-10-59,VR1 RETENIDA A RIEL CONCRETADO,UND,0.0
06-10-60,BS 51 CORRIDO SENCILLO ANG (0-3),UND,490433.0
06-10-61,BS 52 CORRIDO ANG ( 3-30),UND,869348.0
06-10-62,BS 56 TERMINAL,UND,787748.0
06-10-63,BS 57 CORRIDO ANG (30-60),UND,1045520.0
06-10-64,BS 58 CORRIDO ANG (60-90),UND,1610608.0
06-10-65,BSH 11 CORRIDO EN H (0-3),UND,558439.0
06-10-66,BSH 17 DOBLE TERMINAL EN H,UND,1328942.0
06-10-67,BSH 26 TERMINAL EN H,UND,1006434.0
06-10-68,BSHH17 DOBLE TERMINAL EN DOBLE H,UND,1523681.0
06-10-69,BSHH26 TERMINAL EN DOBLE H,UND,1310717.0
06-10-70,CONECTOR TIPO CUNA,UND,24618.0
06-10-71,SAX2 CONJUNTO VANO FLOJO,UND,117518.0
06-10-72,SAX CRUCE AEREO SECUNDARIO,UND,117518.0
06-10-81,CAJA DERIVACION P/ACOMETIDA 4 USUARIOS,UND,434599.0
06-10-82,CAJA DERIVACION P/ACOMETIDA AMP 9 USUARI,UND,587994.0
06-10-83,CONECTOR PERFORACION AMFRAU P/ACOMETI,UND,23537.0
06-10-84,LLAVE PARA CAJA DE DISTRIBUCION,UND,58315.0
06-11-01,APERTURA HUECOS POSTES ANCLAS PRIMARIAS,UND,53938.0
06-11-02,APERTURA HUECOS POSTES ANCLAS SECUNDARIA,UND,44136.0
06-11-03,APLOMADA POSTES DE CONCRETO PRIMARIOS,UND,64443.0
06-11-04,APLOMADA POSTES DE CONCRETO SECUNDARIOS,UND,53938.0
06-11-05,APLOMADA POSTES METALICOS PRIMARIOS,UND,77050.0
06-11-06,APLOMADA POSTES METALICOS SECUNDARIOS,UND,64443.0
06-11-07,COLOC.RET/PRIMARIAA PIE DE AMIGO,UND,44426.0
06-11-08,COLOC.RET/PRIMARIAA POSTE AUXILIAR,UND,83109.0
06-11-09,COLOC.RET/PRIMARIAA RIEL,UND,140827.0
06-11-10,COLOC.RET/PRIMARIAA TIERRA,UND,48174.0
06-11-11,COLOC.RET/SECUNDARIA A POSTE AUXIL,UND,67350.0
06-11-12,COLOC.RET/SECUNDARIA A RIEL,UND,140827.0
06-11-13,COLOC.RET/SECUNDARIA A TIERRA,UND,48174.0
06-11-14,COLOC.RET/SECUNDARIA PIE DE AMIGO,UND,36948.0
06-11-15,CONCRETADA DE POSTES PRIMARIOS,UND,60012.0
06-11-16,CONCRETADA DE POSTES SECUNDARIOS,UND,60012.0
06-11-17,INSTALACION CABLE ENTORCHADO 3 HILOS,ML,2452.0
06-11-18,INSTALACION CABLE ENTORCHADO 4 HILOS,ML,0.0
06-11-19,INSTALACION CABLE PRIMARIO #2 A #2/0,ML,1402.0
06-11-20,INSTALACION CABLE PRIMARIO #3/0 A #4/0,ML,1507.0
06-11-21,INSTALACION CABLE SECUNDARIO #3/0 A #4/0,ML,981.0
06-11-22,INSTALACION CABLE SECUNDARIO #4 A #2/0,ML,876.0
06-11-23,INSTALACION CORTACIRCUITOS O PARARRAYOS,UND,64443.0
06-11-24,INSTALACION ATERRIZAJES SECUNDARIOS,UND,64443.0
06-11-25,INSTALACION SUBESTACION MONOFASICA,UND,260704.0
06-11-26,INSTALACION SUBESTACION TRIFASICA,UND,279539.0
06-11-27,INSTALACION LUMINARIAS TIPO HORIZONTAL,UND,0.0
06-11-28,INSTALACION TRAFO 10 A 50 KVA,UND,198041.0
06-11-29,INSTALACION TRAFO 75 A 112.5 KVA,UND,256560.0
06-11-30,VESTIDA CONJUNTO 1 O 2 PERCHAS,UND,31875.0
06-11-31,VESTIDA CONJUNTO 3 O MAS PERCHAS,UND,44482.0
06-11-32,VESTIDA CONJUNTO ANGULO 60-90,UND,196146.0
06-11-33,VESTIDA CONJUNTO CORRIDO 30 - 60,UND,152011.0
06-11-34,VESTIDA CONJUNTO CORRIDO ANGULO 3 - 30,UND,129591.0
06-11-35,VESTIDA CONJUNTO CORRIDO BANDERA,UND,129591.0
06-11-36,VESTIDA CONJUNTO CORRIDO BANDERA 3 - 30,UND,0.0
06-11-37,VESTIDA CONJUNTO CORRIDO EN H,UND,108579.0
06-11-38,VESTIDA CONJUNTO CORRIDO SENCILLO,UND,104377.0
06-11-39,VESTIDA CONJUNTO DOBLE TERM DOBL H (2L),UND,230534.0
06-11-40,VESTIDA CONJUNTO DOBLE TERM DOBLE H (3F),UND,266330.0
06-11-41,VESTIDA CONJUNTO DOBLE TERM EN H (2L),UND,193438.0
06-11-42,VESTIDA CONJUNTO DOBLE TERMINAL EN H(3F),UND,246683.0
06-11-43,VESTIDA MANO OBRA CONJUNTO TERMINAL,UND,119193.0
06-11-44,VESTIDA CONJUNTO TERMINAL BANDERA,UND,206706.0
06-11-45,VESTIDA CONJUNTO TERMINAL DOBLE H (2L),UND,0.0
06-11-46,VESTIDA CONJUNTO TERMINAL EN DOB H (3F),UND,189214.0
06-11-47,VESTIDA CONJUNTO TERMINAL EN H,UND,206706.0
06-11-49,INSTALACION CAJA DE DERIVACION,UND,53170.0
06-11-50,INSTALACION CONTADOR DE ENERGIA,UND,17658.0
06-11-51,INSTALACION DE REFLECTOR,UND,50114.0
06-11-52,INSTALACION DE ACOMETIDA DOMICILIARIA,UND,5413.0
06-12-01,DESCONEXION DE ATERRIZAJES SECUNDARIOS,UND,29102.0
06-12-02,DESCONEXION DE SUBESTACION,UND,268656.0
06-12-03,DESCONEXION RED PRIMARIA MONOFASICA,ML,1928.0
06-12-04,DESCONEXION RED PRIMARIA TRIFASICA,ML,2383.0
06-12-05,DESCONEXION RED SECUNDARIA 1 O 2 HILOS,ML,1542.0
06-12-06,DESCONEXION RED SECUNDARIA 3 O MAS HILOS,ML,2383.0
06-12-07,DESMONTE CONJUNTO PRIMARIO EN H,UND,70196.0
06-12-08,DESMONTE CONJUNTO PRIMARIO SENCILLO,UND,53101.0
06-12-09,DESMONTE CONJUNTO SECUNDARIO 1 O 2 PERCH,UND,33140.0
06-12-10,DESMONTE CONJUNTO SECUNDARIO 3 O + PERCH,UND,42595.0
06-12-11,DESMONTE DE LUMINARIAS,UND,29102.0
06-12-12,DESMONTE POSTE CONCRETO,UND,90728.0
06-12-13,DESMONTE POSTE METALICO,UND,75734.0
06-12-14,DESMONTE RETENIDA A PIE DE AMIGO,UND,42595.0
06-12-15,DESMONTE RETENIDA A TIERRA,UND,44136.0
06-12-16,DESMONTE RETENIDA A POSTE AUXILIAR,UND,59119.0
06-12-17,RETIRO TRANSFORMADOR DE POTENCIAL,UND,52572.0
06-12-18,DESCONEXION DE CONTADOR DE ENERGIA,UND,14506.0
06-12-19,DESMONTE DE REFLECTOR,UND,39608.0
06-12-23,DESCONEXION CORTACIRCUITOS O PARARRAYOS,UND,55730.0
06-12-24,DESCONEXION DE CAJA PARA ACOMETIDA,UND,21652.0
06-12-25,DEECONEXION DE ACOMETIDA DOMICILIARIA,UND,3312.0
06-12-26,RETIRO CABLE ASCR,ML,7885.0
06-12-27,RETIRO DE POSTE,UND,278231.0
06-12-28,RETIRO DE TRANSFORMADOR EN MT,UND,538710.0
06-12-29,RETIRO/DESVESTIDA POSTE EN H,UND,173589.0
06-13-02,CABLE DE CONTROL 7X12,ML,14827.0
06-13-03,CONTADOR 2F-TRIFILAR 120/240V M.DIRECTA,UND,454010.0
06-13-04,CONTADOR 1F-BIFILAR 120V M.DIRECTA,UND,256240.0
06-13-05,CONTADOR 3F-TRIFASICO 120/208V M.DIRECTA,UND,554780.0
06-13-08,CONTADOR ELECTRONICOM.INDIRECTA,UND,3867860.0
06-13-11,"TRANSFORMADOR DE CTE 150-300/5 CL 0,5",UND,158470.0
06-13-13,"TRANSFORMADOR DE CTE 400-600/5 CL 0,5",UND,191635.0
06-13-18,MURETE PARA CONTADOR Y CAJA CON REJA,UND,508823.0
06-13-19,CAJA CONTADOR 1F POLICARB PORTA BREAKER,UND,102070.0
06-13-20,CAJA CONTADOR 3F POLICARB C/PORTABREAKER,UND,140070.0
06-13-26,CAJA TRANSFORMADORES DE CORRIENTE,UND,196230.0
06-13-38,CAJA CONTADOR TIPO EMCALI 65X50X20 CM,UND,71455.0
06-13-45,"ATERRIZAJE CAJA METALICA TABLERO, CONTAD",UND,231706.0
06-13-47,TRANSFORMADOR DE CTE 800/5 AMP CLASE I,UND,176872.0
06-14-01,B 1L CORRIDO MONOFASICO ANG 0-3,UND,510716.0
06-14-02,B21L CORRIDO MONOFASICO BANDERA,UND,524208.0
06-14-03,B26P TERMINAL BANDERA MONOFASICO,UND,837620.0
06-14-04,B27P CORRIDO BANDERA MONOFASICO ANG 3-60,UND,1149023.0
06-14-05,B51L CORRIDO TRIFASICO ANG 0- 3,UND,628998.0
06-14-06,B52L CORRIDO TRIFASICO ANG 3-30,UND,1292241.0
06-14-07,B56P TERMINAL SENCILLO TRIFASICO,UND,908173.0
06-14-08,B57P CORRIDO TRIFASICO ANG 30-60,UND,1261461.0
06-14-09,B58P CORRIDO ANG 60-90,UND,1977398.0
06-14-10,B61L CORRIDO BANDERA TRIFASICO ANG 0-3,UND,0.0
06-14-11,B62L CORRIDO BANDERA TRIFASICO,UND,1369089.0
06-14-12,B66P TERMINAL BANDERA SENCILLO TRIFASICO,UND,973885.0
06-14-13,B67P CORRIDO BANDERA TRIFASICO,UND,1439851.0
06-14-14,B 6P TERMINAL MONOFASICO,UND,777477.0
06-14-15,B 7P CORRIDO MONOFASICO ANG 30-60,UND,933158.0
06-14-16,B 8P CORRIDO MONOFASICO ANG 60-90,UND,1559267.0
06-14-17,BH 1L CORRIDO EN H MONOFASIC ANG 0- 3,UND,579467.0
06-14-18,BH 11L CORRIDO EN H TRIFASICO ANG 0- 3,UND,692496.0
06-14-19,BH 17P CORRIDO EN H TRIFASICO ANG 30-60,UND,1374846.0
06-14-20,BH 26P TERMINAL EN H TRIFASICO SENCILLO,UND,1017774.0
06-14-21,BH 6P TERMINAL EN H MONOFASIC SENCILLO,UND,861945.0
06-14-22,BH 7P CORRIDO EN H MONOFASIC ANG 30-60,UND,1096491.0
06-14-23,BHH17P TERMINAL DOBLEEN H DOBLE,UND,1647625.0
06-14-24,BHH26P TERMINAL SENCILLO EN H DOBLE,UND,1285759.0
06-14-25,CONJUNTO ARRANQUE TRIFASICO POLIMERICO,UND,376652.0
06-14-26,CONJUNTO B152L,UND,1292271.0
06-14-27,CONJUNTO B151L,UND,602641.0
06-14-28,PUENTE PRIMARIO TRIFASICO,UND,71847.0
06-14-32,C51L CORRIDO TRIFASICO ANG 0- 3? 34.5 KV,UND,954318.0
06-14-33,C52L CORRIDO TRIFASICO ANG 3-20? 34.5 KV,UND,1924154.0
06-14-34,C57P DOBLE TERMINAL 34.5 KV,UND,1413348.0
06-14-35,C56P TERMINAL 34.5 KV,UND,880158.0
06-14-36,C61L CORRIDO SENCILLO BANDERA 0-3? 34.5K,UND,945400.0
06-14-37,C62L CORRIDO BANDERA3-20? 34.5 KV,UND,1950362.0
06-14-38,C66P TERMINAL BANDERA 34.5 KV,UND,945926.0
06-14-39,B2L CORRIDO MONOFASICO ANG 3 - 30?,UND,1025779.0
06-14-40,"C67P CORRIDO BANDERA TRIFASICO 34,5 KV",UND,1681531.0
06-14-41,CONJUNTO ARRANQUE MONOFASICO POLIMERICO,UND,259500.0
06-14-42,PUENTE PRIMARIO MONOFASICO,UND,47197.0
06-14-43,B22L CORRIDO MONOFASICO BANDERA 3 -30?,UND,1047493.0
08-01-01,ACARREO ASFALTO VOLUMEN COMPCTADO,M3K,1663.0
08-01-02,ACARREO MATERIAL PETREO.VOL.COMPACT,M3K,1716.0
08-01-03,CONFORM.COMPACT.SUBRASANTE CBR=95 URBANA,M2,3412.0
08-01-04,EXCAVACION A MAQUINA(CAJEO) [SR],M3,4263.0
08-01-05,EXCAVACION EN CONGLOMERADO( MANUAL),M3,23667.0
08-01-06,BOMBEO,DIA,114701.0
08-01-07,EXCAVACION MANUAL.TIERRA SECA H=1.8M(SR),M3,18058.0
08-01-08,LOCALIZACION-REPLANTEO VIAS URBANAS,ML,3087.0
08-01-09,CARGUE MAT.EXCAV A MAQUINA(SIN TRANSP.),M3,2298.0
08-01-10,RELLENO MATERIAL SITIO COMPACTADO 90% PM,M3,13866.0
08-01-11,LOCALIZACION-REPLANTEO VIAS NO URBANAS,ML,2082.0
08-01-12,CARGUE DE SALDO EN SITIO( MANUAL),M3,6836.0
08-01-13,EXCAVAC-CONFORM.COMP .SUBRASAN (CARGUE),M3,6812.0
08-01-14,EXCAVACION CONGLOMER A MAQUINA (CARGUE),M3,4477.0
08-02-01,BASE COMP.MAT. TRITURAD GRANUL SIN TRAN,M3,75049.0
08-02-03,SUB-BASE.COMP.SELECCI. CANT RODADO ST,M3,50752.0
08-02-06,RELLENO-ROCAMUERTA COMP.MAT.SELECC. ST,M3,24324.0
08-02-07,SUB-BASE COMP.MAT.SELECC. TIPO INV SIN T,M3,70112.0
08-02-08,BASE COMP.MAT. TRITURAD GRANUL NORTE,M3,84099.0
08-02-09,SUB-BASE COMPAC.MAT.SELEC-INV NORTE ST,M3,80073.0
08-03-01,PAV.CONCR MR=36 INC.JUNTA,M3,0.0
08-03-03,PAV.CONCR.MR=38 INC. JUNTA -BAKE,M3,460798.0
08-03-04,"PAV.CONCR.MR=40,INC.JUNTA-BAK",M3,495600.0
08-03-06,TRANSPORTE DE CEMENTO > 10KM,KLK,5.0
08-03-07,TRANSPORTE HIERRO > 10 KM KG/KM,KLK,4.0
08-03-08,PAV.CONCRET PREMEZCLADO MR=38,M3,462221.0
08-03-10,PAV.CONCRET. PREMEZCLADO MR 45,M3,532928.0
08-04-01,CARPETA ASFALTICA[ST],M3,580930.0
08-04-05,IMPRIMACION,M2,2753.0
08-04-06,TRANSPORTE DE EQUIPOMAYOR A 50 KM,T/K,530.0
08-04-08,TRANSPORTE DE EQUIPO 31KM A 50 KM,T/K,940.0
08-04-09,TRANSPORTE DE EQUIPO HASTA 30 KM,GLB,564000.0
08-04-10,RIEGO DE LIGA,M2,1481.0
08-05-02,ANDEN CONCRETO 10CM 3000 PSI,M2,58262.0
08-05-03,CABEZAL-CAJAS ALCANTARILLADO 3000 PSI,M3,0.0
08-05-04,"CAJA INSPECCION 70X70, EXCAV H= 1.0M Y",UND,379553.0
08-05-06,PARED CAMARA INSPECCION TIPO B,ML,363786.0
08-05-10,CUNETAS EN CONCRETO 3000 PSI E=0.15,M3,443600.0
08-05-17,"DESCOLMATACION CUNETAS,ZANJAS,DESCOL(MAN",ML,2030.0
08-05-18,LIMPIEZA ALCANTARILLAS DIAM MENOR 24 PUL,UND,125519.0
08-05-20,REALCE CAMARA DE INSPECCION,UND,309452.0
08-05-21,SARDINEL EN CONCRETO 40X15 TRAPEZOIDAL,ML,38927.0
08-05-22,SARDINEL EN CONCRETO 15X15 MAS HIERRO,ML,18909.0
08-05-28,FILTRO GEODREN(INC EXCAV. RELLEN MAT SIT,ML,45066.0
08-05-29,LOSA CAMARA DE INSPCCI.INCLUY.TAPA,UND,612002.0
08-05-30,NIVELACION DE CAMARA (DESCENSO),UND,130736.0
08-05-31,BATEA EN CONCRETO 3000 PSI,M3,449637.0
08-05-32,SELLO DEJUNTAS PARA LOSA EXISTENTE,ML,4080.0
08-05-33,LIMPIEZA ALCANTARILLAS DIAM MAYOR 24 PUL,UND,63040.0
08-06-02,CONCRETO ASFALTICO- PARCHEO,M3,614175.0
08-06-03,CONFORM.COMPACT.SUBRASANTE CBR=95,M2,2549.0
08-06-04,CONFORMACION DE VIA SIN COMPACTAR,M2,558.0
08-06-09,FRESADO,M3,19087.0
08-06-12,MATERIAL FILTRANTE GRANULAR CANT.RODADO,M3,33022.0
08-06-15,ROCERIA,M2,96.0
08-06-20,SUMINISTRO Y REGADO MATERIAL SELECC.,M3,11075.0
08-06-21,CUNETA EN TIERRA (MANUAL),ML,1950.0
08-07-03,LINEA DE DEMARCACION INCLUYE MICROESFERA,ML,2156.0
08-07-04,SENALIZ VERTIC EN LAMINA REFLECTIV 60,UND,310060.0
08-07-06,SEÑAL VERT CON LAM RETROREF 75X75 CMS,UND,330060.0
08-08-05,BOX COULVERT CONCRETO DE 3000 PSI,M3,698270.0
08-08-06,ESTRIBOS Y ALETAS EN CONCRETO 3000 PSI,M3,658453.0
08-08-08,JUNTA DILATACION DOS LADOS SEGUN DIS,ML,69810.0
08-08-10,ACERO DE REFUERZO 37.000 PSI.,KLS,4887.0
08-08-11,ACERO DE REFUERZO 60.000 PSI.,KLS,5331.0
08-08-12,VIGAS LOSAS Y RIOSTRAS CONC. 4000 PSI.,M3,982241.0
08-08-13,ZARPAS EN CONCRETO DE 3000 PSI.,M3,576895.0
08-09-01,BOLSACRETO 1101-120X240 CONC.1:4:7 1500P,M3,312006.0
08-09-02,BOLSACRETO 1101-120X240 CONC.1:2:3 3100P,M3,412452.0
08-09-03,GAVIONES CALIBRE 12,M3,153239.0
08-09-04,GAVIONES CALIBRE 13,M3,143449.0
08-10-01,DEMOL.ANDEN E=0.10,M2,3740.0
08-10-02,DEMOL.PAVIMENTO CONCRETO E=15CM,M2,9634.0
08-10-03,DEMOL.PAVIMENTO CONCRETO E=20CM,M2,15870.0
08-10-04,DEMOL.ALCANTARILLAS DIAM=20 (INCLUYE CAR,ML,10670.0
08-10-06,DEMOL.CAJAS - CABEZALES (INCLUYE CARGUE),M3,56211.0
08-10-07,DEMOL.PAVIMENTO FLEXIBLE (INCLUYE CARGUE,M3,38781.0
10-01-01,BODEGAJE,MES,130000.0
10-01-02,CAMPAMENTO TABLA9 M2,UND,1300146.0
10-01-03,CAMPAMENTO TABLA 18 M2,UND,2344983.0
10-01-04,CERRAMIENTO ALAMBRE PUAS 5 HILOS,ML,14094.0
10-01-05,CERRAMIENTO ESTERILLA,M2,20305.0
10-01-06,CERRAMIENTO LAMINA GALVANIZADA,M2,43139.0
10-01-07,CERRAMIENTO TABLA RUSTICA H=2MT,ML,49206.0
10-01-08,DESCAPOTE MANUAL MAS RETIRO H= O.20 MTS,M2,4212.0
10-01-09,ESCALERA PROVISIONAL MADERA L=3.5M,UND,204251.0
10-01-10,INSTALACION PROVISIONAL ACUEDUCTO,MES,70000.0
10-01-11,INSTALACION PROVISIONAL ENERGIA,MES,80000.0
10-01-12,LIMPIEZA DESMONTE ASEO,M2,2536.0
10-01-13,LOCALIZACION-REPLANTEO OBRA ARQUITECTON.,M2,3976.0
10-01-14,PUERTA TABLA Y GUADUA INCLUYE CANDADO,UND,120146.0
10-01-15,PASO PEATONAL PROVISIONAL TABLON A=60CM,UND,114341.0
10-01-16,RETIRO PRADO - MALEZA,M2,1342.0
10-01-19,CERRAMIENTO TELA FIB.TEJIDA H=2.10M-BORD,ML,10250.0
10-01-20,CERRAMIENTO VANOS TABLA RUST.H=2.5-3.0MT,ML,65542.0
10-01-21,CERRAMIENTO TABLA RUSTICA,M2,25971.0
10-01-22,PROTECCCION MALLA FIBRA TEJIDA,ML,6077.0
10-01-24,CERRAMIENTO TELA FIB.TEJIDA H=2.10M-SINB,ML,20870.0
10-01-25,CERRAMIENTO PLASTICO MOVIBLE H=200 A=100,DIA,92659.0
10-01-26,PROTECCION PLASTICO GRUESO SUPERFICIES,M2,5145.0
10-02-01,DEMOL.CIMIENTO CONCRETO (CR),M3,89858.0
10-02-02,DEMOL.CIMIENTO CONCRETO (SR),M3,77768.0
10-02-03,DEMOL.COLUMNA CONCRETO,M3,151525.0
10-02-04,DEMOL.COLUMNA CONCRETO AMARRE,ML,6169.0
10-02-05,DEMOL.CONCRETO CICLOPEO,M3,130057.0
10-02-06,DEMOL.ESCALERA,M2,27864.0
10-02-07,DEMOL.LOSA ALIGERADA E<=25CMS,M2,28930.0
10-02-08,DEMOL.LOSA ALIGERADA E>=25CMS,M2,38812.0
10-02-09,DEMOL LOSA MACIZA C. E<=20CMS,M2,29531.0
10-02-10,DEMOL.LOSA MACIZA C. E>=20CMS,M2,48178.0
10-02-11,DEMOL.MURO CONCRETO E=10CM,M2,25633.0
10-02-12,DEMOL.MURO CONCRETO E=15CM,M2,31682.0
10-02-13,DEMOL.MURO CONCRETO E=30CM,M2,63365.0
10-02-14,DEMOL.VIGA AMARRE MURO,ML,6169.0
10-02-15,DEMOL.VIGA CANAL,ML,18688.0
10-02-16,DEMOL.VIGA CONCRETO36C-45CM,ML,8944.0
10-02-17,DEMOL.VIGA CONCRETO <=25C-35CM,ML,8438.0
10-02-18,RETIRO CASETON GUADUA-MADE,M2,8949.0
10-02-19,DEMOL.RECUBRIMIENTO CONCRETO A=20-30CM,ML,20474.0
10-02-20,DEMOL.RECUBRIMIENTO CONCRETO A=31-40CM,ML,21703.0
10-02-21,DEMOL.RECUBRIMIENTO CONCRETO A=41-50CM,ML,26258.0
10-02-22,DEMOL.RECUBRIMIENTO CONCRETO ZAPATA,M2,45223.0
10-02-23,DEMOL.RECUBRIMIENTO CONCRETO A=51-60CM,ML,29103.0
10-02-24,DEMOL.RECUBRIMIENTO CONCRETO,M2,36274.0
10-03-01,ABERTURA VANO PUERTA-VENTANA,M2,7479.0
10-03-02,DEMOL.ALFAGIA CONCRETO-LADRILLO-PIEDRA-X,ML,3916.0
10-03-03,DEMOL.BEBEDERO EXISTENTE,ML,0.0
10-03-04,DEMOL.CALADO,M2,3199.0
10-03-05,DEMOL.ENCHAPE CERAMICO,M2,8227.0
10-03-06,DEMOL.ENCHAPE CERAMICO A<.50M,ML,4115.0
10-03-07,DEMOL.ENCHAPE CRISTANAC,M2,8227.0
10-03-08,DEMOL.GUARDAESCOBA,ML,2269.0
10-03-09,DEMOL.LAVADERO EXISTENTE,UND,36946.0
10-03-10,DEMOL.MACHON LAD.TIZON,ML,4372.0
10-03-11,DEMOL.MESON CONCRETO,ML,18431.0
10-03-12,DEMOL.MESON CONCRETO,M2,0.0
10-03-13,DEMOL.MURO ADOBE,M2,3259.0
10-03-14,DEMOL.MURO LAD. SOGA,M2,5047.0
10-03-15,DEMOL.MURO LAD. SOGA,ML,3041.0
10-03-16,DEMOL.MURO LAD. TIZON E=25-40CM,M2,7452.0
10-03-17,DEMOL.MURO LAD. TIZON E=41-50CM,M2,11142.0
10-03-18,DEMOL.MURO LAD. TIZON E>0.50 MT,M2,16763.0
10-03-19,DEMOL.REPELLO,M2,5902.0
10-03-20,DEMOL.REPELLO H<.50MT,ML,2271.0
10-03-21,DEMOL.REPELLO CIELO,M2,0.0
10-03-22,PICADA ABUZARDADA MURO-SUPERFICIE,M2,7485.0
10-03-23,PICADA ABUZARDADA MURO A<.50M,ML,4564.0
10-03-24,RANURA MURO SOGA COLUMNA A MAQUINA,ML,6431.0
10-03-25,RANURA MURO TIZON COLUMNA A MAQUINA,ML,12963.0
10-03-26,REGATAS SOBRE MUROS,ML,3612.0
10-03-27,DEMOLICION MURO BAHAREQUE,M2,11677.0
10-04-01,DEMOL.ANDEN/CONTRAPISO CONC.E 7.6 A 12CM,M2,4635.0
10-04-02,DEMOL.ANDEN-SARDINEL,M2,6448.0
10-04-04,DEMOL.CIELO FALSO ESTRUCIELO,M2,5849.0
10-04-05,DEMOL.ANDEN/CONTRAPISO CONCRETO E=<7.5CM,M2,2957.0
10-04-06,DEMOL.PLACA CONCRETO E>=17.6 CM,M2,15247.0
10-04-07,DEMOL.PISO ENCHAPE-BALDOSA+MORTERO,M2,6492.0
10-04-08,DEMOL.PISO GRANO PULIDO,M2,4593.0
10-04-09,DEMOL.SARDINEL TRAPEZOIDAL CONCRETO,ML,4187.0
10-04-10,DEMOL.CAJA INSPECCION,UND,13808.0
10-04-11,DESM.CIELO FALSO ALUM-XXX,M2,4494.0
10-04-12,DEMOL.CIELO FALSO ESTERILLA-ADOBE,M2,13238.0
10-04-13,DEMOL.EDIFICACION EXISTENTE,M2,30161.0
10-04-14,DEMOL.CONTRAPISO CONCRETO E=5CM-10CM,ML,2363.0
10-04-15,DEMOL.PLACA CONCRETO E=12.1 A 17.5 CM.,M2,11460.0
10-04-16,DEMOL.SARDINEL CONCRETO 15 X 15 CM.,ML,1950.0
10-04-17,ROTURA PAVIMENTO,M2,9509.0
10-04-18,RETIRO MANTO IMPERM.-BREA-ALQUITRAN-XX,M2,7864.0
10-04-19,DEMOL.CIELO FALSO PANEL+ESTRUCTURA,M2,3824.0
10-05-01,DESM.APARATO SANITARIO,UND,25714.0
10-05-02,DESM.CIELO FALSO MADERA,M2,4553.0
10-05-03,DESM.CORREA METALICA [E],ML,2353.0
10-05-04,DESM.CUBIERTA ACRILICO-POLICARBONATO,M2,5420.0
10-05-05,DESM.CUBIERTA FIBRO CEMENTO,M2,5118.0
10-05-06,DESM.CUBIERTA LAMINA,M2,5118.0
10-05-07,DESM.CUBIERTA TEJA BARRO,M2,11805.0
10-05-09,DESM.ESTRUCTURA MADERA CIELO FALSO,M2,5090.0
10-05-10,DESM.ESTRUCTURA MADERA T.ASBESTO CEMENTO,M2,8375.0
10-05-11,DESM.ESTRUCTURA MADERA T.BARRO,M2,13873.0
10-05-12,DESM.ESTRUCTURA METALICA,M2,7523.0
10-05-13,DESM.LAVADERO PREFABRICAD,UND,20570.0
10-05-14,DESM.MALLA ESLABONADA H=2.0 MT,ML,4699.0
10-05-15,DESM.MARCO + NAVE SENCILLA,UND,18234.0
10-05-17,DESM.NAVE EXISTENTE SENCILLA,UND,3282.0
10-05-18,DESM.REJA,ML,5895.0
10-05-19,DESM.REJA METALICA,M2,12149.0
10-05-20,DESM.VENTANA EXISTENTE,M2,19952.0
10-05-21,DESM.VIDRIO,M2,2722.0
10-05-22,DESM.CORREA-VIGA-COLUMNA MADERA,ML,3230.0
10-05-23,DESM.DIVISION - PISO MADERA,M2,2811.0
10-05-24,DESM.CUBIERTA ZINC + ENTRAMADO,M2,13236.0
10-05-25,DESM.CERRAMIENTO GUADUA-ALAMBRE DE PUAS,ML,3839.0
10-05-27,DESM.CANALES - BAJANTES,ML,3774.0
10-05-28,DESM.VENTANA - LUCETA EXISTENTE,UND,13559.0
10-05-29,DESM.SILLETERIA METALICA- MADERA,UND,4634.0
10-05-30,DESM.ALAMBRE PUAS CERRAMIENTO 3-5 LINEAS,ML,1950.0
10-05-31,DESM.DIVISION PANEL LAMINA YESO-BOARD,M2,8150.0
10-05-32,RETIRO TUBERIA AGUA GALVA.-PVC-HF-AC-XXX,ML,2699.0
10-05-33,DESM.CONCERINA SENCILLA 45-60CM,ML,28675.0
10-05-34,DESM.RETIRO ADOQUIN PREFABRICADO,M2,4411.0
10-05-35,DESM.CERRAMIENTO POSTE CONCRETO-ALAMBRE,ML,9109.0
10-05-36,DESM.ESTRUCTURA METALICA PERFILES-VIGAS,KLS,1803.0
10-05-37,DESM. NAVE METALICA EXISTENTE,M2,9164.0
10-05-38,DESM.MARCO DOBLE + NAVE DOBLE,UND,62753.0
10-05-39,DESM.TUBERIA DESAGUE PVC-HF-XX D=2-4,ML,7874.0
10-05-40,DESM.GRIFERIA-GRIFO-LLAVE,UND,18736.0
10-05-41,DESMONTE MUEBLE BAJO MADERA,ML,10549.0
10-05-42,DESMONTE DUCTO-CANALETA METALICA,ML,6264.0
10-05-43,DESM CIELO FALSO PANEL + ESTRUCTURA,M2,4450.0
10-05-44,DESMONTE ESPEJO,UND,25496.0
10-05-45,DESM.VENTANA PIVOTANTE-GUIA-MARCO,UND,44424.0
10-06-01,EXCAVACION TIERRA A MANO,M3,18058.0
10-06-02,EXCAVACION TIERRA CONGLOMERADO,M3,20983.0
10-06-03,PROTECCION DE TALUDES (Tablestaca),M2,38140.0
10-06-04,RELLENO IMPORTADO BALASTRO ( ST),M3,42008.0
10-06-06,CARGUE MATERIAL A MAQUINA,M3,3949.0
10-06-07,CARGUE MATERIAL MANUAL,M3,5929.0
10-06-08,RETIRO SOBRANTES MAQUINA <=10KM.,M3,16873.0
10-06-09,RIEGO SOBRANTES TIERRA A MANO,M3,7351.0
10-06-10,SUELO CEMENTO RELACION 1:8,M3,56194.0
10-06-11,EXCAVACION TIERRA A MANO BAJO AGUA H=2.0,M3,20615.0
10-06-12,RELLENO ARENA FINA,M3,71246.0
10-06-13,ACARREO MATERIALES CAMPERO-CAMIONETA,M3K,9122.0
10-06-14,ACARREO MATERIALES TRACCION ANIMAL,C/K,6232.0
10-06-15,RELLENO ARENA MEDIANA (ST),M3,64555.0
10-06-16,RELLENO GRAVA TRITURA-POLVILLO COMPACTAD,M3,86832.0
10-06-17,RELLENO GRAVA TRITURA-POLVILLO [S.COM],M3,59598.0
10-06-18,RELLENO MATERIAL SITIO COMPACTADO-RANA,M3,13003.0
10-06-19,RELLENO ROCAMUERTA COMPACT-RANA,M3,25398.0
10-06-20,RELLENO ROCAMUERTA COMPACT-SALTARIN,M3,26849.0
10-06-21,RELLENO TIERRA-NIVELACION,M3,22555.0
10-06-22,RETIRO DE SALDOS EN SITIO,M3,7156.0
10-06-23,ACARREO PETREOS-VARIOS HASTA 100M,M3,6794.0
10-06-24,ACARREO MATERIALES-ESCOMBROS 10 PERS,HC,116548.0
10-06-25,TRANSPORTE CAMION URBANO 1.0-5.0 TON,VJE,499660.0
10-06-28,RETIRO ACARREO MATERIAL VOLQUETA KILOM,M3K,1716.0
10-07-01,"DESM.PIEZA MADERA ROLLIZA 4""-5""",ML,3824.0
10-07-02,"DESM.PIEZA MADERA ROLLIZA 5,1/4""-6""",ML,7409.0
10-07-03,"DESM.PIEZA MADERA CORTADA 4""-5""",ML,7409.0
10-07-04,"DESM.PIEZA MADERA CORTADA 5,1/4""-6""",ML,8604.0
10-08-01,DESMONTE DIVISION PANEL H=70 A 160CM,ML,12702.0
10-08-02,DESMONTE DIVISION PANEL H=161 A 200CM,ML,14866.0
10-08-03,DESMONTE DIVISION PANEL H=201 A 260CM,ML,19570.0
10-08-04,DESMONTE SUPERFICIE A=20-50CM L=150,UND,4049.0
10-08-05,DESMONTE SUPERFICIE A=51-90CM L=151-250,UND,5318.0
10-08-06,DESMONTE CAJONERA,UND,5318.0
10-08-07,DESMONTE ARCHIVADOR COLGANTE,UND,5318.0
11-01-01,CAJA INSPECCION 40x 40 CM [CONCRETO],UND,162814.0
11-01-02,CAJA INSPECCION 40x 40 CM [LADRILLO],UND,108914.0
11-01-03,CAJA INSPECCION 50x 50 CM [CONCRETO],UND,231318.0
11-01-04,CAJA INSPECCION 50x 50 CM[LADRILLO],UND,149922.0
11-01-05,CAJA INSPECCION 60x 60 CM[CONCRETO],UND,301984.0
11-01-06,CAJA INSPECCION 60x 60 CM[LADRILLO],UND,204092.0
11-01-07,CAJA INSPECCION 80x 80 CM[CONCRETO],UND,361353.0
11-01-08,CAJA INSPECCION 80x 80 CM[LADRILLO],UND,275367.0
11-01-09,CAJA INSPECCION 100x100 CM [LADRILLO],UND,408787.0
11-01-10,CAJA INSPECCION 100X100 CM [CONCRETO],UND,447278.0
11-01-11,CAJA INSPECCION 110x110 CM [CONCRETO],UND,566664.0
11-01-12,CAJA INSPECCION 110x110 CM [LADRILLO],UND,451014.0
11-01-13,CAJA INSPECCION 120x120 CM[CONCRETO],UND,701140.0
11-01-14,CAJA INSPECCION 120x120 CM[LADRILLO],UND,670227.0
11-01-15,CAJA INSPECCION 140x140 CM[CONCRETO],UND,895720.0
11-01-16,CAJA INSPECCION 140x140 CM[LADRILLO],UND,866796.0
11-01-17,CAJA INSPECCION 175x 80 CM DOM[CONCRETO],UND,876834.0
11-02-01,CAJA DE PASO CONCRETO 5O X5O CM,UND,135746.0
11-02-02,CAJA DE PASO CONCRETO 70 X70 CM,UND,181412.0
11-02-03,CAJA DE PASO CONCRETO 80 X80 CM,UND,233388.0
11-03-01,TUB.PVC 2SANI.,ML,13471.0
11-03-02,TUB.PVC 3SANI.,ML,16059.0
11-03-03,TUB.PVC 4SANI.,ML,27906.0
11-03-04,TUB.PVC 4-110MM,ML,16597.0
11-03-05,TUB.PVC 6SANI.,ML,42713.0
11-03-06,TUB.PVC 6-160MM,ML,40913.0
11-03-07,TUB.PVC 8SANI.,ML,62178.0
11-03-08,TUB.PVC 8SANI.NOVAFO,ML,48666.0
11-03-09,TUB.PVC 8SANI.[WR],ML,48859.0
11-03-10,"TUB.PVC 18"" SANI NOVAFORT""",ML,149324.0
11-03-11,TUB.PVC 10SANI.NOVAFO,ML,56753.0
11-03-12,"TUBERIA PVC 10""SANITARIA (WR)""",ML,111690.0
11-03-13,"TUBERIA PVC 12""SANITARIA NOVAFORT""",ML,116106.0
11-03-14,"TUBERIA PVC 16""SANITARIA NOVAFORT""",ML,140875.0
11-05-02,"TUB.PVC 2,1/2 DREN.CF",ML,23185.0
11-05-03,"TUB.PVC 2,1/2 DREN.SF",ML,17239.0
11-05-06,TUB.PVC 100 CORRUGADA CON FILTRO,ML,32465.0
11-05-07,TUB.PVC 4DREN.NOVAF,ML,32469.0
11-05-08,TUB.PVC 4DREN.SF,ML,21456.0
11-05-09,TUB.PVC 160 CORRUGADA CON FILTRO,ML,21021.0
11-05-10,TUB.PVC 6DREN.SF NOVAFOR,ML,45086.0
11-05-11,TUB.PVC 8DREN.CF NOVAFOR,ML,159387.0
11-05-12,TUB.PVC 8DREN.SF NOVAF,ML,62918.0
11-06-01,"TAPON PVC LIMPIEZA 6""",UND,28900.0
11-06-02,"UNION NOVAFORT 11O MM [ 4""]""",UND,17855.0
11-06-03,"UNION NOVAFORT 160 MM [ 6""]""",UND,35304.0
11-06-04,TAPON 65 MM TUB CORRUG DRENAJE,UND,4042.0
11-06-05,TAPON 100 MM TUBO CORRUG DRENAJE,UND,8948.0
11-06-06,TAPON 160 MM TUBO CORRUG DRENAJE,UND,12061.0
11-06-07,TAPON 200 MM TUBO CORRUG DRENAJE,UND,16598.0
11-06-08,CODO 90 X 65MM TUB CORRUG DRENAJE,UND,8943.0
11-06-09,HIDROSELLO NOVAFORT 110 MM,UND,2240.0
11-06-10,HIDROSELLO NOVAFORT 160 MM,UND,4797.0
11-06-11,HIDROSELLO NOVAFORT 200 MM,UND,8631.0
11-06-12,HIDROSELLO NOVAFORT 250 MM,UND,15305.0
11-06-13,HIDROSELLO NOVAFORT 315 MM,UND,31766.0
11-06-14,UNION NOVAFORT 110 MM,UND,9863.0
11-06-15,UNION NOVAFORT 160 MM,UND,27312.0
11-06-16,UNION NOVAFORT 200 MM,UND,32248.0
11-06-17,UNION NOVAFORT 250 MM,UND,88299.0
11-06-18,UNION NOVAFORT 315 MM,UND,143235.0
11-06-19,UNION NOVAFORT 400 MM,UND,263760.0
11-06-21,"ADAPTADOR 4""-110 MM NOVAFORT""",UND,12573.0
11-06-22,"ADAPTADOR 6""-160 MM NOVAFORT""",UND,28581.0
11-06-23,"ADAPTADOR 8""-200 MM NOVAFORT""",UND,43706.0
11-06-24,TEE 160x160MM NOVAFORT,UND,43706.0
11-06-25,TEE 200x160MM NOVAFORT,UND,109059.0
11-06-26,YEE 160X160MM NOVAFORT,UND,58568.0
11-06-27,YEE 200X160MM NOVAFORT,UND,112049.0
11-06-28,CODO 90X110MM NOVAFORT,UND,29500.0
11-06-29,CODO 90X160MM NOVAFORT,UND,64492.0
11-06-30,CODO 45x110MM NOVAFORT,UND,14831.0
11-06-31,CODO 45x160MM NOVAFORT,UND,34530.0
11-06-32,"UNION PVC NOVALOC 24"" ASTM""",UND,178594.0
11-06-33,"UNION PVC NOVALOC 27""",UND,221031.0
11-06-35,"UNION PVC NOVALOC 33""",UND,323799.0
11-06-36,HIDROSELLO NOVAFORT 400 MM,UND,64692.0
11-06-37,HIDROSELLO NOVAFORT 450 MM,UND,93512.0
11-06-38,HIDROSELLO NOVAFORT 500 MM,UND,105002.0
11-06-39,SILLA TEE NOVAF 400X110MM,UND,152866.0
11-06-40,SILLA TEE NOVAF 400X160MM,UND,158567.0
11-06-41,SILLA TEE NOVAF 450X160MM,UND,181718.0
11-06-42,SILLA TEE NOVAF 500X160MM,UND,282706.0
11-06-43,SILLA TEE NOVAF 250X160MM (KIT),UND,108957.0
11-06-44,"SILLA TEE NOVAF 6""X12""",UND,246276.0
11-06-45,"SILLA TEE NOVAF 6""X8""",UND,95742.0
11-06-46,SILLA YEE NOVAF 400X110MM,UND,214924.0
11-06-47,SILLA YEE NOVAF 400X160MM,UND,219281.0
11-06-48,SILLA YEE NOVAF 450X160MM,UND,230657.0
11-06-49,SILLA YEE NOVAF 500X160MM,UND,335491.0
11-06-50,"SILLA YEE NOVAF 6""X12""",UND,140851.0
11-06-51,"SILLA YEE NOVAFORT DIAMETRO DE 6"" A 8""",ML,96377.0
11-06-52,"SILLA YEE NOVAFORT DIAMETRO DE 6"" A 10""",UND,108941.0
11-06-53,"SILLA YEE RIB LOC 10"" X 6""",UND,57826.0
11-06-54,"SILLA YEE RIB LOC 12"" X 6""",UND,74150.0
11-06-55,"SILLA YEE RIB LOC 14"" X 6""",UND,95087.0
11-06-56,"SILLA YEE RIB LOC 6"" X 4""",UND,31918.0
11-06-57,"SILLA YEE RIB LOC 6"" X 6""",UND,33396.0
11-06-58,"SILLA YEE RIB LOC 8"" X 6""",UND,53559.0
11-06-61,UNION NOVAFORT 500 MM,UND,320264.0
11-09-02,COLCHON GRAVA-ARENA TUBER. INCLUYE ACARR,ML,12034.0
11-09-03,GEOTEXTIL NO TEJIDO,M2,4548.0
11-09-04,GEOTEXTIL TEJIDO,M2,4542.0
11-09-06,COLCHON ARENA GRUESA E=5-7CM,M3,71119.0
11-10-01,TAPA CAJA MARCO ANGULO 51X51 - 60X60,UND,118055.0
11-10-02,TAPA CAJA MARCO ANGULO 40X40 - 50X50,UND,94928.0
11-10-03,TAPA CAJA MARCO ANGULO 61X61 - 70X70,UND,138075.0
11-10-04,TAPA CAJA MARCO ANGULO 71X71 - 80X80,UND,158719.0
11-10-05,TAPA CAJA MARCO ANGULO 81X81-90X90,UND,216960.0
11-10-06,TAPA CAJA MARCO ANGULO 91X91-100X100,UND,264754.0
12-01-01,ACERO REFUERZO FLEJADO 60000 PSI 420Mpa,KLS,5334.0
12-01-02,ACERO REFUERZO FLEJADO 37000 PSI 280Mpa,KLS,4888.0
12-01-03,FLEJADO HIERRO60000 PSI 420 Mpa,KLS,693.0
12-01-04,FLEJADO HIERRO40000 PSI 280 Mpa,KLS,542.0
12-02-01,CONCRETO CICLOPEO 3000 PSI RELAC.60C/40P,M3,333631.0
12-02-02,LOSA MACIZA CIMIENTO H=10 CM,M2,62593.0
12-02-03,LOSA MACIZA CIMIENTO H=15 CM,M2,81893.0
12-02-04,LOSA MACIZA CIMIENTO H=20 CM,M2,101296.0
12-02-05,MURO CONCRETO CONTENCION 0<H<=1.00MTS,M3,580150.0
12-02-06,MURO CONCRETO CONTENCION 0<H<=2.00MTS,M3,593513.0
12-02-08,PILOTE CONCRETO REFORZADO 40CM X 40CM,ML,72390.0
12-02-10,SOLADO ESPESOR E=0.05M 3000 PSI 210 MPA,M2,24381.0
12-02-11,SOLADO ESPESOR E=0.07M 3000 PSI 210 MPA,M2,31247.0
12-02-12,ZAPATA CONCRETO 3000 PSI 210 MPA,M3,402802.0
12-02-13,ZAPATA CONCRETO 3000 PSI INC. FORMALETA,M3,427973.0
12-02-16,MURO CONTENCION CONCRETO CICLOPEO H<1.5M,M3,518014.0
12-02-17,"MURO CONCRETO CONTENCION 0<H<=3,5 MTS",M3,0.0
12-02-19,LOSA FLOTANTE CASETON-VIGAS H=41-45,M2,138965.0
12-02-20,PILOTE CONCRETO REFORZADO,M3,570996.0
12-02-21,CONCRETO CICLOPEO 1500 PSI RELAC.60C/40P,M3,254530.0
12-02-22,SOLADO ESPESOR E=0.07M 2000PSI 14MPA,M2,23848.0
12-02-23,CONCRETO CICLOPEO 2000 PSI RELAC 60C/40P,M3,270182.0
12-02-25,ZAPATA CONCRETO 4000 PSI 21.0 MPA FORM,M3,498861.0
12-02-26,MURO CONTENCION 0 H 3.5MTS 4000PSI,M3,663690.0
12-03-01,VIGA CIMIENTO ENLACE H=20-40CM 3100PSI,M3,638478.0
12-03-02,VIGA CIMIENTO ENLACE H=51-60CM 3100PSI,M3,689740.0
12-03-03,VIGA CIMIENTO ENLACE H=41-50CM 3100 PSI,M3,657169.0
12-03-04,VIGA CIMIENTO T INVERT.B=4060 H=4060CM,M3,661191.0
12-03-05,VIGA CIMIENTO ENLACE 4000 PSI 28.0MPA,M3,755354.0
12-03-06,VIGA CIMIENTO ENLACE H=20-40CM 4000PSI,M3,708411.0
12-04-01,PEDESTAL CONCRETO 3100 PSI 21.0 MPA,M3,480427.0
12-04-02,PEDESTAL CONCRETO 4000 PSI 28 MPA,M3,926810.0
12-05-02,ADICION PREMEZCLADO 4000 PSI 28.0MPA,M3,80000.0
12-05-03,BOMBEO CONCRETO A MAQUINA,M3,40500.0
13-01-02,ACERO REFUERZO FLEJADO 60000 PSI 420Mpa,KLS,5334.0
13-01-03,FLEJADO HIERRO 40000 PSI 280 Mpa,KLS,542.0
13-01-04,FLEJADO HIERRO 60000 PSI 420 Mpa,KLS,693.0
13-01-05,MALLA ELECTROSOLDADA H-0.50(25X35CM),KLS,6875.0
13-01-06,MALLA ELECTROSOLDADA M-0.84,KLS,6875.0
13-01-07,MALLA ELECTROSOLDADA E-0.50(25X25CM),KLS,6875.0
13-01-08,MALLA ELECTROSOLDADA U-84,KLS,6875.0
13-01-09,ACERO REFUERZO FLEJADO 37000 PSI 240Mpa,KLS,4888.0
13-01-10,"ESCALERILLA HIERRO GRAFILADO 1/4""",ML,2478.0
13-01-11,MALLA ELECTROSOLDADA,KLS,6875.0
13-02-01,COLUMNA AMARRE MURO,ML,39115.0
13-02-02,COLUMNA AMARRE MURO CULATA E=15CM-20CM,ML,41175.0
13-02-04,COLUMNA CONCRETO 3000 PSI,M3,931677.0
13-02-05,COLUMNA CONCRETO 3500 PSI,M3,946781.0
13-02-06,COLUMNA CONCRETO 4000 PSI,M3,973901.0
13-02-07,COLUMNA CONCRETO 3000 PSI CIRCULAR D=35C,M3,735030.0
13-02-09,"COLUMNA AMARRE MURO EN "" L """,ML,61308.0
13-02-10,"COLUMNA AMARRE MURO EN "" T """,ML,73605.0
13-02-12,CINTA CONFINAMIENTO MURO,ML,25043.0
13-02-13,COLUMNA CONCRETO FLUIDO 4000 PSI-28MPA,M3,1046268.0
13-04-01,DESCOLGADO CONCRETO 15 CMS,ML,51317.0
13-04-03,VIGA CONCR.AMARRE MURO10-12x20CM,ML,32115.0
13-04-06,DESCOLGADO CONCRETO 45 CMS,ML,77465.0
13-04-08,PERGOLA CONCRETO 15CM X 40CM,ML,66769.0
13-04-11,VIGA CANAL AEREA CONCRETO 3000 PSI,M3,917520.0
13-04-13,VIGA CONCRETO AEREA 3000 PSI,M3,859254.0
13-04-17,VIGA CONCR.AMARRE MURO CULATA 10-12x20CM,ML,32225.0
13-04-18,VIGA CONCRETO AMARRE MURO 10-12x20CM,M3,960647.0
13-04-19,VIGA CANAL CONCRETO PISO 3000 PSI,M3,809974.0
13-04-21,VIGA CONCRETO AMARRE LOSA 3000 PSI,M3,420740.0
13-04-22,VIGA CONCRETO AEREA 4000 PSI 28.0MPA,M3,925754.0
13-05-01,LOSA PREFABRICADA H=10CM 492,M2,90779.0
13-05-02,PLACA EN SUPERBOARD 20MM,M2,70467.0
13-06-01,CASETON ESTERILLA H=30CM,M2,26254.0
13-06-02,CASETON ESTERILLA H=35CM,M2,32567.0
13-06-03,CASETON ESTERILLA H=40CM,M2,32584.0
13-06-04,CASETON ESTERILLA H=25CM,M2,25259.0
13-06-05,LOSA BLOQUE PREFAB.E=20CM,M2,109104.0
13-06-06,LOSA BLOQUE PREFAB.E=32CM,M2,126607.0
13-06-07,LOSA BLOQUE PREFAB.E=37CM,M2,146656.0
13-06-09,LOSA CASETON ESTERILLA E=46-50CM [TORTA],M2,156155.0
13-06-10,LOSA CASETON ESTERILLA E=31-35CM [TORTA],M2,132660.0
13-06-11,LOSA CASETON ESTERILLA E=31-35CM,M2,117559.0
13-06-12,LOSA CASETON ESTERILLA E=36-40CM [TORTA],M2,154871.0
13-06-13,LOSA CASETON ESTERILLA E=36-40CM,M2,139262.0
13-06-14,LOSA CASETON ESTERILLA E=41-45CM [TORTA],M2,155913.0
13-06-15,LOSA CASETON ESTERILLA E=41-45CM,M2,140031.0
13-06-16,LOSA BLOQUE PREFAB. E=25CM,M2,111160.0
13-06-18,LOSA CASETON ESTERILLA E=46-50CM,M2,142115.0
13-06-21,LOSA CASETON ESTERILLA E=56-60CM,M2,143625.0
13-06-22,LOSA CASETON ESTERILLA E=26-30CM [TORTA],M2,129880.0
13-06-23,LOSA CASETON ESTERILLA E=26-30CM,M2,108849.0
13-06-24,LOSA CASETON ESTERILLA E=21-25CM,M2,101808.0
13-06-25,LOSA CASETON ESTERILLA E=21-25CM [TORTA],M2,121868.0
13-06-26,LOSA CASETON ESTERILLA E=56-60CM 4000[T],M2,171161.0
13-06-27,LOSA CASETON ESTERILLA E=56-60CM 4000,M2,157817.0
13-07-01,LOSA CONCRETO MACIZA E= 8CM,M2,72468.0
13-07-02,LOSA CONCRETO MACIZA E=10CM,M2,85724.0
13-07-03,LOSA CONCRETO MACIZA E=12CM,M2,97159.0
13-07-04,LOSA CONCRETO MACIZA E=15CM,M2,119718.0
13-07-05,LOSA CONCRETO MACIZA E=20CM,M2,142362.0
13-07-06,LOSA CONCRETO MACIZA E=25CM,M2,160168.0
13-08-01,"ACERO ESTRUCTURAL A.S.T,M,A-36",KLS,9125.0
13-08-04,"LAMINA METALDECK 2"" CAL.20 COLABORANTE""",M2,43390.0
13-08-05,"LOSA CONCRETO STEEL DECK 2"" E=10.0-11.0C",M2,58708.0
13-08-06,"LOSA CONCRETO STELL DECK 3"" E=12.0-13.0C",M2,59800.0
13-08-07,"LAMINA METLADECK 2"" CAL.22 COLABORANTE""",M2,36090.0
13-08-08,"LAMINA METALDECK 2"" CAL.18 COLABORANTE""",M2,56668.0
13-08-09,"LAMINA METALDECK 2"" CAL.16 COLABORANTE""",M2,70168.0
13-08-10,"LAMINA METALDECK 3"" CAL.22 COLABORANTE""",M2,39606.0
13-08-11,"LAMINA METALDECK 3"" CAL.20 COLABORANTE""",M2,47006.0
13-08-12,"LAMINA METALDECK 3"" CAL.18 COLABORANTE""",M2,63684.0
13-08-13,"LAMINA METALDECK 3"" CAL.16 COLABORANTE""",M2,76384.0
13-08-14,"LOSA CONCRETO STEEL DECK 2"" E=11.1-12.0C",M2,62141.0
13-08-15,"LOSA CONCRETO STELL DECK 2"" E=12.1-13.0C",M2,65574.0
13-08-16,"LOSA CONCRETO STELL DECK 2"" E=13.1-14.0C",M2,69119.0
13-08-17,"LOSA CONCRETO STEEL DECK 2"" E=14.1-15.0C",M2,74209.0
13-08-18,"LOSA CONCRETO STELL DECK 3"" E=13.1-14.0C",M2,66906.0
13-08-19,"LOSA CONCRETO STELL DECK 3"" E=14.1-15.0C",M2,68688.0
13-09-01,PANTALLA EN CONCRETO 3100 PSI E=10-30CMS,M3,683370.0
13-09-05,PANTALLA EN CONCRETO 3500 PSI E=10-30CMS,M3,721214.0
13-09-12,PANTALLA EN CONCRETO 4000 PSI E=10-30CMS,M3,705266.0
13-10-01,"PERFORACION 1""21-30CM""",UND,10597.0
13-10-02,"PERFORACION ,1/2"" 21-30CM""",UND,7970.0
13-10-03,"PERFORACION ,5/8"" 21-30CM""",UND,9906.0
13-10-05,"PERFORACION ,5/8"" 31-40CM""",UND,13063.0
13-10-06,"PERFORACION ,5/8"" 35-40CM""",UND,0.0
13-10-08,"PERFORACION ,3/4"" 21-30CM""",UND,8323.0
13-10-10,"PERFORACION ,7/8"" 31-40CM""",UND,39823.0
13-10-11,"PERFORACION ,7/8"" 36-40CM""",UND,12001.0
13-10-15,"PERFORACION ,5/8"" 16-20CM""",UND,7801.0
13-10-16,"PERFORACION 1""31-40CM""",UND,14050.0
13-10-24,"PERFORACION ,7/8"" 21-30CM""",UND,9899.0
13-10-25,"PERFORACION ,3/4"" 31-40CM""",UND,10802.0
13-10-26,"PERFORACION ,1/2"" 31-40CM""",UND,10298.0
13-10-28,PERFORACION CONCRETO 7,UND,332768.0
13-11-14,"ANCLAJE HIERRO ,3/8""-PERF. ,1/2"" 10-15C",PTO,13126.0
13-11-15,"ANCLAJE HIERRO ,3/4""-PERF. ,7/8"" 16-20C",PTO,25276.0
13-11-16,"ANCLAJE HIERRO ,5/8""-PERF. ,3/4"" 10-15C",PTO,24722.0
13-11-17,"ANCLAJE HIERRO ,7/8""-PERF.1"" 21-25C",PTO,50388.0
13-11-18,"ANCLAJE HIERRO 1"" -PERF.1,1/4"" 21-25C",PTO,70024.0
13-11-19,"ANCLAJE HIERRO ,1/2""-PERF. ,5/8"" 10-15C",PTO,19579.0
13-11-25,"ANCLAJE HIERRO ,1/2""-PERF. ,3/4"" 21-25C",PTO,19354.0
13-12-01,ALZAPRIMADO LOSA(TABLERO-TACO METAL),DIA,1463.0
13-12-02,ALZAPRIMADO VIGA-VIGUETA (TABLERO-TACO),DIA,1463.0
13-12-03,BOMBEO CONCRETO A MAQUINA,M3,40500.0
13-12-06,ESCALERA CONCRETO 3000 PSI,M3,973577.0
13-12-07,MATERA CONCRETO [U],ML,338036.0
13-12-09,FORMALETA COLUMNA CIRCULAR D=35 CM,ML,81274.0
13-12-10,FORMALETA LOSAS DE AJEDREZ E=.10 4 CARAS,M2,12830.0
13-12-12,FORMALETA ENTREPISO /MES,M2,16607.0
13-12-13,ICOPOR JUNTA CONSTRUCCION E=2CM,ML,2719.0
13-12-14,CONCRETO MURO-DOVELAS 3100PSI-420MPA,M3,409772.0
13-12-15,CONCRETO MURO-DOVELAS 1500PSI-10.0MPA,M3,319784.0
13-12-16,CONCRETO.PREMEZCLADO 3100PSI-22.0MPA,M3,335000.0
13-12-17,ICOPOR JUNTA CONSTRUCCION E=4-5CM,ML,5932.0
13-12-18,FORMALETA GRADERIA A=50-60CM H=30-40CM,M2,87353.0
13-12-19,GRADERIA CONCRETO 3000PSI (VACIADO),M3,441973.0
13-12-20,ADICION PREMEZCLADO 4000 PSI-28.0MPA,M3,80000.0
13-13-01,TANQUE ELEVADO 3100 PSI,M3,1037544.0
13-13-02,TANQUE ENTERRADO CONCRETO 3000 PSI,M3,817453.0
13-13-03,MURO CONCRETO TANQUE ELEVADO 3000PSI,M3,781250.0
13-13-04,MURO CONCRETO TANQUE SUBTERRANEO 4000PSI,M3,849811.0
13-13-06,LOSA FONDO TANQUE ENTERRADO 4000PSI-28M,M3,540269.0
13-14-05,PERFIL IPE-360,ML,490429.0
13-14-06,PERFIL IPE-300,ML,383768.0
13-14-07,PERFIL IPE-240,ML,247917.0
13-14-08,ESTRUCTURA METALICA PERFIL IPE,KLS,8951.0
13-15-01,TUBO ESTRUCTURAL 76x 38x2.0MM,ML,45261.0
13-15-02,TUBO ESTRUCTURAL 100x100x6.3MM,ML,0.0
13-15-03,TUBO ESTRUCTURAL REDONDO 141X3.4MM,ML,66990.0
13-15-04,TUBO ESTRUCTURAL REDONDO 127X2.3MM,ML,59371.0
13-15-05,TUBO ESTRUCTURAL 76X38X1.0MM,ML,27111.0
14-01-01,BLOQUE VIGA A= 12 CM,ML,16929.0
14-01-02,BLOQUE VIGA A= 14 CM,ML,24954.0
14-01-03,MURO BLOQUE ESTRIADO FACHADAS LN14N,M2,60750.0
14-01-04,MURO BLOQUE SPLIT/PIEDRA EST.FACH LN14N,M2,55418.0
14-01-05,MURO BLOQUE CONCRETO 10x19x39CM,M2,46480.0
14-01-06,MURO BLOQUE CONCRETO 12x19x39CM,M2,48670.0
14-01-08,MURO BLOQUE CONCRETO 19x19x39CM,M2,67126.0
14-01-09,MURO CALADO CEMENTO,M2,82996.0
14-01-10,MURO CULATA BLOQUE CEMENTO12x19x39C,M2,51567.0
14-01-11,MURO CULATA BLOQUE CEMENTO14x19x39C,M2,58034.0
14-01-12,MURO CULATA BLOQUE CEMENTO19x19x39C,M2,70451.0
14-01-13,MURO CONTENCION KEYSTONE ESTANDAR,M2,401392.0
14-01-14,MURO CONTENCION KEYSTONE TAPA,UND,15900.0
14-01-15,MURO CONTENCION KEYSTONE MALLA TT-060,M2,17942.0
14-01-16,MURO CONTENCION KEYSTONE MALLA TT-090,M2,25113.0
14-01-17,MURO LADRILLO CONCRETO #12 12.0x 7.5x19,M2,49896.0
14-01-18,MURO LADRILLO CONCRETO #10 9.7x 6 x20,M2,0.0
14-02-01,ANTEPECHO CIRCULAR LADRILLO COMUN,M2,53068.0
14-02-02,ARCO MURO LAD.SOGA (6X11X24) R=1.0 MT,UND,111584.0
14-02-03,LAVATRAPEADOR LADRILLO - ENCHAPADO,UND,332485.0
14-02-04,MACHON LADRILLO LIMPIO E=.20 CM,ML,39160.0
14-02-05,MACHON LADRILLO LIMPIO E=.12 CM,ML,24514.0
14-02-06,MACHON LADRILLO COMUN SOGA,ML,20901.0
14-02-07,MURO BLOQUE ESTRUCT.CERAMICO 12X20X30,M2,64355.0
14-02-08,MURO BLOQUE ESTRUCT.CERAMICO 10X12X29,M2,62597.0
14-02-09,MURO CALADO GRESS,M2,73286.0
14-02-10,MURO CALADO LAD.LIMPIO,M2,55351.0
14-02-11,MURO CULATA LAD.SOGA SUCIO,M2,57658.0
14-02-12,MURO CULATA LAD.SOGA SUCIO REVITADO,M2,60942.0
14-02-13,MURO CULATA LAD.TIZON SUCIO [1C],M2,112115.0
14-02-14,MURO CULATA LAD.TIZON SUCIO [2C],M2,113998.0
14-02-15,MURO LAD.SOGA LIMPIO,ML,26490.0
14-02-16,MURO LAD.SOGA LIMPIO 1C,M2,52554.0
14-02-17,MURO LAD.SOGA LIMPIO 2C,M2,54466.0
14-02-18,MURO LAD.SOGA LIMPIO REVITADO [1C],M2,54944.0
14-02-19,MURO LAD.SOGA LIMPIO REVITADO [2C],M2,55661.0
14-02-20,MURO LAD.SOGA SUCIO,M2,48104.0
14-02-21,MURO LAD.SOGA SUCIO (8x11x20),ML,25579.0
14-02-22,MURO LAD.SOGA SUCIO REVITADO [1C],M2,52165.0
14-02-23,MURO LAD.SOGA SUCIO [2C],M2,53361.0
14-02-25,MURO LAD.TIZON LIMPIO[1C],M2,97227.0
14-02-26,MURO LAD.TIZON LIMPIO[2C],M2,97705.0
14-02-27,MURO LAD.TIZON LIMPIO REVITADO (2C),M2,99139.0
14-02-28,MURO LAD.TIZON LIMPIO REVITADO [1C],M2,98422.0
14-02-29,MURO LAD.TIZON SUCIO,M2,83618.0
14-02-30,MURO LAD.TIZON SUCIO,ML,40375.0
14-02-31,MURO LAD.TIZON SUCIO REVITADO [1C],M2,84096.0
14-02-32,MURO LAD.TIZON SUCIO REVITADO [2C],M2,84813.0
14-02-33,MURO CULATA LAD.SOGA LIMPIO 2C,M2,56181.0
14-02-34,MURO LAD.SOGA SUCIO (8x12x24),M2,35352.0
14-02-36,MURO CULATA LAD.SOGA LIMPIO-REVITADO 2C,M2,64462.0
14-02-37,MURO LAD.SOGA SUCIO (7x13x26)PRE.REV-2C,M2,41245.0
14-02-38,MURO CULATA BLOQUE ESTR.CERAM. 10x12x29C,M2,69340.0
14-02-39,MURO BLOQUE ESTRUCT.CERAMICO 12X20X30,ML,33161.0
14-03-01,ALFAGIA BLOQUE CONCRETO 10x19x39 CM,ML,34448.0
14-03-02,ALFAGIA BLOQUE LADRILLO LIMPIO,ML,30723.0
14-03-03,ALFAGIA CONCRETO A=15-20CM,ML,56505.0
14-03-05,ALFAGIA CONCRETO A=31-40CM,ML,74848.0
14-03-06,ALFAGIA CONCRETO A=41-50CM,ML,76519.0
14-03-07,ALFAGIA CONCRETO A=51-60CM,ML,88187.0
14-03-08,ALFAGIA LADRILLO COMUN,ML,27389.0
14-03-09,ALFAGIA LADRILLO LIMPIO,ML,29366.0
14-03-10,ALFAGIA LADRILLO PINA,ML,31015.0
14-03-12,ALFAGIA TABLON LISO 25CM,ML,24609.0
14-03-15,REMATE LAD.LIMPIO CANTO,ML,19354.0
14-03-16,REMATE LAD.LIMPIO TIZON,ML,29040.0
14-03-17,REMATE LAD.ROMPEOLA 07x23x14,ML,46146.0
14-03-18,REMATE LAD.SUCIO CANTO,ML,18173.0
14-03-19,ALFAGIA CONCRETO A= 8-10CM,ML,29245.0
14-03-20,ALFAGIA PEDRA MUÑECA+GOTERO A=30-40CM,ML,67004.0
14-04-03,MESON EN CONCRETO A <=60 CM H=5.0- 8CM,ML,92954.0
14-04-04,MESON EN CONCRETO H=8.1-10CM,M2,136704.0
14-04-05,PLAQUETA CONCRETO PREF.40-50X40-50X5-8CM,UND,46597.0
14-04-07,PLAQUETA CONCRETO L=120-130 A=25-30 E=5C,UND,53923.0
14-06-02,MURO DE BAHAREQUE,M2,109016.0
15-01-01,RETIRO TUBERIA EXISTENTE,ML,9252.0
15-01-02,"TUBERIA PVC 1,1/2 SANITARIA (LOSA)",ML,11843.0
15-01-03,"TUBERIA PVC 1,1/2 VENTILACION",ML,9351.0
15-01-04,TUBERIA PVC 2 SANITARIA (LOSA ),ML,14751.0
15-01-05,TUBERIA PVC 2 VENTILACION,ML,14673.0
15-01-06,TUBERIA PVC 2 VENTILACION(LOSA),ML,17374.0
15-01-07,TUBERIA PVC 3SANITARIA (LOSA),ML,19594.0
15-01-08,TUBERIA PVC 3VENTILACION,ML,20217.0
15-01-10,TUBERIA PVC 4SANITARIA (LOSA),ML,29494.0
15-01-11,TUBERIA PVC 4VENTILACION,ML,18178.0
15-02-01,"BAJANTE AGUAS LLUVIAS PVC 3""",ML,20220.0
15-02-02,BAJANTE AGUAS LLUVIAS PVC 4,ML,19584.0
15-02-03,"BAJANTE AGUAS NEGRAS PVC 3""",ML,16819.0
15-02-04,"BAJANTE AGUAS NEGRAS PVC 4""",ML,25149.0
15-02-05,BAJANTE AGUAS LLUVIAS PVC 6,ML,46401.0
15-03-01,"ABRAZADERA SANITARIA 3""",UND,14710.0
15-03-02,"ABRAZADERA SANITARIA 4""",UND,18188.0
15-03-03,"ADAPTADOR SANITARIO LIMPIEZA 2""",UND,6100.0
15-03-04,"ADAPTADOR SANITARIO LIMPIEZA 3""",UND,10500.0
15-03-05,"ADAPTADOR SANITARIO LIMPIEZA 4""",UND,18523.0
15-03-06,ARREGLO PUNTO SANITARIO,PTO,33488.0
15-03-07,CINTA PVC JUNTA DILATACION,ML,17339.0
15-03-08,"CODO SANITARIO PVC 45 CC-2""",UND,5040.0
15-03-09,"CODO SANITARIO PVC 45 CC-3""",UND,7100.0
15-03-10,"CODO SANITARIO PVC 45 CC-4""",UND,11900.0
15-03-11,"CODO SANITARIO PVC 45 CE-3""",UND,6680.0
15-03-12,CODO SANITARIO PVC 90 CC-2,UND,2460.0
15-03-13,"CODO SANITARIO PVC 90 CC-4""",UND,10680.0
15-03-14,"CODO SANITARIO PVC 90 CE-4""",UND,9840.0
15-03-15,"JUNTA EXPANSION SANITARIA 3""",UND,31080.0
15-03-16,LIMPIADOR 760 GR (1/4),UND,43200.0
15-03-19,"REDUCCION SANITARIA PVC 2X1,1/2",UND,2460.0
15-03-20,"REDUCCION SANITARIA PVC 3X2""",UND,4500.0
15-03-21,REDUCCION SANITARIA PVC 6-4,UND,20200.0
15-03-22,"REDUCCION.SANITARIA PVC 4X3""",UND,8717.0
15-03-23,"SIFON SANITARIO PVC 2""",UND,7000.0
15-03-24,"SIFON SANITARIO PVC 3""",UND,8500.0
15-03-25,"SIFON SANITARIO PVC 4""",UND,13500.0
15-03-27,"TEE SANITARIA PVC 2"" DOBLE""",UND,12465.0
15-03-28,"TEE SANITARIA PVC 4"" DOBLE""",UND,34805.0
15-03-29,TRAMPA GRASAS MATERIAL,UND,108167.0
15-03-30,"UNION SANITARIA PVC 2""",UND,1850.0
15-03-31,"UNION SANITARIA PVC 3""",UND,2700.0
15-03-32,"UNION SANITARIA PVC 4""",UND,6500.0
15-03-33,"UNION SANITARIA PVC 6""",UND,22000.0
15-03-34,YEE SANITARIA DOBLE RED 2X3X2,UND,0.0
15-03-35,YEE SANITARIA DOBLE RED 3X4X3,UND,29000.0
15-03-36,YEE SANITARIA DOBLE PVC 4,UND,33950.0
15-03-40,YEE SANITARIA SENCILLA 4 PVC,UND,20000.0
15-03-41,YEE SANITARIA SENCILLA 6,UND,97900.0
15-03-42,YEE SANITARIA REDUCIDA 3 X 2,UND,11900.0
15-03-43,YEE SANITARIA REDUCIDA 4,UND,17000.0
15-03-45,YEE SANITARIA REDUCIDA 6,UND,92900.0
15-03-46,"CODO SANITARIO PVC 90 C-C-6""",UND,87900.0
15-03-47,"YEE SANITARIA PVC 6""",UND,97900.0
15-03-48,"CODO SANITARIO PVC 90 CC-3""",UND,5300.0
15-03-49,ABRAZADERA SANITARIA 2,UND,3390.0
15-03-50,"CODO SANITARIO PVC 45 CC-6""",UND,38200.0
15-03-51,"CODO SANITARIO PVC 45 CE-6""",UND,27000.0
15-03-52,"CODO SANITARIO PVC 45 CE-4""",UND,15565.0
15-03-53,"CODO SANITARIO PVC 90 CE-3""",UND,9246.0
15-03-54,"CODO SANITARIO PVC 90 CE-2""",UND,2200.0
15-03-55,REDUCCION SANITARIA PVC 4X2,UND,7616.0
15-03-56,SIFON SANITARIO 6,UND,102831.0
15-04-02,"INSTALACION ACC.PVC SANITARIA R= <4""",UND,3019.0
15-04-03,"INSTALACION TUBERIA SANITARIA 2""",ML,3857.0
15-04-04,"INSTALACION TUBERIA SANITARIA 3""",ML,4720.0
15-04-05,"INSTALACION TUBERIA SANITARIA 4""",ML,5558.0
15-04-06,"PASE PVC SANITARIO 2""",UND,33123.0
15-04-07,"PASE PVC SANITARIO 3""",UND,50663.0
15-04-08,"PASE PVC SANITARIO 4""",UND,69300.0
15-04-09,"PASE PVC SANITARIO 6""",UND,87438.0
15-04-10,"PASE PVC SANITARIO 8""",UND,99440.0
15-04-11,TANQUE SEDIMENTACION PARA POZO SEPTICO,UND,1083716.0
15-04-12,POZO SEPTICO ETERNIT,UND,587902.0
15-04-14,REUBICACION BAJANTE,ML,53111.0
15-04-15,REUBICACION PUNTO SANITARIO,PTO,106221.0
15-05-01,"PUNTO SANITARIO PVC 1,1/2 [V]",PTO,20910.0
15-05-02,PUNTO SANITARIO PVC 2,PTO,27303.0
15-05-03,"PUNTO SANITARIO PVC 2"" [L]""",PTO,30356.0
15-05-04,PUNTO SANITARIO PVC 3,PTO,37889.0
15-05-05,"PUNTO SANITARIO PVC 3"" [L]""",PTO,44906.0
15-05-06,"PUNTO SANITARIO PVC 4""",PTO,61644.0
15-05-07,PUNTO SANITARIO PVC 4 [L],PTO,68949.0
15-05-08,"PUNTO SANITARIO PVC 6"" [CODO]",PTO,174337.0
15-05-09,"PUNTO SANITARIO PVC 6"" (L) [CODO]",PTO,184863.0
15-05-10,"PUNTO SANITARIO PVC 3"" [SIFON]",PTO,58669.0
15-05-11,PUNTO SANITARIO PVC 2 [SIFON],PTO,46935.0
15-06-01,TANQUE SEPTICO 1000 LT PLASTICO FASE I,UND,365787.0
15-06-03,TRAMPA GRASAS TANQUE 250 LT PLASTICO,UND,152451.0
15-06-04,TANQUE SEPTICO 1000 LT PLASTICO FASE II,UND,521790.0
15-06-05,SISTEMA SEPTICO CILINDRICO 4.000 LT,UND,2813243.0
15-06-07,TRAMPA GRASAS CONCRETO 3.100 PSI,M3,663687.0
15-06-08,TRAMPA GRASAS 125 LITROS,UND,236352.0
16-01-01,"CODO 45 PRESION PVC ,1/2""",UND,1255.0
16-01-02,"CODO 45 PRESION PVC ,3/4""",UND,1749.0
16-01-03,"CODO 45 PRESION PVC 1""",UND,4237.0
16-01-04,"CODO 45 PRESION PVC 1,1/2""",UND,8837.0
16-01-05,"CODO 45 PRESION PVC 1,1/4""",UND,6577.0
16-01-06,"CODO 45 PRESION PVC 2""",UND,13096.0
16-01-07,"CODO 45 PRESION PVC 2,1/2""",UND,40206.0
16-01-08,"CODO 45 PRESION PVC 3""",UND,39402.0
16-01-09,"CODO 45 PRESION PVC 4""",UND,91959.0
16-01-10,"CODO 90 PRESION PVC ,1/2""",UND,931.0
16-01-11,"CODO 90 PRESION PVC ,3/4""",UND,1231.0
16-01-12,"CODO 90 PRESION PVC 1 1/4""",UND,4665.0
16-01-13,"CODO 90 PRESION PVC 1""",UND,4214.0
16-01-15,"CODO 90 PRESION PVC 1,1/2""",UND,8901.0
16-01-16,"CODO 90 PRESION PVC 2 1/2""",UND,38025.0
16-01-17,"CODO 90 PRESION PVC 2""",UND,14767.0
16-01-18,"CODO 90 PRESION PVC 3""",UND,45802.0
16-01-19,"CODO 90 PRESION PVC 4""",UND,106663.0
16-01-20,"PASE PVC2""",UND,53352.0
16-01-21,"PASE PVC4""",UND,117560.0
16-01-22,"PASE PVC1""",UND,40103.0
16-01-23,"PASE PVC3""",UND,68334.0
16-01-24,"REDUCCION.PVC 2X 1,1/2 RD-21",UND,6242.0
16-01-25,"REDUCCION.PVC 3""X2"" RD 21""",UND,26779.0
16-01-26,"TEE PRESION PVC 1,1/2""",UND,11827.0
16-01-27,"TEE PRESION PVC 1,1/4""",UND,9381.0
16-01-28,"TEE PRESION PVC 1""",UND,4589.0
16-01-29,"TEE PRESION PVC ,1/2""",UND,1461.0
16-01-31,"TEE PRESION PVC 3""",UND,64459.0
16-01-32,"TEE PRESION PVC ,3/4""",UND,3109.0
16-01-33,"TEE PRESION PVC 4""",UND,137897.0
16-01-34,"TEE PRESION PVC REDUC ,3/4X ,1/2""",UND,2623.0
16-01-35,"TEE PRESION PVC REDUC 1X ,1/2""",UND,4190.0
16-01-36,"TEE PRESION PVC REDUC 1X ,3/4""",UND,4180.0
16-01-37,"TEE PVC 3"" RD 21 UZ""",UND,64459.0
16-01-38,"UNION PRESION PVC 1,1/2""",UND,4179.0
16-01-39,"UNION PRESION PVC 1,1/4""",UND,3297.0
16-01-40,"UNION PRESION PVC 1""",UND,1579.0
16-01-41,"UNION PRESION PVC ,1/2""",UND,877.0
16-01-42,"UNION PRESION PVC 2 1/2""",UND,33559.0
16-01-43,"UNION PRESION PVC 2""",UND,30710.0
16-01-44,"UNION PRESION PVC 3""",UND,26101.0
16-01-45,"UNION PRESION PVC ,3/4""",UND,1134.0
16-01-46,"UNION PRESION PVC 4""",UND,53773.0
16-01-47,TAPON SOLDADO 2,UND,5110.0
16-01-48,"ADAPTADOR HEMBRA PVC PRESION ,1/2""",UND,511.0
16-01-49,REDUCCION PVC 2X1RD-21,UND,4992.0
16-01-50,"REDUCCION PVC 1X ,1/2RD-21""",UND,1736.0
16-01-51,"ADAPTADOR MACHO PVC PRESION 1""",UND,1860.0
16-01-52,ADAPTADOR MACHO PVC PRESION 2,UND,16417.0
16-01-54,"UNION UNIVERSAL PVC PRESION 2""",UND,42608.0
16-01-55,"TAPON ROSCADO PVC 1/2""",UND,3528.0
16-01-56,ADAPTADOR MACHO PVC PRESION 4,UND,71016.0
16-01-57,ADAPTADOR MACHO PVC PRESION 3,UND,39190.0
16-01-58,REDUCCION PVC PRESION 4 X 3,UND,30571.0
16-01-59,TEE PVC 2 1/2,UND,44947.0
16-01-60,UNIVERSAL PVC 2,UND,63974.0
16-01-61,COLLAR DERIVACION PVC 2X 3/4,UND,24613.0
16-01-62,COLLAR DERIVACION PVC 3X 3/4,UND,35637.0
16-01-63,COLLAR DERIVACION PVC 2.1/2X 3/4,UND,28209.0
16-01-64,COLLAR DERIVACION PVC 4X 3/4,UND,45495.0
16-01-65,BRIDA LOCA PVC 2.1/2,UND,81824.0
16-01-66,BRIDA LOCA PVC 3,UND,84807.0
16-01-67,BRIDA LOCA PVC 4,UND,94210.0
16-04-13,"ANCLAJE - SOPORTE TUBERIA 1,1/2""x1/8""",UND,41449.0
16-04-14,SENSOR DE FLUJO AGUA,UND,722324.0
16-04-15,"SIAMESA 4x2,1/2x2,1/2",UND,992487.0
16-04-18,SISTEMA DRENAJE TUBERIA SENSORES,UND,990374.0
16-05-06,"TUBERIA PVC,3/4""",ML,5879.0
16-05-07,TUBERIA PVC1 RDE 21 - 200 PSI,ML,5677.0
16-05-08,"TUBERIA PVC1,1/2""",ML,10686.0
16-05-09,"TUBERIA PVC1,1/4""",ML,9385.0
16-05-10,TUBERIA PVC2 RDE 21-200 PSI,ML,18005.0
16-05-11,"TUBERIA PVC2,1/2""",ML,20098.0
16-05-12,"TUBERIA PVC3""",ML,31294.0
16-05-15,"TUBERIA PVC 2,1/2 RDE 21 UZ",ML,14079.0
16-05-16,"TUBERIA.PVC 1,1/2 RDE 21 UZ",ML,11700.0
16-05-17,TUBERIA.PVC 3RDE 21 UZ,ML,21850.0
16-05-18,TUBERIA.PVC 4RDE 21 UZ,ML,31875.0
16-05-19,TUBERIA.PVC 4 RDE 21 - 200 PSI,ML,80069.0
16-05-21,"TUBERIA CPVC ,1/2""",ML,5139.0
16-05-22,"TUBERIA CPVC ,3/4""",ML,7065.0
16-06-01,VALVULA CHEQUE VERTICAL3-125 PSI,UND,445872.0
16-06-02,VALVULA CHEQUE HORIZONTAL 3 -125 PSI,UND,554256.0
16-06-03,"VALV ULA ALIVIO,1/2",UND,21800.0
16-06-04,VALVULA CHEQUE HORIZONTAL.1/2-125 PSI,UND,32459.0
16-06-05,VALVULA CHEQUE HORIZONTAL 1.1/2-125 PSI,UND,174641.0
16-06-06,VALVULA CHEQUE HORIZONTAL 2 -125 PSI,UND,260450.0
16-06-07,"VALVULA CIERRE ELASTICO 1""",UND,58948.0
16-06-11,"VALVULA CIERRE ELASTICO ,1/2""",UND,29539.0
16-06-12,"VALVULA CIERRE ELASTICO 2""",UND,308321.0
16-06-13,"VALVULA CIERRE ELASTICO ,3/4""",UND,37929.0
16-06-14,"VALVULA CIERRE METALICO 1""",UND,31908.0
16-06-18,"VALVULA CIERRE METALICO ,1/2""",UND,40396.0
16-06-19,"VALVULA CIERRE METALICO 2""",UND,290344.0
16-06-21,"VALVULA CIERRE METALICO 3""",UND,753158.0
16-06-22,"VALVULA CIERRE METALICO ,3/4""",UND,27159.0
16-06-23,"VALVULA CIERRE METALICO 4""",UND,1526922.0
16-06-25,"VALVULA CIERRE RAPIDO1""",UND,40357.0
16-06-29,"VALVULA CIERRE RAPIDO,1/2""",UND,23459.0
16-06-30,"VALVULA CIERRE RAPIDO2""",UND,107434.0
16-06-31,"VALVULA CIERRE RAPIDO,3/4""",UND,39951.0
16-06-32,"VALVULA FLOTADOR 2""",UND,179579.0
16-06-34,"VALVULA PIE BRONCE [AA] D=2""",UND,307327.0
16-06-35,"VALVULA REGULACION,1/2",UND,24459.0
16-06-36,"VALVULA PASO 4"" RXR BRONCE""",UND,638519.0
16-06-38,"VALVULA ANGULAR 2,1/2",UND,592677.0
16-06-39,"VALVULA ALIVIO 1,1/2""",UND,322591.0
16-06-40,"VALVULA VENTOSA 2"" DOBLE EFECTO""",UND,159382.0
16-06-41,"VALVULA D=2""HF E.L PVC SELLO EL.""",UND,391350.0
16-06-42,"VALVULA D=3""HF E.L PVC SELLO EL.""",ML,529840.0
16-06-43,"VALVULA D=4""HF E.L PVC SELLO EL.""",ML,733714.0
16-06-44,"VALVULA D=2""COMPUERTA BRONCE""",UND,165225.0
16-06-45,VALVULA CORTINA.1/2 -250PSI RED WHITE,UND,45058.0
16-06-46,VALVULA CORTINA.3/4 -250PSI RED WHITE,UND,54266.0
16-06-47,ELECTROVALVULA 3 -220V,UND,630346.0
16-06-52,VALVULA CHEQUE 4,UND,1577774.0
16-06-54,FILTRO BRONCE EN Y 4,UND,1186274.0
16-06-55,VALVULA CIERRE METALICO 1.1/4,UND,282917.0
16-06-56,VALVULA CIERRE METALICO 1.1/2,UND,302548.0
16-07-01,CANCELACION PTO.HIDRAULICO,PTO,13836.0
16-07-02,FLOTADOR MECANICO,UND,105032.0
16-07-03,"FLOTADOR MECANICO DE 1 1/2""",UND,130226.0
16-07-04,INSTALACION ACCESORIO PVC PRESION,UND,3621.0
16-07-05,INSTALACION TANQUE AGUA,UND,76653.0
16-07-06,"INSTALACION TUBERIA PRESION ,1/2""",ML,2267.0
16-07-07,"INSTALACION TUBERIA PRESION ,3/4""",ML,2699.0
16-07-08,"INSTALACION TUBERIA PRESION 1""",ML,3461.0
16-07-09,"INSTALACION TUBERIA PRESION 1,1/4""",ML,4476.0
16-07-10,LIMPIADOR 760 GR(1/4),UND,43200.0
16-07-11,"MANGUERA PLASTICA 3/4""AGUE""",ML,2532.0
16-07-12,MANIJA LLAVE DE PASO,UND,6370.0
16-07-13,"MEDIDOR AGUA VELOCIDAD 1/2""U-15""",UND,94760.0
16-07-16,REUBICACION PUNTO.HIDRAULICO,PTO,38727.0
16-07-17,SOLDADURA PVC 900 GR (1/4),UND,85900.0
16-07-18,DERECHOS DE CONEXION Y CONTADOR,UND,178150.0
16-07-19,CINTA TEFLON,UND,7900.0
16-07-20,"MEDIDOR DE AGUA VOLUMETRICO JSM 1/2""",UND,100859.0
16-07-21,CAJA MEDIDOR CONCRETO+TAPA MET.-ACUAVALL,UND,23950.0
16-07-22,INSTALACION MEDIDOR AGUA,UND,25276.0
16-07-23,"MANGUERA PF+UAD ,1/2""",ML,1257.0
16-07-24,CALIBRACI,UND,39775.0
16-07-25,"MEDIDOR AGUA VELOCIDAD 1/2"" CHORRO UNICO",UND,64768.0
16-07-26,DERECHOS DE CONEXI,UND,384163.0
16-07-27,"ABRAZADERA GALVANIZADA .1/2""",UND,3732.0
16-07-28,"ABRAZADERA GALVANIZADA .3/4""",UND,2787.0
16-07-29,"ABRAZADERA GALVANIZADA 1""",UND,2784.0
16-07-30,"ABRAZADERA GALVANIZADA 1.1/4""",UND,3262.0
16-07-31,"ABRAZADERA GALVANIZADA 1.1/2""",UND,3462.0
16-07-32,"ABRAZADERA GALVANIZADA 2""",UND,3510.0
16-07-33,"ANCLAJE-SOPORTE TUBERIA ANG. 1.1/2""X1/8""",UND,41449.0
16-07-36,INSTALACION ACCESORIO PVC DIAM 2 -4,UND,5409.0
16-08-01,"PUNTO AGUA FRIA PVC,1/2",PTO,42836.0
16-08-02,"PUNTO AGUA FRIA,3/4""",PTO,41266.0
16-08-03,PUNTO AGUA FRIA1,PTO,44049.0
16-08-04,"PUNTO AGUA FRIA GALVANIZADA. ,3/4""",PTO,49660.0
16-08-05,"PUNTO COBRE,1/2",PTO,54610.0
16-08-06,"PUNTO AGUA CALIENTE ,1/2""",PTO,50035.0
16-08-07,PUNTO HIDRAULICO PVC 1.1/2,PTO,91194.0
16-08-08,PUNTO HIDRAULICO 1.1/2 FLUXOMETRO,PTO,73037.0
16-09-01,"PASE A.INOX SH4O 1,1/2 DR",UND,130921.0
16-09-02,"PASE A.INOX SH4O 2 1/2"" DR""",UND,180587.0
16-09-03,PASE A.INOX SH4O 4 DR,UND,234841.0
16-10-03,TANQUE AGUA 500 LTS EN PLASTICO,UND,614048.0
16-10-05,TANQUE AGUA 1000 LTS PLASTICO-COMPLETO,UND,691100.0
16-10-07,TANQUE AGUA 2000 LTS EN PLASTICO,UND,897320.0
16-10-08,TANQUE AGUA 5000 LTS EN PLASTICO,UND,1892346.0
16-10-09,TANQUE AGUA 1000 LTS PLASTICO-SUMINISTRO,UND,257780.0
16-20-01,"TUBERIA GALVA. ,1/2""",ML,5860.0
16-20-02,"TUBERIA GALVA. ,1/4""",ML,5000.0
16-20-03,"TUBERIA GALVA. ,3/4""",ML,6120.0
16-20-04,"TUBERIA GALVA. 1""",ML,12177.0
16-20-05,"TUBERIA GALVA. 1,1/2""",ML,20213.0
16-20-06,"TUBERIA GALVA. 1,1/4""",ML,16466.0
16-20-07,"TUBERIA GALVA. 2,1/2""",ML,33130.0
16-20-08,"TUBERIA GALVA. 2,1/4""",ML,23500.0
16-20-10,"TUBERIA GALVA. 3""",ML,38904.0
16-20-11,"TUBERIA GALVA. 3,1/2""",ML,35594.0
16-20-12,"TUBERIA GALVA. 4""",ML,38333.0
16-20-13,"TUBERIA GALVA. 6""",ML,82646.0
16-20-14,"TUBERIA GALVA. 8""",ML,104057.0
16-20-15,"TUBERIA GALVA. 2""",ML,26721.0
16-21-01,"TEE GALVANIZADA,1/2""",UND,2500.0
16-21-02,"TEE GALVANIZADA,1/4""",UND,3000.0
16-21-03,"TEE GALVANIZADA,3/4""",UND,4890.0
16-21-04,"TEE GALVANIZADA1""",UND,6990.0
16-21-05,"TEE GALVANIZADA 1,1/2""",UND,6200.0
16-21-06,"TEE GALVANIZADA 1,1/4""",UND,5000.0
16-21-07,"TEE GALVANIZADA 1x3/4""",UND,6000.0
16-21-08,"TEE GALVANIZADA 2""",UND,12600.0
16-21-09,"TEE GALVANIZADA 2,1/2""",UND,25500.0
16-21-10,"TEE GALVANIZADA 2,1/4""",UND,27200.0
16-21-11,"TEE GALVANIZADA 3""",UND,33681.0
16-21-12,"TEE GALVANIZADA 3""x2""",UND,67000.0
16-21-13,"TEE GALVANIZADA 4""",UND,61050.0
16-21-14,"TEE GALVANIZADA 4""x3""",UND,70000.0
16-22-01,"NIPLE GALV. 1,1/2x1- 5CM (2 ROSCAS)",UND,5846.0
16-22-02,"NIPLE GALV. 2,1/2x1- 5CM (2 ROSCAS)",UND,11720.0
16-22-03,"NIPLE GALV. ,1/2x1- 5CM (2 ROSCAS)",UND,655.0
16-23-01,BUSHING GALV. 1.1/2X .1/2,UND,4059.0
16-23-02,"BUSHING GALV. 2,1/2X2",UND,11950.0
16-23-03,BUSHING GALV. 4X2,UND,32970.0
16-23-04,BUSHING GALV. 3x2,UND,17200.0
16-24-01,"UNION DRESSER 2""",UND,42920.0
16-24-02,"UNION GALV.,3/4""",UND,2800.0
16-24-04,"UNION GALV.1,1/2""",UND,4350.0
16-24-05,"UNION GALV.1,1/4""",UND,3420.0
16-24-06,"UNION GALV.2""",UND,7920.0
16-24-07,"UNION GALV.2,1/2""",UND,16114.0
16-24-08,"UNION GALV.3""",UND,23600.0
16-24-09,"UNION GALV.4""",UND,36906.0
16-24-10,"UNION GALV.6""",UND,128519.0
16-24-11,"UNION GALV.,1/2""",UND,4300.0
16-24-12,"UNIVERSAL GALVANIZADA ,1/2""",UND,9538.0
16-24-13,"UNIVERSAL GALVANIZADA 1""",UND,22733.0
16-24-14,"UNIVERSAL GALVANIZADA 1.1/2""",UND,12800.0
16-24-15,"UNIVERSAL GALVANIZADA 2.1/2""",UND,40600.0
16-24-16,"UNIVERSAL GALVANIZADA 4""",UND,128800.0
16-24-17,"UNIVERSAL GALVANIZADA ,3/4""",UND,5920.0
16-24-18,"UNIVERSAL GALVANIZADA 3""",UND,52988.0
16-24-19,"UNIVERSAL GALVANIZADA 2""",UND,23200.0
16-25-01,"TAPON GALV.MACHO 4""",UND,25500.0
16-25-02,"TAPON GALV.MACHO 1""",UND,1900.0
16-25-03,"TAPON GALV.MACHO,1/2""",UND,1050.0
16-25-04,"TAPON GALV.MACHO 2,1/2""",UND,9710.0
16-25-05,"TAPON GALV.MACHO 3""",UND,16612.0
16-25-06,"TAPON GALV.MACHO 1,1/2""",UND,3154.0
16-25-07,"TAPON GALV.MACHO 2""",UND,5629.0
16-25-08,"TAPON GALV.MACHO ,3/4""",UND,1400.0
16-25-09,"TAPON GALV.MACHO 1,1/4""",UND,2820.0
16-27-01,"CODO GALV.,1/2x90",UND,1500.0
16-27-02,"CODO GALV.,3/4x90",UND,2094.0
16-27-03,CODO GALV. 1x45,UND,4200.0
16-27-04,"CODO GALV. 1,1/2x90",UND,6800.0
16-27-05,"CODO GALV. 1,1/4x90",UND,5000.0
16-27-06,CODO GALV. 2 x90,UND,12495.0
16-27-07,"CODO GALV. 2,1/2x90",UND,21182.0
16-27-09,CODO GALV. 3 x90,UND,34300.0
16-27-10,CODO GALV. 4 x90,UND,61760.0
16-27-11,CODO GALV. 6 x90,UND,256560.0
16-27-12,CODO GALV. 1 x90,UND,2100.0
16-29-01,"INST.TUB.GALVANIZADA ,1/2",ML,6386.0
16-29-02,"INST.TUB.GALVANIZADA ,3/4",ML,8417.0
16-29-03,"INST.TUB.GALVANIZADA 1""",ML,10476.0
16-29-04,"INST.TUB.GALVANIZADA 1,1/2",ML,16035.0
16-29-05,"INST.TUB.GALVANIZADA 2""",ML,21913.0
16-29-06,INST.TUB.GALVANIZADA 2.1/2,ML,26511.0
16-29-07,"INST.TUB.GALVANIZADA 3""",ML,16515.0
16-29-08,INST.TUB.GALVANIZADA 4,ML,21913.0
16-29-09,"INSTAL.PUNTO GALVANIZADO 3/8 <=2""",UND,9484.0
16-29-10,"INST.TUB.GALVANIZADA 6""",ML,14796.0
16-29-11,INSTAL.ACCES GALVANIZADO 2-4,UND,17742.0
16-30-04,"TUBERIA ACERO CARBON D=2,1/2 SCH-40",ML,116362.0
16-30-05,TUBERIA ACERO CARBON D=2SCH-40,ML,40613.0
16-30-06,"TUBERIA ACERO CARBON D=1,1/2 SCH-40",ML,29787.0
16-31-05,TEE 2X 2(A.C),UND,42471.0
16-34-02,UNION DRESSER 4 - PUNTOS 4,UND,194125.0
16-50-01,TUB.PVC ALTA PRESION 3 RDE 9,ML,60795.0
16-50-02,TUB.PVC ALTA PRESION 4 RDE 9,ML,92156.0
16-50-03,TUB.PVC ALTA PRESION 3 RDE 11,ML,45277.0
16-50-04,TUB.PVC ALTA PRESION 3 RDE 13.5 UM,ML,35096.0
16-50-05,TUB.PVC ALTA PRESION 4 RDE 11,ML,77511.0
16-50-06,TUB.PVC ALTA PRESION 4 RDE 13.5 UM,ML,104544.0
16-50-07,TUB.PVC ALTA PRESION 6 RDE 11EL,ML,161215.0
16-50-09,TUB.PVC ALTA PRESION 6 RDE 9,ML,190852.0
16-50-10,TUB.PVC ALTA PRESION 8 RDE 11EL,ML,267600.0
16-50-11,TUB.PVC ALTA PRESION 8 RDE 9,ML,317790.0
16-50-12,TUB.PVC UM 10RDE 21,ML,137678.0
16-50-13,TUB.PVC UM 10RDE 26,ML,128288.0
16-50-14,TUB.PVC UM 10RDE 32.5,ML,0.0
16-50-15,TUB.PVC UM 10RDE 41,ML,86910.0
16-50-16,TUB.PVC UM 12RDE 41,ML,114025.0
16-50-17,TUB.PVC UM 12RDE 26,ML,184614.0
16-50-18,TUB.PVC UM 12RDE 32.5,ML,151829.0
16-50-19,"TUB.PVC UM 2,1/2 RDE 21",ML,20344.0
16-50-20,"TUB.PVC UM 2,1/2 RDE 26",ML,17920.0
16-50-21,TUB.PVC UM 2RDE 21,ML,23937.0
16-50-22,TUB.PVC UM 2RDE 26,ML,14128.0
16-50-23,TUB.PVC UM 3RDE 21,ML,30809.0
16-50-24,TUB.PVC UM 3RDE 26,ML,26558.0
16-50-25,TUB.PVC UM 3RDE 32.5,ML,16274.0
16-50-26,TUB.PVC UM 4RDE 21,ML,35272.0
16-50-27,TUB.PVC UM 4RDE 26,ML,43652.0
16-50-28,TUB.PVC UM 4RDE 32.5,ML,19153.0
16-50-30,TUB.PVC UM 6RDE 21,ML,62077.0
16-50-31,TUB.PVC UM 6RDE 26,ML,81491.0
16-50-32,TUB.PVC UM 6RDE 32.5,ML,45112.0
16-50-33,TUB.PVC UM 6RDE 41,ML,37686.0
16-50-34,TUB.PVC UM 8RDE 21,ML,108672.0
16-50-35,TUB.PVC UM 8RDE 26,ML,86678.0
16-50-37,TUB.PVC UM 8RDE 41,ML,57911.0
16-50-38,TUB.PVC ALTA PRESION 10 RDE 13.5 UM,ML,316453.0
16-50-39,TUB.PVC ALTA PRESION 12 RDE 13.5 UM,ML,455682.0
16-50-40,TUB.PVC ALTA PRESION 8 RDE 13.5 UM,ML,210565.0
16-51-01,"TEE PVC UM 2,1/2x2x2,1/2",UND,47893.0
16-51-02,"TEE PVC UM 3x2,1/2x2,1/2",UND,62970.0
16-51-03,"TEE PVC UM 2,1/2x2,1/2x2",UND,38642.0
16-51-04,"TEE PVC UM 2,1/2x2,1/2x2,1/2",UND,42868.0
16-51-05,"TEE PVC UM 2,1/2x2 x2",UND,41880.0
16-51-06,TEE PVC UM 2 x2 x2,UND,35751.0
16-51-07,"TEE PVC UM 3 x2,1/2x3",UND,64741.0
16-51-08,TEE PVC UM 3 x2 x2,UND,51567.0
16-51-09,"TEE PVC UM 3 x2 x2,1/2",UND,59540.0
16-51-11,TEE PVC UM 3x3 x2,UND,61320.0
16-51-12,"TEE PVC UM 4x4 x2,1/2""",UND,94720.0
16-51-13,"TEE PVC UM 4x2,1/2x4",UND,96172.0
16-51-14,TEE PVC UM 4x2 x3,UND,95335.0
16-51-15,TEE PVC UM 4x2 x4,UND,86863.0
16-51-16,TEE PVC UM 4x3 x2,UND,85322.0
16-51-17,"TEE PVC UM 4x3 x2,1/2",UND,89412.0
16-51-18,TEE PVC UM 4x3 x3,UND,97264.0
16-51-19,TEE PVC UM 4x3 x4,UND,103248.0
16-51-20,TEE PVC UM 4x4 x2,UND,93283.0
16-51-22,TEE PVC UM 4x4 x3,UND,109002.0
16-51-23,TEE PVC UM 4x4 x4,UND,111512.0
16-51-24,"TEE PVC UM 3x3 x2,1/2",UND,61752.0
16-53-01,REDUCC PVC UM 2.1/2x2,UND,67517.0
16-53-02,REDUCC PVC UM 3x2,UND,69453.0
16-53-03,REDUCC PVC UM 3x2.1/2,UND,87967.0
16-53-04,REDUCC PVC UM 4x2,UND,97121.0
16-53-05,REDUCC PVC UM 4x2.1/2,UND,99376.0
16-53-06,REDUCC PVC UM 4x3,UND,99376.0
16-54-01,UNION REP PVC 2.1/2 UM,UND,56945.0
16-54-02,UNION REP PVC 3UM,UND,390748.0
16-54-03,UNION REP PVC 3 RDE 13.5,UND,48696.0
16-54-04,UNION REP PVC 4 RDE 13.5,UND,82830.0
16-54-05,UNION REP PVC 6 RDE 13.5,UND,191277.0
16-54-06,UNION REP PVC 8 RDE 13.5,UND,338935.0
16-54-07,UNION REP PVC 4 RDE 21,UND,58245.0
16-54-08,UNION REP PVC 6 RDE 21,UND,124412.0
16-54-09,UNION REP PVC 8 RDE 21,UND,196317.0
16-56-02,"ADAP UM PVC-AC 2""",UND,5735.0
16-56-03,"ADAP UM PVC-AC 3""",UND,9865.0
16-56-04,"ADAP UM PVC-AC 4""",UND,13077.0
16-56-06,"ADAP UM PVC-AC 6""",UND,76647.0
16-56-08,"ADAP UM PVC-AC 8""",UND,144788.0
16-57-01,"CODO PVC UM 2 x 11,1/4",UND,22074.0
16-57-02,"CODO PVC UM 2 x 22,1/2",UND,19951.0
16-57-03,CODO PVC UM 2 x 45,UND,21753.0
16-57-04,CODO PVC UM 2 x 90,UND,24695.0
16-57-05,CODO PVC UM 3 x 11 1/4,UND,34890.0
16-57-06,CODO PVC UM 3 x 22 1/2,UND,37849.0
16-57-07,CODO PVC UM 3 x 45,UND,38398.0
16-57-08,CODO PVC UM 3 x 90,UND,50527.0
16-57-09,"CODO PVC UM 6 x 11,1/4",UND,140741.0
16-57-10,"CODO PVC UM 6 x 22,1/2",UND,156669.0
16-57-12,CODO PVC UM 6 x 90,UND,256143.0
16-57-13,"CODO PVC UM 8 x 22,1/2",UND,324127.0
16-57-14,CODO PVC UM 10 x 45,UND,873250.0
16-57-15,CODO PVC UM 10 x 90,UND,1233407.0
16-57-16,CODO PVC UM 3 x 11.25 RDE-13.5,UND,43540.0
16-57-18,CODO PVC UM 3 x 45RDE-13.5,UND,57104.0
16-57-19,CODO PVC UM 3 x 90RDE-13.5,UND,75599.0
16-57-20,CODO PVC UM 4 x 11.25 RDE-13.5,UND,90191.0
16-57-21,CODO PVC UM 4 x 22.5RDE-13.5,UND,95280.0
16-57-22,CODO PVC UM 4 x 45RDE-13.5,UND,114671.0
16-57-23,CODO PVC UM 4 x 90RDE-13.5,UND,153434.0
16-57-24,CODO PVC UM 6 x 11.25 RDE-13.5,UND,214046.0
16-57-25,CODO PVC UM 6 x 22.5RDE-13.5,UND,199091.0
16-57-26,CODO PVC UM 6 x 45RDE-13.5,UND,302564.0
16-57-27,CODO PVC UM 6 x 90RDE-13.5,UND,239475.0
16-57-28,CODO PVC-UM 4 x 11.25,UND,57781.0
16-57-29,CODO PVC-UM 4 x 22.5,UND,60569.0
16-57-31,CODO PVC-UM 4 x 90,UND,98295.0
16-57-33,CODO PVC-UM 8 x 45,UND,425477.0
16-57-34,CODO PVC-UM 8 x 90,UND,628299.0
16-59-01,"INST.TUB.PVC UM 2""",ML,2995.0
16-59-02,"INST.TUB.PVC UM 2.1/2""",ML,2995.0
16-59-03,"INST.TUB.PVC UM 3""",ML,3182.0
16-59-04,"INST.TUB.PVC UM 4""",ML,4880.0
16-59-05,"INST.TUB.PVC UM 6""",ML,5063.0
16-59-06,"INST.TUB.PVC UM 8""",ML,6365.0
16-60-01,"TUBERIA COBRE ,1/2"" TIPO-M""",ML,10350.0
16-60-02,"TUBERIA COBRE ,1/4"" TIPO-FLEXIBLE""",ML,6583.0
16-60-03,"TUBERIA COBRE ,3/4"" TIPO-M""",ML,16257.0
16-60-04,"TUBERIA COBRE ,3/8"" TIPO-FLEXIBLE""",ML,7933.0
16-60-05,"TUBERIA COBRE ,1/2"" FLEXIBLE""",ML,10350.0
16-60-06,"TUBERIA COBRE ,1/2"" TIPO-K""",ML,62431.0
16-60-07,"TUBERIA COBRE ,1/22 TIPO-L",ML,13550.0
16-61-01,"TEE COBRE .1/2""",UND,1300.0
16-61-02,"TEE COBRE .3/4""",UND,3000.0
16-61-03,"TEE COBRE 1""",UND,9300.0
16-64-01,UNION COBRE .1/22,UND,649.0
16-64-02,"UNION COBRE ./34""",UND,1650.0
16-64-03,"UNION COBRE 1""",UND,2450.0
16-65-01,"TAPON COBRE .1/2""",UND,500.0
16-65-02,"TAPON COBRE .3/4""",UND,950.0
16-65-03,"TAPON COBRE 1""",UND,2500.0
16-67-02,"CODO COBRE 90 .3/4""",UND,1700.0
16-67-03,"CODO COBRE 90 1""",UND,4100.0
16-69-01,INSTALACION ACCESORIO COBRE,UND,4369.0
16-70-01,"TUB 2""100 ALTA DEN RDE17-PN10 145PSI",ML,14526.0
16-70-02,"TUB 2,1/2"" PE ALTA DEN RDE17-PN10 145PSI",ML,18693.0
16-70-03,"TUB 3"" PE 100 ALTA DEN RDE17-PN10 145PSI",ML,25481.0
16-70-04,"TUB 4"" PE 100 ALTA DEN RDE17-PN10 145PSI",ML,37989.0
16-70-05,"TUB 6"" PE 100 ALTA DEN RDE17-PN10 145PSI",ML,73252.0
17-01-29,CABLE COBRE HF-ZH# 2,ML,32231.0
17-01-30,CABLE COBRE HF-ZH# 4,ML,21433.0
17-01-31,CABLE COBRE HF-ZH# 6,ML,13866.0
17-01-32,CABLE COBRE HF-ZH# 8,ML,9382.0
17-01-33,CABLE COBRE HF-ZH# 10,ML,6705.0
17-01-35,CABLE COBRE HF-ZH#14,ML,3511.0
17-01-37,CABLE COBRE HF-ZH# 1/0,ML,52168.0
17-01-38,CABLE COBRE HF-ZH# 2/0,ML,64578.0
17-01-39,CABLE COBRE HF-ZH# 3/0,ML,77336.0
17-01-40,CABLE COBRE HLFR# 4/0,ML,99742.0
17-01-41,CABLE COBRE THWN# 250 MCM,ML,110431.0
17-01-42,CABLE COBRE THWN #300 MCM,ML,0.0
17-01-43,CABLE COBRE THWN #350 MCM,ML,152539.0
17-01-44,CABLE COBRE THWN #400 MCM,ML,175347.0
17-01-45,CABLE COBRE THWN# 500 MCM,ML,224720.0
17-01-50,CABLE COBRE XLPE #2 15 KV,ML,83871.0
17-01-51,CABLE COBRE XLPE #1/0 15 KV,ML,106364.0
17-03-01,"ACOM.E.1F(2# 4)1""",ML,50613.0
17-03-02,"ACOM.E.1F(2# 6)1""",ML,36139.0
17-03-03,"ACOM.E.1F(2# 8) ,3/4""",ML,25350.0
17-03-04,"ACOM.E.1F(2# 10) ,3/4""",ML,19995.0
17-03-05,"ACOM.E.1F(2# 12) ,3/4""",ML,15893.0
17-03-06,"ACOM.E.2F(2# 4+1# 8) 1""",ML,59835.0
17-03-07,"ACOM.E.2F(2# 6+1# 8) 1""",ML,44700.0
17-03-08,"ACOM.E.2F(2# 8+1#10) 1""",ML,33055.0
17-03-09,"ACOM.E.2F(2# 10+1#10) ,3/4""",ML,26540.0
17-03-10,"ACOM.E.2F(2# 12+1#12) ,3/4""",ML,20386.0
17-03-11,"ACOM.E.3F(3# 2+1# 6) 2""",ML,130181.0
17-03-12,"ACOM.E.3F(3# 4+1# 8) 2""",ML,93303.0
17-03-13,"ACOM.E.3F(3# 6+1# 8) 2""",ML,70600.0
17-03-14,"ACOM.E.3F(3# 10+1#10) 1""",ML,34245.0
17-03-15,"ACOM.E.3F(3# 12+1#12) 1""",ML,26039.0
17-03-16,"ACOM.E.3F(3#1/0+1#1/0)3""",ML,251263.0
17-03-17,"ACOM.E.3F(3#2/0+1#2/0)3""",ML,300902.0
17-03-19,"ACOM.E.3F(3#4/0+1#4/0)3""",ML,442229.0
17-03-21,"ACOM.E.3F(XLP 3#2 ) 4""",ML,289431.0
17-03-22,"ACOM.E.3F(XLP 3#1/0) 4""",ML,356911.0
17-03-23,"ACOM.E.3F(3#8 +1# 8) 2""",ML,61017.0
17-04-04,SAL LAMP PVC,UND,58011.0
17-05-32,SALIDA S1 PVC,UND,118314.0
17-05-33,SALIDA S2 PVC,UND,130084.0
17-05-34,SALIDA S3 PVC,UND,100360.0
17-05-35,SALIDA S1C PVC,UND,83065.0
17-05-36,SALIDA SC1 PVC,UND,85312.0
17-05-37,SALIDA ST PVC,UND,79802.0
17-05-38,SALIDA S1 EMT,UND,113276.0
17-05-39,SALIDA S2 EMT,UND,157748.0
17-05-40,SALIDA S3 EMT,UND,126620.0
17-05-41,SALIDA SC1 EMT,UND,119312.0
17-05-42,SALIDA SC2 EMT,UND,121494.0
17-05-43,SALIDA ST EMT,UND,117164.0
17-06-55,BALA PANEL LED 12W,UND,29254.0
17-06-56,BALA PANEL LED 18W,UND,33254.0
17-06-58,BALA PANEL LED6W,UND,22754.0
17-06-59,BALA PANEL LED 24W,UND,62154.0
17-07-20,SAL TOMA 220 PVC,UND,83947.0
17-07-22,SAL TOMA 120 PVC,UND,82789.0
17-07-23,SAL TOMA 120 PVC ZONA HUMEDA,UND,124466.0
17-07-24,SAL TOMA 120 EMT,UND,118993.0
17-07-25,SAL TOMA 120 EMT ZONA HUMEDA,UND,160690.0
17-07-26,SAL TOMA 220 EMT,UND,117323.0
17-08-02,BREAKER 2F DESDE 15 HASTA 60 AMP,UND,93919.0
17-08-09,BREAKER 2F DESDE 70 HASTA 100 AMP,UND,156511.0
17-08-13,BREAKER 1F DESDE 15 HASTA 60 AMP,UND,43081.0
17-08-24,BREAKER 3F DESDE 15 HASTA 50 AMP,UND,192908.0
17-08-32,BREAKER 3F DESDE 60 HASTA 100 AMP,UND,337311.0
17-09-03,TABLERO 1F 2 CTOS VTQ-SQ,UND,86106.0
17-09-04,TABLERO 1F 4 CTOS VTQ-SQ,UND,95400.0
17-09-05,TABLERO 1F 6 CTOS VTQ-SQ,UND,105283.0
17-09-06,TABLERO 1F 8 CTOS VTQ-SQ,UND,124787.0
17-09-07,TABLERO 1F 10 CTOS VTQ-SQ,UND,147498.0
17-09-08,TABLERO 1F 12 CTOS VTQ-SQ,UND,175118.0
17-09-10,TABLERO 2F 6 CTOS TQSP,UND,225526.0
17-09-11,TABLERO 2F 8 CTOS TQSP,UND,277230.0
17-09-12,TABLERO 2F 12 CTOS TQCP,UND,309759.0
17-09-13,TABLERO 2F 18 CTOS TQCP,UND,381165.0
17-09-14,TABLERO 2F 24 CTOS TQCP,UND,460490.0
17-09-15,TABLERO 3F 12 CTOS NTQ,UND,503893.0
17-09-16,TABLERO 3F 18 CTOS NTQ,UND,589567.0
17-09-17,TABLERO 3F 24 CTOS NTQ,UND,675372.0
17-09-18,TABLERO 3F 30 CTOS NTQ,UND,842074.0
17-09-19,TABLERO 3F 36 CTOS NTQ,UND,887234.0
17-09-20,TABLERO 3F 42 CTOS NTQ,UND,1001313.0
17-12-03,MOLDE SOLDADURA VARILLA-CABLE,UND,0.0
17-12-04,CABLE COBRE DESNUDO #1/0,ML,46529.0
17-12-05,CABLE COBRE DESNUDO #2/0,ML,59238.0
17-12-06,CABLE COBRE DESNUDO #4/0,ML,90145.0
17-12-08,MOLDE SOLDADURA CABLE-CABLE (1/0 A 4/0),UND,237692.0
17-12-09,SOLDADURA TERMOWELD X115 GRM,UND,26137.0
17-12-10,TAPA METALICA DE REGISTRO 20X20,UND,61165.0
17-12-12,VARILLA CU-CU 9/16X 2.40,UND,192197.0
17-12-29,PARARRAYOS FRANKLIN BLUNT 5 PUNTAS,UND,243448.0
17-24-01,RETIRO BANDEJA,UND,0.0
17-24-02,RETIRO BREAKER,UND,1833.0
17-24-10,RETIRO DE CABLE # 8 A # 2,ML,829.0
17-24-11,RETIRO DE CABLE #16 A #10,ML,495.0
17-24-12,RETIRO DE CABLE MCM,ML,3506.0
17-24-13,RETIRO DE CABLES 1/0 A 4/0,ML,2836.0
17-24-14,RETIRO LAMPARA,UND,5178.0
17-24-15,RETIRO SALIDA ELECTRICA,UND,13542.0
17-24-17,RETIRO SWITCHE O TOMA,UND,2836.0
17-24-18,RETIRO TABLEROS,UND,302890.0
17-24-24,"RETIRO TUBERIA GALVANIZADA 2 A 4"" H=8MT""",ML,13033.0
17-24-25,RETIRO CABLE # 1/0 A 4/0POR TUBO METALIC,ML,1985.0
17-24-26,RETIRO DE GABINETE METALICO CON TOTALIZA,UND,69310.0
17-24-27,RETIRO LAMPARA 4X32W,UND,18328.0
17-24-28,RETIRO CABLE XLPE,ML,6865.0
17-26-01,"ACOM.E.1F(2# 4) 1""EMT""",ML,56130.0
17-26-02,"ACOM.E.1F(2# 6) 1""EMT""",ML,42333.0
17-26-03,"ACOM.E.1F(2# 8),3/4"" EMT""",ML,31673.0
17-26-04,"ACOM.E.1F(2# 10),3/4"" EMT""",ML,25921.0
17-26-05,"ACOM.E.1F(2# 12),3/4"" EMT""",ML,21818.0
17-26-06,"ACOM.E.2F(2# 4+1# 8) 1""EMT""",ML,64913.0
17-26-07,"ACOM.E.2F(2# 6+1# 8) 1""EMT""",ML,49778.0
17-26-08,"ACOM.E.2F(2# 8+1#10) 1"" EMT""",ML,38134.0
17-26-09,"ACOM.E.2F(2# 10+1#10) ,3/4"" EMT""",ML,32465.0
17-26-10,"ACOM.E.2F(2# 12+1#12) ,3/4"" EMT""",ML,26311.0
17-26-11,"ACOM.E.3F(3# 2+1# 6) 2"" EMT""",ML,136250.0
17-26-12,"ACOM.E.3F(3# 4+1# 8) 2"" EMT""",ML,99372.0
17-26-13,"ACOM.E.3F(3# 6+1# 8) 2"" EMT""",ML,76669.0
17-26-14,"ACOM.E.3F(3# 10+1#10) 1"" EMT""",ML,39762.0
17-26-15,"ACOM.E.3F(3# 12+1#12) 1"" EMT""",ML,31557.0
17-26-16,"ACOM.E.3F(3#1/0+1#1/0)3"" EMT""",ML,269425.0
17-26-17,"ACOM.E.3F(3#2/0+1#2/0)3"" EMT""",ML,319064.0
17-26-18,"ACOM.E.3F(3#3/0+1#1/0)3"" EMT""",ML,370768.0
17-26-19,"ACOM.E.3F(3#4/0+1#4/0)3""EMT""",ML,460392.0
17-26-20,"ACOM.E.1F(2# 12+1#12) ,3/4"" EMT""",ML,26709.0
17-26-21,"ACOM.E.3F(XLP 3#2 ) 4""GALV""",ML,363059.0
17-26-22,"ACOM.E.3F(XLP 3#1/0) 4""GALV""",ML,426431.0
17-26-23,"ACOM.E.3F(3#8 +1# 8) 2""EMT""",ML,67086.0
17-27-01,PANEL SOLAR MONOCROMATICO 250-300W 24VDC,UND,799519.0
17-27-02,INVERSOR DC -AC,UND,3385444.0
17-27-03,REGULADOR MPPT 100/30,UND,1759784.0
17-27-04,BATERIA 12VDC 200 AH,UND,1677565.0
17-27-05,ESTRUCTURA PISO MONTAJE PANEL SOLAR,UND,422084.0
17-27-06,PANEL SOLAR 410 VATIOS POLYCRISTALINO,UND,1283488.0
17-27-07,REGULADOR 150 VOLTIOS-60 AMPERIOS,UND,4426788.0
17-30-01,TUBERIA EMT 2,ML,28032.0
17-30-02,TUBERIA EMT 1 1/4,ML,10826.0
17-30-03,TUBERIA EMT3/4,ML,12106.0
17-30-04,UNION EMT 2,UND,6253.0
17-30-05,UNION EMT 1 1/4,UND,3368.0
17-30-06,UNION EMT 3/4,UND,3949.0
17-30-07,CURVA EMT 2,UND,11732.0
17-30-08,CURVA EMT 1 1/4,UND,6316.0
17-30-09,CURVA EMT 3/4,UND,2524.0
17-30-10,ADAPTADOR EMT 2,UND,5016.0
17-30-11,ADAPTADOR EMT 1 1/4,UND,3049.0
17-30-12,ADAPTADOR EMT 3/4,UND,1968.0
17-30-13,TUBERIA EMT 3,ML,28054.0
17-31-01,TUBERIA IMC 3/4 GALV,ML,27886.0
17-31-02,TUBERIA IMC 1 GALV,ARR,39416.0
17-31-03,CURVA IMC 3/4 GALV,UND,24718.0
17-31-04,CURVA IMC 1GALV,ARR,34718.0
17-32-01,TUBO GALV 1 X 3MTS,UND,49110.0
17-32-02,"TUBO GALV 1,1/4X3 MTS",UND,49026.0
17-32-03,TUBO GALV 2X3 MTS,UND,95470.0
17-32-04,TUBO GALV 3X3 MTS,UND,199555.0
17-32-05,TUBO GALV 4X3 MTS,UND,251111.0
17-32-06,CAPACETE GALV 1,UND,3851.0
17-32-07,"CAPACETE GALV 1,1/2",UND,6593.0
17-32-08,"CAPACETE GALV 1,1/4",UND,5874.0
17-32-09,CAPACETE GALV 2,UND,12521.0
17-32-10,"CAPACETE GALV 2,1/2",UND,31015.0
17-32-11,CAPACETE GALV 3,UND,37330.0
17-32-12,CAPACETE GALV 4,UND,0.0
17-32-13,CURVA GALV 1,UND,5198.0
17-32-14,"CURVA GALV 1,1/2",UND,10529.0
17-32-15,"CURVA GALV 1,1/4",UND,7955.0
17-32-17,CURVA GALV 3,UND,107613.0
17-32-18,CURVA GALV 4,UND,214058.0
17-33-01,TUBO PVC 1/2,ML,6196.0
17-33-02,TUBO PVC 3/4,ML,6906.0
17-33-04,TUBO PVC 1-1/2,ML,15847.0
17-33-05,TUBO PVC 1-1/4,ML,11452.0
17-33-06,TUBO PVC 2,ML,20262.0
17-33-07,TUBO PVC 3,ML,26345.0
17-33-08,TUBO PVC 4,ML,39323.0
17-33-09,CURVA PVC 1/2,ML,2791.0
17-33-10,CURVA PVC 3/4,ML,3670.0
17-33-11,CURVA PVC 1,ML,5499.0
17-33-12,CURVA PVC 1-1/2,ML,12291.0
17-33-13,CURVA PVC 1-1/4,ML,9239.0
17-33-14,CURVA PVC 2,ML,20644.0
17-33-15,CURVA PVC 3,ML,11893.0
17-33-16,CURVA PVC 4,ML,23022.0
17-33-17,TERMINAL PVC 2,ML,6927.0
17-33-18,TERMINAL PVC 3,ML,21292.0
18-01-01,ESTRUCTURA METALICA,KLS,7753.0
18-01-30,CORREA MET. TRIANGULAR L=3.00-4.00 MTS,ML,28826.0
18-01-32,CORREA MET. TRIANGULAR L=4.10-5.00 MTS,ML,44267.0
18-01-41,"TENSOR ESTR.VARILLA DIAMETRO 3/8""",ML,8433.0
18-01-44,CORREA MET. TRIANGULAR L=5.10-6.00 MTS,ML,47637.0
18-01-48,CORREA MET. TRIANGULAR L=7.10-7.50 MTS,ML,84986.0
18-01-49,CORREA MET. TRIANGULAR L=6.10-7.00 MTS,ML,62253.0
18-01-55,PLATINA LAMINA HR 35-40X35-40 CAL.1/4,UND,30907.0
18-01-56,"VARILLA ROSCA.GALV.5/8"" L=30-33CM+TUERCA",UND,19606.0
18-01-57,PLATINA LAMINA HR 05-10X05-10 CAL.1/ 8,UND,18527.0
18-01-58,"PLATINA LAMINA HR 25-30X25-30 CAL.3/16""",UND,26543.0
18-01-59,"TENSOR ESTR.VARILLA DIAMETRO 1/2""",ML,8433.0
18-01-60,PLATINA LAM HR 0.11-0.15X0.11-0.15 X 1/8,UND,27370.0
18-01-63,"TENSOR ESTR.VARILLA DIAMETRO 5/8""",ML,8597.0
18-01-64,"VARILLA ROSCA.GALV.1/2"" L=80-100C+TUERCA",UND,8867.0
18-02-02,ENTRAMADO TEJA FIBRO CEMENTO,M2,51384.0
18-02-03,ENTRAMADO TEJA BARRO LISTON 2X2 C-50/60C,M2,24336.0
18-02-04,ENTRAMADO TEJA BARRO CANABRAVA,M2,14909.0
18-02-05,ENTRAMADO LISTON 2X2 AMARILLO C.FALSO,M2,16464.0
18-02-07,ENTRAMADO BASE CIELO ESTERILLA-MADERA,M2,37919.0
18-02-09,ENTRAMADO TEJA ZINC,M2,46476.0
18-02-10,ESTRUC. MADERA CUBIERTA CHANUL 3X6 ESP.,M2,62718.0
18-02-11,ENTRAMADO METAL CF.PER.CHR 4X2-TUB.1.1/2,M2,49790.0
18-02-12,"ESTRUCT.ENTRAMADO METAL C.F.TUB. 1""X1""",M2,40999.0
18-02-13,ESTRUCTURA ENTRAMADO MADERA-SACOS BUNKER,M2,235265.0
18-02-14,"SOPORTE BAJOTEJA CHANUL 3""X3""",M2,27768.0
18-02-15,"REPOSICION PIEZA MADERA ROLLIZA 4""-5""",ML,18109.0
18-02-16,"REPOSICION PIEZA MADERA ROLLIZA 5,1/4-6""",ML,18974.0
18-02-17,"PILAR-MONTERA MADERA CHANUL 6""X6""-ACABAD",ML,42118.0
18-02-18,"SOLERA MADERA CHANUL 6""X6""",ML,25869.0
18-02-19,"REPOSICION PIEZA MADERA ROLL.MANGLE 4""",ML,19102.0
18-03-01,IMPERM.ALQUITRAN LIQUIDO,M2,11731.0
18-03-03,IMPERM.CANAL-LOSA MANTO 3MM FOIL ALUM,M2,44521.0
18-03-04,"REPARACION MANTO PVC-IMPERM,DESAGUE",PTO,46565.0
18-03-07,IMPERM.MANTO 500XT3mm.,M2,32739.0
18-03-08,IMPERM.MANTO 800XT.4mm.,M2,45061.0
18-03-09,IMPERM.MANTO EDIL 3MM FOIL ALUM,M2,20645.0
18-03-10,IMPERM.MANTO 500XT-FOIL ALUMINIO,M2,32526.0
18-03-11,AISLAMIENTO TERMICO FRESCASA,M2,19327.0
18-03-12,IMPERM.MANTO TECHOFIELT 3000 E=3MM,M2,34534.0
18-03-14,POLIETILENO CAL. 7,M2,3068.0
18-03-15,POLIETILENO CAL. 4,M2,2510.0
18-03-16,SOLAPA-CINTA ADHESIVA SELLO CUBIERTA 15C,ML,14715.0
18-03-17,POLIETILENO CAL.6,M2,2593.0
18-03-18,BAJO TEJA BT-235 ONDULINE,M2,28856.0
18-03-19,MEMBRANA PLASTIFICADA REVESTIMIENTO 12NT,M2,105292.0
18-03-20,PREPARACION SUPERFICIE-MORTERO RELLENO,M2,34168.0
18-03-21,MEMBRANA PVC IMPERMEABILIZACION 1.5MM,M2,89905.0
18-03-22,MEMBRANA-PERFIL FIJADOR PERIMETRAL PVC,ML,8634.0
18-04-01,C.F.LAMINA ACRILICO 0.61X1.22M,M2,78132.0
18-04-04,C.F.PANEL YESO 12.7MM S.JUNTA+VINILO RH,M2,42566.0
18-04-05,C.F.PANEL YESO 12.7MM S.JUNTA+VINILO,M2,37105.0
18-04-06,C.F.PANEL YESO 3/8S.JUNTA+VINILO,M2,39669.0
18-04-07,C.F.ICOPOR TEXTURIZADO 1CM - PERLITA,M2,38476.0
18-04-10,C.F.PANEL BOARD 6.0MM S.JUNTA+VINILO,M2,49574.0
18-04-12,C.F.MADERA LISTON MACH.PINO CIPREX-MADER,M2,50694.0
18-04-13,C.F.MADERA LISTON MACH.PINO PATULA,M2,39990.0
18-04-14,C.F.MALLA-ESTRUCIELO,M2,21700.0
18-04-18,C.F.[FV] DURACUSTIC 5/8 [LAMINA],M2,54244.0
18-04-19,"C.F.[FV] DURACUSTIC 5/8""",M2,72458.0
18-04-21,C.F.[FV] SONOCOR,M2,36337.0
18-04-31,C.F.ICOPOR TEXTURIZADO 1CM[LAMINA],UND,7867.0
18-04-32,"C.F.ESQUELETO ALUMINIO ,7/8""",M2,23190.0
18-04-33,C.F.MADERA MACHIMBRE PINO CIPREX-S/METAL,M2,52088.0
18-04-34,C.F.ICOPOR TEXTURIZADO 1CM - PVC,M2,51752.0
18-04-35,C.F.LAMINA BOARD 1214x605x4MM P.ALUMINIO,M2,43235.0
18-04-36,C.F.LAMINA SUPERBOARD CARTERA-TEJA 4MM,ML,48932.0
18-04-37,C.F.LAMINA BOARD 1214x605x6MM P.ALUMINIO,M2,52788.0
18-04-38,C.F.LAMINA PANEL(PVC-FOIL ALUM),M2,33634.0
18-04-39,C.F.LAMINA PANEL(PVC-FOIL ALUM) 120X60C,M2,31839.0
18-04-40,C.FALSO LAMINA PVC A=25CM E=5MM,M2,58730.0
18-04-41,C.FALSO LAMINA PVC A=25CM E=10MM,M2,64772.0
18-04-42,TAPA REGISTRO 60X60CM METAL-PALANCA,UND,115786.0
18-04-43,C.F.PANEL BOARD 8MM S.JUNTA+VINILO,M2,53039.0
18-04-44,TAPA INSPECCION PANEL 40X40CM,UND,130314.0
18-04-45,TAPA INSPECCION PANEL 60X60CM,UND,155164.0
18-04-46,TAPA REGISTRO 40X40CM METAL-PALANCA,UND,74386.0
18-05-01,CANECILLO HIERRO-ANGULO,ML,17625.0
18-05-02,CANECILLO HIERRO-MALLA VENADA,ML,23934.0
18-05-03,CANECILLO HIERRO-MALLA VENADA,M2,39044.0
18-05-04,CANECILLO ESTRUC.METALICA LAM BOARD 8MM,M2,87780.0
18-05-05,CANECILLO MADERA-MALLA VENADA,ML,37224.0
18-05-07,CARGUE CIELO EN BARRO Y CISCO,M2,19759.0
18-05-08,PANETE CIELO: BARRO - BONIGA - SISGO.,M2,20729.0
18-05-09,C.F.CANA BRAVA Y BAHAREQUE,M2,41003.0
18-05-10,CANECILLO CANA BRAVA-BAHAREQUE,ML,59052.0
18-06-02,CABALLETE TEJA FIBRO CEMENTO VENTILAC.,ML,41342.0
18-06-03,CANALETA 43 DE 3.50M.,M2,109641.0
18-06-04,CANALETA 43 DE 4.00M.,M2,100131.0
18-06-05,CANALETA 43 DE 4.50M.,M2,103628.0
18-06-07,CANALETA 43 DE 5.50M.,M2,101504.0
18-06-08,CANALETA 43 DE 6.00M.,M2,92856.0
18-06-09,CANALETA 90 DE 3.75M,M2,60323.0
18-06-10,CANALETA 90 DE 4.50M,M2,73236.0
18-06-11,CANALETA 90 DE 5.25M,M2,80568.0
18-06-12,CANALETA 90 DE 6.00M.,M2,83983.0
18-06-13,CANALETA 90 DE 7.50M.,M2,81297.0
18-06-14,CANALETA 90 DE 9.00M.,M2,85881.0
18-06-15,LIMAHOYA TEJA FIBRO CEMENTO,ML,17939.0
18-06-16,LIMATESA TEJA FIBRO CEMENTO,ML,31191.0
18-06-17,TEJA AC.TERMINAL CANAL,UND,43578.0
18-06-18,TEJA AC.TERMINAL SUPERIOR MURO,UND,38046.0
18-06-19,TEJA FIBRO CEMENTO,M2,29574.0
18-06-20,TEJA FIBRO CEMENTO # 2,UND,18571.0
18-06-21,TEJA FIBRO CEMENTO # 3,UND,23771.0
18-06-22,TEJA FIBRO CEMENTO # 4,UND,25071.0
18-06-23,TEJA FIBRO CEMENTO # 5,UND,29771.0
18-06-24,TEJA FIBRO CEMENTO # 6,UND,39086.0
18-06-25,TEJA FIBRO CEMENTO # 8,UND,48314.0
18-06-26,TEJA CLARABOYA FIBRO CEMENTO # 4,UND,51026.0
18-06-27,TEJA CLARABOYA FIBRO CEMENTO # 5,UND,61505.0
18-06-28,TEJA CLARABOYA FIBRO CEMENTO # 6,UND,74518.0
18-06-29,TEJA VENTILACION FIBRO CEMENTO # 4,UND,56524.0
18-06-30,TEJA VENTILACION FIBRO CEMENTO # 6,UND,97206.0
18-06-31,CABALLETE TEJA FIBRO CEMENTO FIJO,ML,44262.0
18-06-32,TEJA FIBRO CEMENTO ESPANOLA,M2,51410.0
18-06-33,UNION CABALLETE - LIMATESA,UND,33159.0
18-06-34,TEJA FIBRO CEMENTO #10,UND,57357.0
18-06-35,RECORRIDO CUBIERTA TEJA ASBESTO CEMENTO,M2,6251.0
18-07-01,CABALLETE TEJA BARRO NORMAL,ML,14252.0
18-07-02,CABALLETE TEJA BARRO PRENSADA,ML,18146.0
18-07-03,LIMATESA TEJA BARRO NORMAL,ML,14461.0
18-07-04,LIMATESA TEJA BARRO PRENSADA,ML,17666.0
18-07-06,TEJA BARRO NORMAL,M2,36338.0
18-07-07,TEJA BARRO PRENSADA,M2,38454.0
18-07-08,TEJA BARRO PRENSADA SOBRE FIBRO CEMENTO,M2,29870.0
18-07-09,TEJA BARRO NORMAL (REPOSICION),UND,967.0
18-07-10,TEJA BARRO ANTIGUA-RESTAURACION,M2,31139.0
18-07-11,RECORRIDO CUBIERTA TEJA DE BARRO,M2,4191.0
18-08-01,CABALLETE TEJA ALUMINIO COLOR,ML,31416.0
18-08-02,CABALLETE TEJA ALUMINIO NATURAL,ML,27909.0
18-08-03,CABALLETE TEJA AJOVER,ML,42112.0
18-08-06,REMATE SUPERIOR CONTRA MURO TEJA AJOVER,ML,57513.0
18-08-07,TEJA AJOVER ONDULADACOLOR .27MM,M2,42395.0
18-08-08,TEJA AJOVER TRAPEZOIDALCOLOR .27MM,M2,50964.0
18-08-13,TEJA GALVANIZADA TRAPEZOIDAL CAL.26,M2,27225.0
18-08-15,TEJA CUBIERTA CINDUTEC,M2,32679.0
18-08-16,TEJA ZINC,M2,24061.0
18-08-17,LIMATESA TEJA AJOVER,ML,30688.0
18-08-18,TEJA AJOVER TRAPEZOIDALSUPER .35MM,M2,55247.0
18-08-19,TEJA AJOVER ONDULADA SUPER COLOR .35MM,M2,43279.0
18-08-20,TEJA ALUMINIO-POLIURETANO-ALUM.E=1 1C,M2,140080.0
18-08-22,CABALLETE TEJA ALUM-POLIURETANO,ML,36556.0
18-09-01,DOMO ACRILICO CIRCULAR-RECTANG. 65X65CM,UND,98586.0
18-09-09,TEJA PLASTICA ONDULADA,M2,32581.0
18-09-10,LAMINA POLICARBONATO ALVEOLAR 4MM,M2,43476.0
18-09-11,TEJA POLICARBONATO TRAPEZOIDAL 82CM,M2,65652.0
18-09-13,TEJA PLASTICA TRASLUCIDA,M2,34736.0
18-09-17,CONECTOR TAPA LAMINA POLICARBONATO,ML,36238.0
18-09-18,LAMINA POLICARBONATO ALVEOLAR 8MM,M2,76723.0
18-09-19,LAMINA POLICARBONATO ALVEOLAR 10MM,M2,90825.0
18-09-20,CONECTOR H LAMINA POLICARBONATO A=8-10MM,ML,17253.0
18-09-22,TEJA UPVC,M2,50732.0
18-09-23,CABALLETE UPVC,ML,56008.0
18-10-01,BAJANTE AGUAS LLUVIAS PVC CUADRADO CANAL,ML,39003.0
18-10-02,CANAL AMAZONAS PVC AGUAS LLUVIAS,ML,42527.0
18-10-03,CANAL RAINGOPVC AGUAS LLUVIAS,ML,26886.0
18-10-04,CODO BAJANTE 45 CANAL PVC,UND,10177.0
18-10-05,CODO BAJANTE 90 CANAL PVC,UND,10677.0
18-10-06,SOPORTE CANAL AMAZONAS PVC,UND,4878.0
18-10-07,SOPORTE CANAL RAINGOPVC,UND,4278.0
18-10-08,TAPA EXTERNA CANAL AMAZONAS PVC,UND,7190.0
18-10-09,TAPA EXTERNA CANAL RAINGO PVC,UND,8990.0
18-10-10,TAPA INTERNA CANAL AMAZONAS PVC,UND,7190.0
18-10-11,TAPA INTERNA CANAL RAINGO PVC,UND,6690.0
18-10-12,UNION BAJANTE CANAL AMAZONAS PVC,UND,25249.0
18-10-13,UNION BAJANTE CANAL RAINGO PVC,UND,9690.0
18-10-14,UNION CANAL AMAZONAS PVC,UND,18190.0
18-10-15,UNION CANAL RAINGOPVC,UND,9290.0
18-10-16,UNION ESQUINA CANAL AMAZONAS PVC,UND,30022.0
18-10-17,UNION ESQUINA CANAL RAINGO PVC,UND,14475.0
18-10-18,"UNION BAJANTE CUADRADO-TUBO 3"" PVC""",UND,8871.0
18-11-01,BAJANTE LAMINA GALVANIZADA,ML,110467.0
18-11-02,CANAL LAMINA ALUMINIO,ML,75393.0
18-11-03,CANAL LAMINA GALVANIZADA CAL.26,ML,48530.0
18-11-04,CANAL LAMINA LIMAHOYA,ML,65604.0
18-11-05,CANAL LAMINA GALVANIZADA CAL.22,ML,86962.0
18-11-06,REPARACION CANAL LAMINA DLLO. 51-100CM,ML,18248.0
18-12-01,ACCESORIO ESPIGO-ARANDELA ALUMINIO,UND,1969.0
18-12-03,FLANCHE ALUMINIO DINTEL-CANECILLO,ML,40480.0
18-12-04,FLANCHE LAMINA ALUMINIO .7MM,ML,48475.0
18-12-05,INSTALACION CERCHA METALICA L= 6.00-11 M,ML,46248.0
18-12-06,INSTALACION CERCHA METALICA L=11.01-16 M,ML,39385.0
18-12-08,INSTALACION ESTRUCTURA METALICA,M2,6447.0
18-12-09,INSTALACION TEJA ALUMINIO,M2,8769.0
18-12-10,INSTALACION TEJA ASBESTO CEMENTO,M2,12138.0
18-12-11,INSTALACION TEJA BARRO,M2,12818.0
18-12-12,SOLAPA LAMINA ALUMINIO COLOR .7MM,ML,25526.0
18-12-13,SOLAPA LAMINA ALUMINIO NATURAL 7MM.,ML,0.0
18-12-14,SOLAPA LAMINA GALVANIZADA,ML,20484.0
18-12-16,INSTALACION CORREA METALICA EXISTENTE,ML,5390.0
18-12-17,RECALCE-RESANE ONDULACION TEJA,ML,20215.0
18-12-19,LAVADA Y LIMPIEZA TEJA,M2,1202.0
18-12-20,INSTALACION TEJA BARRO ANITGUA-RESTAURAC,M2,19889.0
18-12-21,ALZAPRIMADA PROVISIONAL EN MADERA,M2,69159.0
18-20-04,PERFIL ABIERTO AG C120x 60mm -1.2MM C.18,ML,32637.0
18-20-05,PERFIL ABIERTO AG C120x 60mm -1.5MM C.16,ML,37330.0
18-20-06,PERFIL ABIERTO AG C120x 60mm -1.9MM C.14,ML,45657.0
18-20-07,PERFIL ABIERTO AG C160x 60mm -1.2MM C.18,ML,40419.0
18-20-08,PERFIL ABIERTO AG C160x 60mm -1.5MM C.16,ML,41505.0
18-20-09,PERFIL ABIERTO AG C160x 60mm -1.9MM C.14,ML,51270.0
18-20-10,PERFIL ABIERTO AG C220x 80mm -1.2MM C.18,ML,47896.0
18-20-11,PERFIL ABIERTO AG C220x 80mm -1.5MM C.16,ML,54936.0
18-20-12,PERFIL ABIERTO AG C220x 80mm -1.9MM C.14,ML,67956.0
18-20-13,PERFIL ABIERTO AG C305x 80mm -1.5MM C.16,ML,64212.0
18-20-14,PERFIL ABIERTO AG C305x 80mm -1.9MM C.14,ML,79881.0
18-20-19,PERFIL CAJONAG C120x 60mm -1.2MM C.18,ML,70872.0
18-20-20,PERFIL CAJONAG C120x 60mm -1.5MM C.16,ML,88508.0
18-20-21,PERFIL CAJONAG C120x 60mm -1.9MM C.14,ML,105211.0
18-20-22,PERFIL CAJONAG C160x 60mm -1.2MM C.18,ML,77583.0
18-20-23,PERFIL CAJONAG C160x 60mm -1.5MM C.16,ML,88516.0
18-20-24,PERFIL CAJONAG C160x 60mm -1.9MM C.14,ML,115840.0
18-20-25,PERFIL CAJONAG C220x 80mm -1.2MM C.18,ML,92502.0
18-20-26,PERFIL CAJONAG C220x 80mm -1.5MM C.16,ML,115292.0
18-20-27,PERFIL CAJONAG C220x 80mm -1.9MM C.14,ML,133189.0
18-20-29,PERFIL CAJONAG C305x 80mm -1.9MM C.14,ML,166398.0
18-20-30,PERFIL CAJONAG C355x110mm -1.9MM C.14,ML,175358.0
18-21-07,PERFIL ABIERTO HR C120x 60mm -1.5MM C.16,ML,36088.0
18-21-08,PERFIL ABIERTO HR C120x 60mm -2.0MM C.14,ML,42848.0
18-21-11,PERFIL ABIERTO HR C160x 60mm -1.2MM C.18,ML,30453.0
18-21-12,PERFIL ABIERTO HR C160x 60mm -1.5MM C.16,ML,43742.0
18-21-13,PERFIL ABIERTO HR C160x 60mm -2.0MM C.14,ML,51805.0
18-21-14,PERFIL ABIERTO HR C160x 60mm -2.5MM C.12,ML,59933.0
18-21-15,PERFIL ABIERTO HR C160x 60mm -3.0MM C.11,ML,67992.0
18-21-16,PERFIL ABIERTO HR C220x 80mm -1.2MM C.18,ML,34909.0
18-21-17,PERFIL ABIERTO HR C220x 80mm -1.5MM C.16,ML,52393.0
18-21-18,PERFIL ABIERTO HR C220x 80mm -2.0MM C.14,ML,63162.0
18-21-19,PERFIL ABIERTO HR C220x 80mm -2.5MM C.12,ML,73478.0
18-21-20,PERFIL ABIERTO HR C220x 80mm -3.0MM C.11,ML,84247.0
18-21-22,PERFIL ABIERTO HR C305x 80mm -2.0MM C.14,ML,73336.0
18-21-24,PERFIL ABIERTO HR C305x 80mm -3.0MM C.11,ML,99818.0
18-21-25,PERFIL ABIERTO HR C355x110mm -2.0MM C.14,ML,0.0
18-21-27,PERFIL ABIERTO HR C355x110mm -3.0MM C.11,ML,118985.0
18-21-28,PERFIL CAJONHR C 60x 40mm -1.2MM C.18,ML,53908.0
18-21-34,PERFIL CAJONHR C120x 60mm -1.5MM C.16,ML,85722.0
18-21-35,PERFIL CAJONHR C120X 60mm -2.0MM C.14,ML,98512.0
18-21-38,PERFIL CAJONHR C160x 60mm -1.2MM C.18,ML,64942.0
18-21-39,PERFIL CAJONHR C160x 60mm -1.5MM C.16,ML,108942.0
18-21-40,PERFIL CAJONHR C160x 60mm -1.9MM C.14,ML,109701.0
18-21-42,PERFIL CAJONHR C160x 60mm -3.0MM C.11,ML,133144.0
18-21-43,PERFIL CAJONHR C220x 80mm -1.2MM C.18,ML,73831.0
18-21-44,PERFIL CAJONHR C220x 80mm -1.5MM C.16,ML,109427.0
18-21-45,PERFIL CAJONHR C220x 80mm -1.9MM C.14,ML,131029.0
18-21-46,PERFIL CAJONHR C220x 80mm -2.5MM C.12,ML,152767.0
18-21-47,PERFIL CAJONHR C220x 80mm -3.0MM C.11,ML,190050.0
18-21-49,PERFIL CAJONHR C305x 80mm -1.9MM C.14,ML,152532.0
18-21-50,PERFIL CAJONHR C305x 80mm -2.5MM C.12,ML,178926.0
18-21-52,PERFIL CAJONHR C355x110mm -1.9MM C.14,ML,175664.0
18-21-58,"PERFIL CAJONHR C 5x2""-2.0MM""",ML,0.0
18-21-59,"PERFIL ABIERTO HR C 6x2"" -1.5MM""",ML,30571.0
18-21-62,"PERFIL CAJONHR C 6x2"" -1.5MM""",ML,66210.0
18-21-63,"PERFIL CAJONHR C 6x2"" -2.0MM""",ML,73576.0
18-21-64,"PERFIL CAJONHR C 6x2"" -2.5MM""",ML,83214.0
18-21-67,"PERFIL CAJONHR C 6x2.5/8""-2.5MM""",ML,75569.0
18-21-68,"PERFIL CAJONHR C 6x2.5/8""-2.0MM""",ML,69449.0
18-21-71,"PERFIL CAJONHR C 7x2.5/8""-2.0MM""",ML,81424.0
18-21-72,"PERFIL CAJONHR C 7x2.5/8""-2.5MM""",ML,78199.0
18-21-76,"PERFIL CAJONHR C 8x2.5/8""-1.5MM""",ML,74061.0
18-21-77,"PERFIL CAJONHR C 8x2.5/8""-2.0MM""",ML,86338.0
18-21-78,"PERFIL CAJONHR C 8x3""-2.5MM""",ML,83379.0
18-21-83,"PERFIL CAJONHR C 10x2.5/8""-2.0MM""",ML,89272.0
18-21-84,"PERFIL CAJONHR C 10x2.5/8""-2.5MM""",ML,100395.0
18-22-03,PERFIL ABIERTO AG Z160x 60mm -1.9MM C.14,ML,57030.0
18-22-06,PERFIL ABIERTO AG Z220x 80mm -1.9MM C.14,ML,69293.0
18-22-08,PERFIL ABIERTO AG Z305x 80mm -1.9MM C.14,ML,77555.0
18-23-01,PERFIL ABIERTO HR Z160x 60mm -1.2MM C.18,ML,0.0
18-23-02,PERFIL ABIERTO HR Z160x 60mm -1.5MM C.16,ML,39916.0
18-23-03,PERFIL ABIERTO HR Z160x 60mm -2.0MM C.13,ML,47976.0
18-23-04,PERFIL ABIERTO HR Z160x 60mm -2.5MM C.12,ML,56103.0
18-23-05,PERFIL ABIERTO HR Z160x 60mm -3.0MM C.11,ML,64163.0
18-23-07,PERFIL ABIERTO HR Z220x 80mm -2.0MM C.13,ML,49933.0
18-23-09,PERFIL ABIERTO HR Z220x 80mm -3.0MM C.11,ML,82307.0
18-23-10,PERFIL ABIERTO HR Z305x 80mm -1.5MM C.16,ML,57368.0
18-23-11,PERFIL ABIERTO HR Z305x 80mm -2.0MM C.13,ML,70642.0
18-23-12,PERFIL ABIERTO HR Z305x 80mm -2.5MM C.12,ML,71538.0
18-23-13,PERFIL ABIERTO HR Z305x 80mm -3.0MM C.11,ML,97124.0
19-01-02,REPELLO COLUMNA+FILO1:3 (1C),ML,0.0
19-01-03,REPELLO MALLA VENADA 1:3,ML,16084.0
19-01-04,REPELLO MALLA VENADA 1:2,M2,29326.0
19-01-05,REPELLO MEDIA CANA,ML,11747.0
19-01-06,REPELLO MURO1:2,M2,22034.0
19-01-07,REPELLO MURO1:2,ML,14721.0
19-01-08,REPELLO MURO1:3,ML,14247.0
19-01-09,REPELLO MURO1:3,M2,21323.0
19-01-10,REPELLO MURO1:4,M2,19968.0
19-01-11,REPELLO MURO CARGUE1:3,M2,18329.0
19-01-12,REPELLO MURO CULATAS 1:3,M2,21623.0
19-01-13,REPELLO MURO RUSTICO 1:2,M2,25132.0
19-01-14,REPELLO MURO RUSTICO 1:3,M2,24303.0
19-01-15,REPELLO VIGA + FILO [1C],ML,17296.0
19-01-16,REPELLO MURO IMPERMEABLE 1:2,M2,30419.0
19-01-17,REPELLO MURO IMPERMEABLE 1:2,ML,18913.0
19-01-18,REPELLO MURO IMPERMEABLE 1:3,M2,29708.0
19-01-19,REPELLO MURO IMPERMEABLE 1:3,ML,18439.0
19-01-20,REPELLO CARTERA + FILOS 1:3,ML,12501.0
19-01-21,REPELLO MALLA GALLINERO,M2,23881.0
19-02-01,CARGUE REPELLO CIELO MORTERO 1:3,M2,25711.0
19-02-02,GOTERO,ML,7893.0
19-02-03,REPELLO CIELO ESTERILLA 1:3,M2,27776.0
19-02-04,REPELLO CIELO MALLA 1:2,M2,29436.0
19-02-05,REPELLO CIELO MALLA 1:3,M2,28607.0
19-02-06,REPELLO CANECILLO 1:2 [2C],ML,25838.0
19-02-07,REPELLO CIELO 1:2,M2,24819.0
19-02-08,REPELLO CIELO1:2,ML,15915.0
19-02-09,REPELLO CIELO1:3,M2,24036.0
19-02-10,REPELLO CIELO1:3,ML,15442.0
19-02-11,REPELLO LOSA RUSTICO1:3,M2,22260.0
19-02-12,REPELLO VIGA CANAL[3C],ML,30919.0
19-03-01,PEND.IMPERMEAB.CANALES MORT 1:3,ML,0.0
19-03-02,PEND.IMPERMEAB.LOSA 6 A 10 CM MORT 1:2,M2,52671.0
19-03-03,PEND.IMPERMEAB.LOSA 2 A 4 CM MORT 1:3,M2,32102.0
19-03-04,PEND.IMPERMEAB. 5 CM MORT 1:3,M2,35749.0
19-03-05,PEND.IMPERMEAB.LOSA 2 A 4 CM MORT 1:2,M2,32608.0
19-05-01,ENCHAPE CERAMICA 20.1-25.0X40.0-45.0CM,M2,52199.0
19-05-04,CENEFA CER.: LISTELLO COC 4 COMPL 25 C,ML,24724.0
19-05-05,CERAMIC0 PISO-PARED 20-50X20-50CM,M2,59921.0
19-05-14,ENCHAPE CERAMICA 30-40 CMX50-60 CM,M2,82791.0
19-05-15,ENCHAPE CERAMICA 21.0-40.0 MESON,ML,19592.0
19-05-18,ENCHAPE CERAMICA 20x25 10.0-20.0,ML,12810.0
19-05-20,ENCHAPE CERAMICA LAVADERO 1.2*.60(20X20),UND,180697.0
19-05-22,ENCHAPE CERAMICA 20x30 21.0-40.0,ML,20743.0
19-05-23,ENCHAPE CERAMICA 20x30 41.0-60.0,ML,28748.0
19-05-24,ENCHAPE CERAMICA 20X30 DE 1 CALIDAD,M2,52041.0
19-05-25,ENCHAPE CERAMICA 20x30 10.0-20.0,ML,13601.0
19-05-27,ENCHAPE CERAMICA 25X25 - 1 CALIDAD,M2,54371.0
19-05-28,ENCHAPE CERAMICA 25x25 10.0-20.0,ML,33545.0
19-05-29,ENCHAPE CERAMICA 25x25 21.0-40.0 BANCAS,ML,36118.0
19-05-30,ENCHAPE CERAMICA 25x25 41.0-60.0 MESON,ML,39556.0
19-05-32,ENCHAPE CERAMICA 25x35 41.0-60.0 MESON,ML,29285.0
19-05-33,ENCHAPE CERAMICA 25x35,M2,53361.0
19-05-34,ENCHAPE CERAMICA 25x35 21.0-40.0,ML,21100.0
19-05-35,ENCHAPE CERAMICA 25X35 10.-20. DE CALIDA,ML,13780.0
19-05-39,MURETE DUCHA EN CERAMICA 20X20 ML,ML,55949.0
19-05-41,RESANE CERAMICA,ML,22342.0
19-05-42,ENCHAPE CERAMICA 20X20 -1 CALIDAD,M2,54905.0
19-05-43,ENCHAPE CERAMICA 20x20 10.0-20.0,ML,14257.0
19-05-44,ENCHAPE CERAMICA 20x20 21.0-40.0,ML,22646.0
19-05-45,ENCHAPE CERAMICA 20x20 41.0-60.0,ML,30124.0
19-05-46,ENCHAPE PORCELANATO 50-60X50-60,M2,69040.0
19-06-01,ENCHAPE FACHALETA ROJA X ML,ML,31769.0
19-06-02,ENCHAPE FACHALETA LADRILLO LIMPIO M2,M2,57440.0
19-06-03,ENCHAPE FACHALETA LADRILLO LIMPIO POR ML,ML,23859.0
19-06-06,FACHALETA ROJA,M2,58826.0
19-07-06,GRANITO PULIDO BANCA+FALDON(2),ML,90298.0
19-07-07,GRANITO PULIDO MESON+1/2 CANA+BASE+FALDO,ML,151079.0
19-07-08,GRANITO PULIDO MESON+FALDON,M2,157441.0
19-07-09,ENCHAPE GRANO MARMOL,ML,19807.0
19-07-10,MESON GRANO MARMOL,M2,83276.0
19-07-12,PEDESTAL GRANO LAVADO (CARA),ML,22158.0
19-07-13,ROMPEOLAS GRANITO PULIDO,ML,59807.0
19-07-16,GRANITO LAVADO,M2,35369.0
19-07-17,MESON GRANITO NATURAL NACIONAL,CM2,24839.0
19-08-09,MESON POLICUARZO A=0.50-0.60 M E=1CM,ML,246935.0
19-09-01,ESTRIA REPELLO,ML,6054.0
19-09-02,FILOS,ML,4937.0
19-09-03,RECUBRIMIENTO TUBERIA EN MALLA ML.,ML,6349.0
19-09-05,RESANE MALLA VENA + REPELLO,ML,10815.0
19-09-06,RESANE REPELLO CIELO 1:3,ML,7013.0
19-09-07,RESANE REPELLO MURO 1:2,ML,7155.0
19-09-09,RESANE REPELLO MURO 1:3,ML,7013.0
19-09-10,DILATACIONES,ML,6132.0
19-09-11,REPELLO 1:3 CON FIBRA NYLON,M2,15094.0
19-10-01,MESON QUARTZTONE+FALDON+SALPIC 12MM,ML,565926.0
19-10-02,QUARZTONE CARTERA FALDON=12-15CM,ML,136066.0
19-10-03,LAVABO-POZUELO-POCETA QUARZTONE,ML,977158.0
20-01-01,ALISTADO PISO4 CM,M2,24357.0
20-01-02,ALISTADO PISO5 CM,M2,27817.0
20-01-03,ALISTADO PISO6 CM,M2,30799.0
20-01-07,ALISTADO PISO IMPERMEABLE 4 CM,M2,32183.0
20-01-08,ALISTADO PISO IMPERMEABLE 5 CM,M2,37599.0
20-01-09,ANDEN CONCRETO 10CM 2500 PSI,M2,56024.0
20-01-13,BASE CONCRETO MUEBLE,ML,28776.0
20-01-15,CANAL CONCRETO PISO 50x25x08 CM DOBLE,ML,82858.0
20-01-21,CONTRAPISO CONCRETO E= 8CM2.500Psi,M2,45316.0
20-01-22,CONTRAPISO CONCRETO E=10CM2.500Psi,M2,56024.0
20-01-23,CONTRAPISO CONCRETO E=15CM2.500Psi,M2,67156.0
20-01-24,CONTRAPISO REFORZADO E=20CM3.000Psi,M2,97842.0
20-01-25,CONTRAPISO REFORZADO E= 8CM 3.000Psi,M2,49067.0
20-01-26,CONTRAPISO REFORZADO E= 7CM 3.000Psi,M2,44559.0
20-01-27,CONTRAPISO REFORZADO E=10CM 3.000Psi,M2,60712.0
20-01-29,CONTRAPISO REFORZADO E=15CM 3.000Psi,M2,74188.0
20-01-32,ANDEN CONCRETO 10CM 3000 PSI,M2,60232.0
20-01-33,CONTRAPISO CONCRETO E= 6CM 2.500Psi,M2,39388.0
20-01-34,LOSA CONCRE.CANCHA MULTIP E=10CM 3000PSI,M2,58359.0
20-01-35,PISO/CONCR/CANCH/MULT.E=12CM 3000 PSI,M2,65225.0
20-01-36,ALISTADO PISO NIVELADOR (1 CAPA),M2,4697.0
20-01-37,CORDON CONCRETO 2500 PSI (10X20-25CM),ML,32597.0
20-01-38,CUNETA-CANUELA CONC.3000PSI.A=40CM E=5CM,ML,43054.0
20-01-39,SARDINEL TRAPEZOIDAL B(10-15) H=26-35CM,ML,42500.0
20-01-40,ALISTADO PISO ESMALTADO3 CM,M2,21298.0
20-01-41,SARDINEL TRAPEZOIDAL B=(10-15) H=25CM,ML,35415.0
20-01-42,SARDINEL TRAPEZOIDAL B(15-20) H=26-35CM,ML,48202.0
20-01-43,SARDINEL TRAPEZOIDAL B(15-20) H=36-45CM,ML,53587.0
20-01-44,CANAL CONCRETO PISO 20x20x08 CM,ML,59536.0
20-01-45,CANAL CONCRETO PISO 25x30x08 CM,ML,67465.0
20-01-46,CORDON CONCRETO 3100 PSI (10X20-25CM),ML,33128.0
20-01-47,CONTRAPISO REFORZADO E=13CM 4000 PSI,M2,83840.0
20-02-09,CERAMICA 60-70 CM X60-70 CM TRAF 3-4,M2,84464.0
20-02-12,MURETE DUCHA CERAMICA [DOBLE ],ML,77268.0
20-02-13,MURETE DUCHA CERAMICA [SENCILLO],ML,48202.0
20-02-15,PORCELANATO 50- 60X 50 -60 CM,M2,67696.0
20-02-19,CERAMICA 20.01-22.50 X 20.01-22.50 TRAF,M2,0.0
20-02-21,CERAMICA 32.60-35.00x32.60-35.00 TRAF.3,M2,52469.0
20-02-22,CERAMICA 32.60-35.00X32.60-35.00 TRAF.4,M2,53034.0
20-02-23,CERAMICA 40.01-42.50x40.01-42.50 TRAF 3,M2,49358.0
20-02-25,CERAMICA 30.01-32.50x30.01-32.50 TRAF.3,M2,47124.0
20-02-26,CERAMICA 30.01-32.50x30.01-32.50 TRAF.4,M2,50282.0
20-02-28,CERAMICA 32.60-35.00x32.60-35.00 TRAF.4,ML,39261.0
20-02-35,CERAMICA 30.01-32.50x30.01-32.50 TRAF.3,ML,36549.0
20-02-36,CERAMICA 30.01-32.50x30.01-32.50 TRAF.4,ML,38067.0
20-02-37,CERAMICA 20.01-22.50X20.01-22.50 TRAF. 3,ML,37006.0
20-02-38,CERAMICA 40.01-42.50X40.01-42.50,ML,38610.0
20-02-40,PORCELANATO 80 X 80 CM,M2,65989.0
20-03-01,ADOQUIN GRESS [PEATONAL ] H=2.5,M2,56835.0
20-03-02,ADOQUIN GRESS [VEHICULAR] H=5.0,M2,74528.0
20-03-11,TABLETA GRESS 10x10,M2,49383.0
20-03-12,TABLETA GRESS 10x20,M2,40472.0
20-03-14,TABLON GRESS 20X20,M2,62756.0
20-03-17,ZOCALO TABLETA GRESS H=20CM,ML,23806.0
20-03-21,TABLON GRESS 25x25 GRAFILADO,M2,47069.0
20-03-22,TABLETA GRESS 20X20,M2,40967.0
20-03-24,TABLON GRESS 33x33 DILATAC.GRAVA 3-5CM,M2,0.0
20-03-25,TABLON GRESS 33x33 DILATAC.MORTERO 1-2CM,M2,53024.0
20-03-27,TABLON GRESS 15x15 DILATAC.GRAVA 3-5CM,M2,49091.0
20-03-28,TABLETA GRESS 30-35X30-35 -SOBRE LOSA,M2,67193.0
20-03-29,PELDANO GRESS ESCALGRESS 20X20,ML,64713.0
20-04-01,ADOQUIN CONCRETO VEHICULAR CRUZ,M2,54392.0
20-04-03,BALDOSA CEMENTO,M2,89455.0
20-04-07,BALDOSA GRANO # 2-3 30-35x30-35 CONMARMO,M2,96570.0
20-04-10,BALDOSA GRANO # 4-5 30-35X30-35 ALFA D5,M2,106651.0
20-04-14,CENEFA GRANITO PULIDO,ML,40085.0
20-04-21,GRANITO PULIDO[PANO],M2,85882.0
20-04-23,GRAVA LAVADA,M2,49209.0
20-04-26,PELDANO GRANITO,ML,93190.0
20-04-28,PELDANO GRAVILLA LAVADA,ML,65385.0
20-04-35,ADOQUIN CONCRETO PEATONAL CRUZ,M2,54332.0
20-04-38,ADOQUIN CONCRETO VEHICULAR RECTANGULAR,M2,65431.0
20-04-40,BALDOSA GRANO # 4-5 40X40,M2,99701.0
20-04-41,BALDOSA GRANO 30X30,M2,95389.0
20-04-42,BALDOSA GRANO #3 DE 30-35X30-35,M2,114621.0
20-04-44,ADOQUIN CONCRETO PEATONAL GUITARRA,M2,72142.0
20-04-45,CARBONILLA,M2,6091.0
20-04-46,CENEFA GRAVA LAVADA <= 25CMS,ML,13205.0
20-04-47,ADOQUIN CONCRETO ECOLOGICO-GRAMOQUIN,M2,78716.0
20-05-06,BALDOSA VINILO 30X30CM 3.0 MM,M2,80370.0
20-05-07,BALDOSA VINILO 30X30CM 2.0MM,M2,48993.0
20-05-08,BALDOSA VINILO 30X30 1.6 MM,M2,39256.0
20-05-10,ROLLO VINILO 2-3MM ANCHO=2M,M2,107035.0
20-05-11,CAUCHO TIPO TOPEROL,M2,89953.0
20-06-01,AUTONIVELANTE,M2,115527.0
20-06-17,ALLANADO MECANICO ESMALTADO,M2,9977.0
20-06-18,ALLANADO MECANICO ESMALTADO GRIS-NEGRO,M2,21559.0
20-06-19,ALLANADO MECANICO ESMALTADO NEUTRO,M2,18057.0
20-07-01,ENTRAMADO LISTON 2X3 AMARILLO C/50-60CM,M2,27624.0
20-07-03,PISO MADERA MACHIMBRE CHANUL 1.5-2.0CM,M2,81600.0
20-07-06,PISO MADERA LISTON M.H. PINO ROMERON,M2,33178.0
20-07-08,PISO LAMINA TRIPLEX 18MM-ENTRAM.AMARILLO,M2,103610.0
20-07-09,PISO MADERA TABLA CHANUL 2CM,M2,76180.0
20-07-10,PISO MADERA LISTON M.H.GUYMARO 10X2.0CM,M2,70658.0
20-07-11,PISO MADERA TABLA MACHARE 1X10 - 2CM,M2,86197.0
20-07-12,ENTRAMADO CUARTON 2X4 AMARILLO,M2,26651.0
20-08-02,GUARDAESCOBA CEMENTO + PINTURA,ML,10354.0
20-08-04,GUARDAESCOBA MORTERO 1/2 CAÑA,ML,22294.0
20-08-05,GUARDAESCOBA EPOXICO 1/2C #261,ML,35010.0
20-08-08,GUARDAESCOBA GRANITO PREFABRICADO 10CM,ML,14418.0
20-08-09,GUARDAESCOBA GRANITO 1/2 C + DIL. BRONCE,ML,0.0
20-08-10,GUARDAESCOBA GRANITO PREFABRICADO 7CM,ML,15699.0
20-08-13,GUARDAESCOBA PORCELANATO 7X30CM,ML,15834.0
20-08-14,GUARDAESCOBA TABLON,ML,9977.0
20-08-16,GUARDAESCOBA VINISOL 6.8CM,ML,7782.0
20-08-17,GUARDAESCOBA VINISOL 10 CM,ML,13291.0
20-08-18,GUARDAESCOBA CEDRO 8CM,ML,14132.0
20-08-19,GUARDAESCOBA GRANITO 1/2 C + DIL. PLAST.,ML,36035.0
20-08-21,GUARDAESCOBA GRESS H=10CM,ML,13829.0
20-08-22,GUARDAESCOBA GRESS H= 7CM,ML,12709.0
20-08-23,GUARDAESCOBA GRAVA LAVADA,ML,15238.0
20-08-25,GUARDAESCOBA MADERA CEDRO BLANCO H= 8X1C,ML,13913.0
20-09-05,PIRLAN - PIRAGUA ALUMINIO,ML,5406.0
20-09-08,"REJILLA ANGULO HIERRO 1,1/2"" Y VAR.1/2""",ML,187797.0
20-09-09,PULIDA GUARDAESCOBA GRANITO 1/2 CANA (E),ML,26870.0
20-09-10,"BANDA EN ELASTOMERO D=4""X ,1/2""",UND,10630.0
20-09-11,"REJILLA PISO ANGULO 1,1/2""-VARILLA 3/8""",ML,125876.0
20-09-12,DILATACION-JUNTA ASFALTO,ML,851.0
20-10-02,ALLANADO MECANICO+ESMALTADO,M2,12165.0
20-10-03,ESTAMPADO MOLDE+COLOR+SELLO+JUNTA,M2,38317.0
21-01-01,COLOC.PUERTA MADERA,UND,57072.0
21-01-10,NAVE MAD.MACIZA 151-180 CEDRO,UND,2863877.0
21-01-12,NAVE MAD.TRIPLEX 4MM 50- 70 (1N-B) -CAN,UND,194173.0
21-01-15,NAVE MAD.TRIPLEX 61- 80 (1N-B],UND,379114.0
21-01-16,NAVE MAD.TRIPLEX 61- 80 (1N-V)P,UND,726933.0
21-01-17,NAVE MAD.TRIPLEX 61- 80V(1N-V)P,UND,786363.0
21-01-18,NAVE MAD.TRIPLEX 81-100 (1N-B),UND,389722.0
21-01-19,NAVE MAD.TRIPLEX 81-100 (1N-V)P,UND,749602.0
21-01-20,NAVE MAD.TRIPLEX 81-100V(1N-V)P,UND,801736.0
21-01-21,NAVE MAD.TRIPLEX 81-100V(1N-V),UND,687969.0
21-01-26,NAVE MAD.TRIPLEX 100-120 (2N-B),UND,688894.0
21-01-27,NAVE MAD.TRIPLEX 100-120 (2N-V)P,UND,1290209.0
21-01-28,NAVE MAD.TRIPLEX 100-120 (2N-V),UND,1188388.0
21-01-36,NAVE MAD.TRIPLEX 221-250V(2N-V)P,UND,1799142.0
21-01-38,NAVE MACHARE 80-90 C=3X2 P=1X10 H=210C,UND,397920.0
21-01-47,NAVE MAD.TRIPLEX 4MM 50- 70V(1N-V),UND,622761.0
21-01-48,NAVE MAD.TRIPLEX 61- 80 (1N-V),UND,668959.0
21-01-55,NAVE MAD.TRIPLEX ENTABLERA-CEDRO(80-100),UND,1313382.0
21-01-58,NAVE MAD.TIPO FORTEC( 60- 70),UND,127043.0
21-01-59,NAVE MAD.TIPO FORTEC ( 71- 90),UND,183848.0
21-01-60,NAVE MAD.TIPO FORTEC ( 91-100),UND,197089.0
21-01-61,NAVE MAD.TIPO FORTEC (101-150),UND,342292.0
21-01-62,NAVE MAD.TRIPLEX 4MM 55- 75CM-ECONOMICA,UND,173100.0
21-01-63,NAVE MAD.TRIPLEX 4MM 80-110CM-ECONOMICA,UND,197916.0
21-01-74,NAVE MAD.TRIPLEX 4MM 60- 75CM-NORMAL,UND,184873.0
21-01-76,NAVE MAD. RH 81-100 (1N-B),UND,415513.0
21-01-77,NAVE MAD. RH 81-100 (1N-C),UND,443727.0
21-01-78,NAVE MAD RH 81-100 (1N-V)P,UND,572021.0
21-01-79,NAVE MAD RH 100-120 (2N-B),UND,707417.0
21-01-80,NAVE MAD RH 100-120 (2N-V)P,UND,818025.0
21-01-81,NAVE MAD RH 121-140 (2N-V)P,UND,903483.0
21-01-82,NAVE MAD RH 161-180 (2N-V)P,UND,1089383.0
21-01-83,NAVE MAD RH 181-200 (2N-V),UND,0.0
21-01-84,NAVE MAD. RH 161-180 (2N-B),UND,929775.0
21-02-01,INST.MARCO VENT.MAD.(VANO 1 M2),M2,33550.0
21-02-02,INSTALACION VENTANA DE MADERA(VANO 1 M2),M2,33550.0
21-04-09,MUEBLE BAJO MESON LAMINA RH,ML,538720.0
21-04-12,MUEBLE PROTECCION TUBERIAS DE 31X35CM,ML,278395.0
21-04-13,MUEBLE PROTECCION TUBERIAS DE 20X25CM,ML,248593.0
21-04-14,MUEBLE PROTECCION TUBERIAS DE 26X30CM,ML,270199.0
21-04-15,TAPA-REPISA DUCTOS GASES MED.26/30,ML,270199.0
21-05-01,PASAMANOS MADERA CEDRO A=15CM E=2CM,ML,58966.0
21-05-02,PROTECTOR MADERA CEDRO A=10CM E=2CM,ML,54261.0
21-05-03,PROTECTOR MADERA CEDRO A=30CM E=2CM,ML,113472.0
21-05-04,PROTECTOR MADERA CEDRO20 CM,ML,89500.0
21-05-05,PROTECTOR MADERA TRIPLEX 20 CM,ML,78824.0
21-05-06,PROTECTOR MADERA TRIPLEX 30 CM,ML,104803.0
21-05-07,PROTECTOR MADERA-ACRILICO 20 CMS,ML,120675.0
21-06-02,VIGA MADERA CHANUL 3x6x4MTS CEPILL-CANT.,ML,39406.0
21-06-03,PUNTA DE CAN (BORDE REDONDEADO-CEPILLADO,UND,23935.0
21-06-04,VIGA MADERA CHANUL 3x6x6MTS CEPILL-CANT.,ML,34092.0
21-06-05,VIGA MADERA CHANUL 2X5X3MTS CEPILL-CANT.,ML,23520.0
21-08-04,ENCHAPE LISTON MACH.PINO PATULA,M2,39990.0
21-09-01,MARCO MAD.AMARILLO-NOGAL 80-100 H=210CM,UND,180187.0
21-09-02,"MARCO PINO CEPILLADO MSD 80-100CM A=4-6""",UND,0.0
21-09-03,MARCO MACHARE 80-90 H=210C,UND,173671.0
21-10-01,CAMBIO RIEL CAJON-SIMILAR-GUIA EXTENSION,UND,92419.0
22-01-01,VENTANA LAM.PERSIANA FIJA CAL.20,M2,212382.0
22-01-02,VENTANA LAM.VIDRIO SENCILLA CAL.20 COR.,M2,217822.0
22-01-03,VENTANA LAM.VIDRIO-VARILLA C.20 BASCUL.,M2,257205.0
22-01-04,VENTANA LAM.VIDRIO-VARILLA CAL.20 BAT.,M2,263177.0
22-01-05,VENTANA LAM.VIDRIO-VARILLA CAL.20 COR.,M2,269965.0
22-01-06,VENTANA LAM.VIDRIO-VARILLA CAL.20 FIJA,M2,0.0
22-01-07,LUCETA LAMINA CORR H<0.50 CAL.20,ML,153334.0
22-01-08,LUCETA LAMINA FIJA H <0.50 CAL.20,ML,74446.0
22-02-01,MARCO VENTANA LAM.CEL.H <0.50 M CAL.20,ML,74746.0
22-02-02,MARCO VENTANA LAM.CEL.H >0.51 M CAL.20,M2,126604.0
22-03-02,NAVE LAM.ENTAMB.CAL.20 COR.,M2,297986.0
22-03-03,NAVE LAM.ENTAMB.CAL.20 VAI.,M2,287312.0
22-03-04,NAVE LAM.ENTAMB.CORREDIZA-FUELLE CAL.20,M2,260336.0
22-03-05,NAVE LAM.ENTAMB.VIDRIOCAL.20 BAT.,M2,186833.0
22-03-06,NAVE LAM.ENTAMB.VIDRIO CAL.20 COR.,M2,254792.0
22-03-07,NAVE LAM.ENTAMB.VIDRIO CAL.20 VAI.,M2,184380.0
22-03-08,NAVE LAM.ENTAMB.VIDRIO-REJA CAL.20 BAT.,M2,121521.0
22-03-09,NAVE LAM.ENTAMB.VIDRIO-REJA CAL.20 COR.,M2,137309.0
22-03-10,NAVE LAM.ENTAMB.VIDRIO-REJA CAL.20 VAI.,M2,227328.0
22-03-11,NAVE LAM.LLENA GALVANIZADA CAL.20 BAT.,M2,225588.0
22-03-12,NAVE LAM.LLENACAL.20 BAT.,M2,175242.0
22-03-13,NAVE LAM.LLENACAL.20 COR.,M2,251374.0
22-03-14,NAVE LAM.LLENA CAL.20 VAI.,M2,175242.0
22-03-15,NAVE LAM.LLENA BAT.+CERR.+PINT CAL.20,UND,329067.0
22-03-19,ARREGLO NAVE LAMINA,M2,119571.0
22-04-01,MARCO LAM. 0.70-1.0 M CAL.20 LISO S/LUCE,UND,81962.0
22-04-02,MARCO LAM. 0.70-1.0 M CAL.20 PEST C/LUCE,UND,144831.0
22-04-03,MARCO LAM. 0.70-1.0 M CAL.20 PEST S/LUCE,UND,114766.0
22-04-04,MARCO LAM. 1.01-1.5 M CAL.20 LISO S/LUCE,UND,100549.0
22-04-05,MARCO LAM. 1.01-1.5 M CAL.20 PEST S/LUCE,UND,162644.0
22-04-06,MARCO LAM. 1.51-2.0 M CAL.20 LISO S/LUCE,UND,129698.0
22-04-07,MARCO LAM. 1.51-2.0 M CAL.20 PEST S/LUCE,UND,189062.0
22-04-08,MARCO LAM.GALV.0.70-1.0 CAL.20 PEST C/LU,UND,188730.0
22-04-09,ARREGLO MARCO LAMINA,UND,106430.0
22-06-01,"BARANDA-PASAM.LAM. TUB.1,1/2x1,1/2"" C.20",M2,0.0
22-06-02,BARANDA-PASAM.LAM. TUB.2 x2 C.20,M2,204611.0
22-06-03,BARANDA-PASAM.LAM. TUB.3 x1/1x1 C.20,M2,165479.0
22-06-05,"BARANDA INDIV.TUBO GALV. 1,1/2"" C/SOPORT",ML,76921.0
22-06-06,"BARANDA INDIV.TUBO GALV. 2"" C/SOPORT",ML,83645.0
22-06-07,"BARANDA-PASAM.LAM.GALV 2,1/2x1,1/2x1,1/2",ML,215757.0
22-06-09,"BARANDA-PASAM.TUB.GALV 1,1/2x1",M2,220333.0
22-06-10,"BARANDA-PASAM.TUB.GALV 2x ,1/2 VAR.",M2,220333.0
22-06-11,BARANDA-PASAM.TUB.GALV 2x1,M2,330797.0
22-06-12,"PASAMANOS TUBO GALV. 1,1/2"" S/BARROTES""",M2,239426.0
22-06-13,"PASAMANOS TUBO GALV. 2""S/BARROTES""",M2,274648.0
22-06-14,"PASAMANOS-PARED TUBO GALV. 1,1/2"" C/SOP.",ML,227328.0
22-07-01,CLOSET LAMINA LISA CAL.20 CORRED/EMBIZ.,M2,253828.0
22-08-01,"REJA SEGUR.LAMI.TUB.1,1/2""x1,1/2 CAL.20",M2,190007.0
22-08-03,"ARREGLO REJA LAMINA TUBUL. 1,1/2""x1,1/2""",M2,98556.0
22-08-04,REJA CLARABOYA LAM.TECHO 0.60*0.80 M C18,UND,262828.0
22-09-01,INST.MARCO VENT.LAM.CEL.REJA H<=0.5M C20,ML,28956.0
22-09-02,INSTALACION LUCETA LAMINA H<=0.50M,ML,26907.0
22-09-03,INSTALACION MARCO PUERTA LAMINA CAL.20,UND,32416.0
22-09-04,INSTALACION NAVE PUERTA LAMINA,UND,0.0
22-09-05,INSTALACION PUERTA LAMINA CAL.20,M2,31286.0
22-09-06,INSTALACION VENTANA EXISTENTE LAMINA,M2,18738.0
22-09-07,"INSTAL.BAR.INDIV.TUBO GALV. 1,1/2""-2""",ML,18805.0
22-09-08,INSTALACION BARANDA-PASAMANOS-REJA,M2,26886.0
22-10-01,CELOSIA ALUMINIO-VIDRIO,M2,188968.0
22-10-02,LUCETA ALUM CORREDIZA 5020 H 50CM [OX],ML,148256.0
22-10-03,LUCETA ALUM.ESCUALIZE 744 H 50CM [OX],ML,119105.0
22-10-04,LUCETA ALUM.CORREDIZA 744 H 50 CM [OX],ML,158500.0
22-10-05,LUCETA ALUM.BASCULANTE P.38-31 H <0.50M,ML,209577.0
22-10-06,LUCETA ALUM.FIJAP. 7-44 H <0.50M,ML,120716.0
22-10-07,LUCETA ALUM.FIJAP.50-20 H <0.50M,ML,104861.0
22-10-08,LUCETA ALUM.PERSIANAH <0.50M,ML,257980.0
22-10-09,VENTANA ALUM.PERSIANA,M2,408707.0
22-10-10,VENTANA ALUM.CORREDIZA 5020 V-[OX],M2,208674.0
22-10-11,VENTANA ALUM.CORREDIZA 744 V-[OX],M2,233659.0
22-10-12,VENTANA ALUM.BASCULANTE P.38-31,M2,229756.0
22-10-13,VENTANA ALUM.BASCULANTE P.7-44,M2,277620.0
22-10-14,VENTANA ALUM.FIJAP.50-20,M2,183335.0
22-10-15,VENTANA ALUM.FIJA P.7-44,M2,207250.0
22-10-16,VENTANA ALUM.FIJA P.38-31,M2,196566.0
22-10-17,VENTANA ALUM.BASCULANTE P.38-31 [2V-LAM],M2,336128.0
22-10-18,VENTANA ALUM.CORREDIZA P.50-20 1400X1200,UND,287766.0
22-10-19,VENTANA ALUM.CORREDIZA P.50-20 1600X1200,UND,298372.0
22-10-20,VENTANA ALUM.CORREDIZA P.7-44 V-[OXXO],M2,251437.0
22-10-21,VENTANA ALUM.CORREDIZA P.7-44 V-[ OXO],M2,260401.0
22-10-22,LUCETA ALUM.CORREDIZA P.7-44 V-[OXXO],ML,168936.0
22-10-23,LUCETA ALUM.CORREDIZA P.7-44 [OXO],ML,162755.0
22-12-17,DIV.COLGANTE BANO ACRILICO P/42-15,M2,257596.0
22-12-18,NAVE ALUM.ENCHAPADA LLENABAT.,M2,398956.0
22-12-19,NAVE ALUM.ENCHAPADA LLENACOR.,M2,419439.0
22-12-20,ALACENA ALUMINIO ACRILICO MESON,M2,197099.0
22-12-21,"NAVE ALUM.BARROTES 1,1/2""x1,1/2"" COR.",M2,363072.0
22-12-22,"NAVE ALUM.BARROTES 1,1/2""x1,1/2"" BAT.",M2,332072.0
22-12-23,"NAVE ALUM.BARROTES 1,1/2""x1,1/2"" VAI.",M2,332072.0
22-12-25,NAVE ALUM.ENTAMBORADA-REJA COR.,M2,456998.0
22-12-26,NAVE ALUM.ENTAMBORADA-REJA BAT.,M2,436514.0
22-12-27,NAVE ALUM.ENTAMBORADA-REJA VAI.,M2,436514.0
22-12-28,NAVE ALUM.ENTAMBORADA-VIDRIO BAT.,M2,462676.0
22-12-29,NAVE ALUM.ENTAMBORADA-VIDRIO COR.,M2,444466.0
22-12-30,NAVE ALUM.ENTAMBORADA-VIDRIO VAI.,M2,423982.0
22-12-31,NAVE ALUM.ENTAMBORADA-VIDRIO-REJA BAT.,M2,471925.0
22-12-32,NAVE ALUM.ENTAMBORADA-VIDRIO-REJA COR.,M2,492409.0
22-12-33,NAVE ALUM.ENTAMBORADA-VIDRIO-REJA VAI.,M2,471925.0
22-12-34,NAVE ALUM.ENTAMBORADA-VISOR COR.,M2,548811.0
22-12-35,NAVE ALUM.ENTAMBORADA-VISOR VAI.,M2,521082.0
22-12-36,NAVE ALUM.PERSIANABAT.,M2,322276.0
22-12-38,NAVE ALUM.ENTAMBORADA-LLENA COR.,M2,539644.0
22-12-39,NAVE ALUM.ENTAMBORADA-LLENA VAI.,M2,521149.0
22-12-40,NAVE ALUM.ENCHAPADA LLENA VAI.,M2,398956.0
22-12-42,NAVE ALUM.ENCHAPADA-VISOR COR.,M2,408010.0
22-12-43,NAVE ALUM.ENCHAPADA-VISOR VAI.,M2,386937.0
22-12-44,NAVE ALUM.ENCHAPADA-VIDRIO BAT.,M2,396757.0
22-12-45,NAVE ALUM.ENCHAPADA-VIDRIO COR.,M2,393291.0
22-12-46,NAVE ALUM.ENCHAPADA-VIDRIO VAI.,M2,372808.0
22-12-47,NAVE ALUM.ENCHAPADA-VIDRIO-REJA BAT.,M2,420751.0
22-12-48,NAVE ALUM.ENCHAPADA-VIDRIO-REJA COR.,M2,441234.0
22-12-49,NAVE ALUM.ENCHAPADA-VIDRIO-REJA VAI.,M2,420751.0
22-12-50,NAVE ALUM.ENCHAPADA-REJA BAT.,M2,375878.0
22-12-51,NAVE ALUM.ENCHAPADA-REJA COR.,M2,409110.0
22-12-52,NAVE ALUM.ENCHAPADA-REJAVAI.,M2,388626.0
22-12-53,NAVE ALUM.PERSIANACOR.,M2,342426.0
22-12-54,NAVE ALUM.PERSIANAVAI.,M2,321942.0
22-13-01,MARCO ALUM. 0.61-0.80 M LISOC/LUCETA,UND,235762.0
22-13-03,MARCO ALUM. 0.81-1.00 M LISOC/LUCETA,UND,212621.0
22-13-04,MARCO ALUM. 0.81-1.00 M PESTC/LUCETA,UND,216452.0
22-13-05,MARCO ALUM. 1.01-1.20 M LISOC/LUCETA,UND,236629.0
22-13-06,MARCO ALUM. 1.01-1.20 M PEST C/LUCETA,UND,246929.0
22-13-09,MARCO ALUM. 1.41-1.60 M LISO C/LUCETA,UND,282796.0
22-13-12,MARCO ALUM. 1.61-1.80 M PEST C/LUCETA,UND,325478.0
22-13-13,MARCO ALUM. 1.81-2.00 M LISO C/LUCETA,UND,0.0
22-13-14,MARCO ALUM. 1.81-2.00 M PEST C/LUCETA,UND,356678.0
22-13-15,MARCO ALUM. 2.01-2.20 M LISO C/LUCETA,UND,373915.0
22-13-16,MARCO ALUM. 2.01-2.20 M PEST C/LUCETA,UND,352925.0
22-14-01,"BARANDA INDIV.TUBO ALUM. 1,1/2""",ML,61660.0
22-14-02,"PASAMANOS TUBO ALUM. 1,1/2 SOPORTE PARED",ML,162332.0
22-14-03,"BARANDA-PASAM.ALU. TUB 1,1/2"" OVAL.3x1""",M2,337904.0
22-14-04,"BARANDA INDIV.TUBO ALUM. 2""",ML,63104.0
22-15-01,ALFAGIA ALUMINIO A=160MM D=15-20CM,ML,37581.0
22-15-02,ALFAGIA ALUMINIO A=220MM D=22-32CM,ML,40691.0
22-15-04,"JUNTA ALUMINIO 3"" 1/8*3""",ML,35269.0
22-15-05,ALFAJIA ALUM.22-40 CM ANCHO,ML,63116.0
22-15-06,PERFIL CANAL ALUM 3X1,ML,38131.0
22-18-03,"REJA SEGUR.ALUM.TUB.1""X2""<0.50M""",ML,163306.0
22-18-04,"REJA SEGUR.ALUM.TUB.1,1/2""x1,1/2""<0.50M""",ML,132696.0
22-18-05,"REJA SEGUR.ALUM.TUB.1,1/2""x1,1/2""",M2,218016.0
22-18-06,"REJA SEGUR.ALUM.TUB.1 x2""",M2,210263.0
22-19-01,INSTALACION MARCO ALUMINIO 0.70-1.00 M,UND,28280.0
22-19-02,INSTALACION MARCO ALUMINIO 1.01-1.50 M,UND,33379.0
22-19-03,INSTALACION MARCO ALUMINIO 1.51-2.00 M,UND,38830.0
22-19-04,INSTALACION NAVE ALUMINIO ENTAMB.,UND,25656.0
22-19-05,INSTALACION NAVE ALUMINIO ENTAMB.VIDRIO,UND,30755.0
22-19-06,INSTALACION NAVE ALUMINIO LLENA,UND,25496.0
22-19-07,INSTALACION NAVE ALUMINIO REJA,UND,25656.0
22-19-08,INSTALACION NAVE ALUMINIO VIDRIO-REJA,UND,30755.0
22-19-09,INSTALACION VENTANA EXISTENTE,M2,17946.0
22-19-10,"INSTALACION JUNTA ALUMINIO 3""*1/8""",ML,12748.0
22-19-11,"INSTALACION BARANDA INDIVIDUAL 1.1/2""-2""",ML,15938.0
22-19-12,"INSTALACION BARANDA-PASAM.ALUM. 1.1/2""",ML,27096.0
22-19-14,INSTALACION SILLETERIA MADERA-METAL [E],UND,4890.0
22-19-15,INSTALACION VENTANA-LUCETA ALUMINIO,UND,32283.0
22-19-16,INSTALACION REJA VENTANA-LUCETA ALUM,UND,27504.0
22-23-01,"NAVE REJA TUBULAR ,3/4x ,3/4 CAL.20",M2,143831.0
22-23-06,"NAVE REJA TUBULAR 1,1/2x1,1/2 CAL.20",M2,191664.0
22-26-02,MARCO CI ANGULO 3.1/4-2.3/4-[1/8] 50X50,UND,137902.0
22-26-03,MARCO CI ANGULO 3.1/4-2.3/4-[1/8] 60X 60,UND,153186.0
22-26-04,MARCO CI ANGULO 3.1/4-2.3/4-[1/8] 70X70,UND,168535.0
22-26-05,MARCO CI ANGULO 3.1/4-2.3/4-[1/8] 80X80,UND,200613.0
22-26-06,MARCO CI ANGULO 3.1/4-2.3/4-[1/8] 90X90,UND,224096.0
22-26-07,MARCO CI ANGULO 3.1/4-2.3/4-[1/8] 100X10,UND,231401.0
22-26-10,BASE CAJON ANGULO SOPORTE MESON 20-25CM,ML,317767.0
22-28-01,REJA SEGURIDAD ANGULO 1x1/ 8-PLAT 1x3/16,M2,184198.0
22-28-02,REJA SEGURIDAD ANGULO 1x1/ 8-VARI 1/ 2,M2,188785.0
22-28-03,REJA SEGURIDAD ANGULO 1.1/ 8-MALLA #10,M2,100849.0
22-28-04,REJA SEGURIDAD VAR.REDONDA 1/2,M2,119005.0
22-28-05,REJA SEGURIDAD PLAT.1/8X1 TANQ.SANITARIO,UND,62026.0
22-28-06,REJA SEGURIDAD VAR.CUADRADA 1/2 H<50CM,ML,103926.0
22-28-07,REJA SEGURIDAD VAR.CUADRADA 1/2 H>51CM,M2,194376.0
22-28-08,REJILLA PISO A=1/8X1.1/2 P=1/8X1.1/2 50C,ML,209635.0
22-28-09,"CHUZO REMATE REJA SEGURIDAD 1/2""-20 CM""",UND,5698.0
22-28-11,REJA SEGURIDAD VAR.CUADRADA 12MM H>50CM,M2,175624.0
22-29-01,"INSTAL.REJA SEG.VAR.CUADR. 1/2"" O 12 MM""",M2,25715.0
22-29-02,"CADENA GALV BAJANTE AGUAS LLUVIAS 3/16""",ML,14314.0
22-29-03,"ANGULO DE HIERRO2""x2"" x1/ 4""",ML,31754.0
22-29-06,REPARACION AJUSTE MARCO-NAVE ALUMINIO,UND,96496.0
22-29-08,REPARACION AJUSTE REJA ALUMINIO,UND,40128.0
22-30-04,MESON A.INOX. 51-60CM CAL.18 T-304,ML,655680.0
22-30-06,MESON ACERO INOX.ENTREPANO 0.50M C.18,ML,362187.0
22-30-11,MESON A.INOX. 150X60CM +POZUELO,UND,168209.0
22-30-12,POZUELO A.INOX. INCR 45-50X45-50 C-,UND,451630.0
22-30-15,MESON A.INOX. 100X52CM + POZUELO,UND,164331.0
22-30-16,MESON A.INOX 120X60CM + POZUELO,UND,335331.0
23-40-01,TABLA PLASTICA 3.0X10X300CM,UND,37087.0
23-40-03,TABLA PLASTICA 2.5X15X300 CM,UND,42394.0
23-40-04,TABLON PLASTICO 5.0X15X300 CM,UND,79364.0
23-41-01,CUARTON PLASTICO 5.0X10X300CM,UND,55046.0
23-41-02,RECTANGULAR 7.5X9.0X195 CM,UND,50269.0
23-42-03,POSTE CUADRADO PVC 10X300 CM - 4,UND,84374.0
23-42-04,POSTE CUADRADO PVC 8.0X210CM - 3.1/6,UND,47934.0
23-42-06,POSTE REDONDO PVC 7.5X300CM - 3,UND,56907.0
23-42-07,POSTE REDONDO PVC 10X300CM - 4,UND,88620.0
23-42-10,POSTE CUADRADO PVC 3.5X295 CM -1.1/4,UND,21926.0
23-42-12,POSTE CUADRADO PVC 9.0X225 CM - 3.1/2,UND,69696.0
23-42-13,POSTE CUADRADO PVC 9.0X300 CM - 3.1/2,UND,85619.0
23-42-14,POSTE CUADRADO PVC 12X300 CM - 3.1/2,UND,110764.0
23-42-15,POSTE CUADRADO PVC 15X300 CM - 6,UND,188244.0
23-42-16,POSTE REDONDO PVC 15X330CM - 6,UND,218244.0
24-02-01,DIV.ALUM.-ACRILICO 50% CORREDIZA R=4215,M2,169585.0
24-02-02,DIV.ALUM.ACRILICO 75% CORREDIZA R=4215,M2,162690.0
24-02-08,DIV.ANGEO FIBRA ALUMINIO LIVIANO [-X],M2,75132.0
24-02-09,DIV.ANGEO FIBRA ALUMINIO PESADO,M2,78064.0
24-02-11,DIV.ALUM.BOARD-VIDRIO 1C H=2.50M,ML,457946.0
24-02-12,DIV.ALUM.BOARD-VIDRIO 2C H=2.50M,ML,519190.0
24-03-04,DIV.METALICA BANO LAMINA GALVANIZA. C-22,M2,283070.0
24-03-05,DIV.METALICA BANO LAMINA COLD ROLL. C-22,M2,270248.0
24-03-06,DIV.METALICA BANO LAMINA COLD ROLL. C-20,M2,237617.0
24-03-07,DIV.METALICA BANO L.GALVIZADA C-20 [E],M2,309479.0
24-03-09,DIV.METALICA BANO L.ACERO INOX C.18,M2,614425.0
24-03-11,DIV.METALICA BANO LAM.COLD ROLL C.18 LL.,M2,260413.0
24-03-12,DIV.BANO A.INOX PARAL EXTREMO 36-46CM,UND,0.0
24-03-13,DIV.BANO A.INOX PARAL EXTREMO 16-34CM,UND,505042.0
24-03-14,DIV.BANO A.INOX PARAL EXTREMO 10-11CM,UND,396389.0
24-03-15,DIV.BANO A.INOX TABIQUE 1.17-1.37-H=1.60,UND,1346941.0
24-03-16,DIV.BANO A.INOX NAVE 57CM H=1.60M,UND,688295.0
24-03-17,DIV.BANO A.INOX PERFIL RECIBIDOR 30CM,UND,132394.0
24-03-18,DIV.BANO A.INOX ORINAL 96X46CM,UND,427961.0
24-04-02,MURO CARTERA SUPERBOARD 10 MM,ML,0.0
24-04-03,MURO CARTERA SUPERBOARD 14 MM,ML,39861.0
24-04-04,MURO CARTERA SUPERBOARD 8 MM,ML,29070.0
24-04-05,MURO 1-PANEL 13MM 1-PANEL 13MM RH,M2,65511.0
24-04-06,MURO 1-BOARD 10MM 1-PANEL 13MM RH,M2,79348.0
24-04-07,MURO 1-BOARD 10MM 1-PANEL 13MM,M2,71426.0
24-04-13,MURO 1-BOARD 14MM 1-CARA,M2,59269.0
24-04-14,MURO 1-BOARD 14MM 1-PANEL 13MM R,M2,85623.0
24-04-15,MURO 1-BOARD 14MM 1-BOARD 14MM,M2,120820.0
24-04-16,MURO 1-BOARD 8MM 1-CARA,M2,41633.0
24-04-18,MURO 1-BOARD 8MM 1-PANEL 13MM RH,M2,74668.0
24-04-19,MURO 1-BOARD 8MM 1-BOARD 8MM,M2,83427.0
24-04-26,MURO ENCHAPE 1-GYPLAC 13MM,M2,24743.0
24-04-31,MURO 1-BOARD 10MM 1-BOARD 10MM,M2,94734.0
24-04-33,ESTRUC.MURO PANEL [CANAL-PARAL] 60MM C26,M2,22473.0
24-04-34,ESTRUC.MURO PANEL [CANAL-PARAL] 90MM C26,M2,23035.0
24-04-35,ESTRUC.MURO PANEL [CANAL-PARAL] 93MM C24,M2,28312.0
24-04-36,ESTRUC.MURO BOARD [CANAL-PARAL] 63MM C20,M2,35521.0
24-04-37,ESTRUC.MURO BOARD [CANAL-PARAL] 89MM C20,M2,28662.0
24-04-38,ESTRUC.MURO BOARD [CANAL-PARAL] 92MM C20,M2,35624.0
24-04-39,ESTRUC.MURO BOARD [CANAL-PARAL]140MM C20,M2,68108.0
24-04-40,ESTRUC.MURO PANEL ENCHAPE[OMEGA]60MM C26,M2,13549.0
24-04-41,ESTRUC.MURO BOARD ENCHAPE[OMEGA]60MM C20,M2,14646.0
24-04-42,MURO 1-PANEL 13MM 1 CARA,M2,24879.0
24-04-43,DINTEL BOARD 10MM A=10-25CM [3 CARAS],ML,42205.0
24-04-44,ESTRUC.DINTEL BOARD[OMEGA-ANG]92MM C20,ML,29143.0
24-04-45,DINTEL BOARD 10MM A=26-50CM [3 CARAS],ML,70555.0
24-04-46,DINTEL BOARD8MM A=10-25CM [3 CARAS],ML,38585.0
24-04-47,DINTEL BOARD 8MM A=26-50CM [3 CARAS],ML,63315.0
24-05-01,DESMONTE ARCHIVADOR COLGANTE,UND,5318.0
24-05-02,DESMONTE CAJONERA,UND,5318.0
24-05-03,DESMONTE SUPERFICIE A<=49CM L<=119CM,UND,4049.0
24-05-04,DESMONTE SUPERFICIE A>=50CM L>=120CM,UND,6588.0
24-05-05,DESMONTE DIVISION PISO-TECHO H<=250CM,M2,17897.0
24-05-06,DESMONTE DIVISION PANEL H=160CM <=200CM,M2,13194.0
24-05-07,DESMONTE DIVISION PANEL H=120CM <=159CM,M2,11924.0
24-05-08,INSTALACION ARCHIVADOR COLGANTE,UND,9687.0
24-05-09,INSTALACION CAJONERO,UND,9687.0
24-05-10,INSTALACION SUPERFICIE A<=50CM L<=120CM,UND,8417.0
24-05-11,INSTALACION SUPERFICIE A<=80CM L<=180CM,UND,13026.0
24-05-12,INSTALACION DIVISION PISO-TECHO H<=250CM,M2,28559.0
24-05-13,INSTALACION DIVISION H=160CM<=200CM,M2,21299.0
24-05-14,INSTALACION DIVISION H=120CM<=159CM,M2,18602.0
24-05-15,DESMONTE REUBICACION PUESTO TRABAJO,UND,367340.0
24-05-17,ACARREO MAT SOBRANTE DIVISION-PUESTO,HC,55305.0
24-05-18,DESM.ARCHIVO RODANTE A=90CM,ML,272525.0
24-06-01,"MUEBLE MESON TUB.1,1/2X1,1/2 (ESQUELETO)",ML,138616.0
24-07-01,CORTINA ENROLLABLE PENTAGRAMA APERT-1-5%,M2,163275.0
24-08-01,DIV.BANO VIDRIO 8MM NAVE BATIENTE [OX],M2,286769.0
24-08-02,DIV.BANO VIDRIO 8MM NAVE GLASSVIT [OX],M2,262261.0
25-01-02,INCRUST.CERAM. JGO 4 PZ ACUARIO (E),JGO,78394.0
25-01-03,INCRUST.CERAM. JGO 7 (M),JGO,122229.0
25-01-04,INCRUST.CERAM. JGO 4 PZ ESTILO (A),JGO,96929.0
25-01-05,INCRUST.CERAMICA JABONERA PEQUENA,UND,26273.0
25-01-06,INCRUST.CERAMICA PAPELERA,UND,26173.0
25-01-07,INCRUST.CERAMICA TOALLERO GANCHO SENCILL,UND,25273.0
25-01-08,INCRUST.CERAMICA TOALLERO BARRA,UND,37297.0
25-01-09,INCRUST.CROMADA TOALLERO GANCHO,UND,31389.0
25-01-10,INCRUST.TOALLERO BARRA CROMO,UND,37833.0
25-01-11,PORTAROLLO CROMO SENCILLO,UND,29389.0
25-01-12,INCRUST.ACRILICA JABONERA PEQUENA,UND,25989.0
25-01-13,KIT ACCESORIOS BANO PLASTICO CROMO 6P EC,JGO,105837.0
25-01-14,KIT ACCESORIOS BANO METAL CROMO 6P MED,JGO,201116.0
25-01-16,"TAPA REGISTRO PLASTICA 8""X 8""(20X20)CM",UND,18802.0
25-01-17,"TAPA REGISTRO PLASTICA 6""X 6""(15X15)CM",UND,19202.0
25-01-18,"TAPA REGISTRO ALUMINIO 6""X 6""(15X15)CM",UND,29202.0
25-01-19,"TAPA REGISTRO ALU.BRONCE 6""X 6""(15X15)CM",UND,32202.0
25-01-20,"TUBO CORTINERO ALUMINIO 3/4"" L=100-135CM",UND,20524.0
25-02-01,PIRAGUA ALUMINIO ANOLOK,ML,4300.0
25-02-02,PIRAGUA ALUMINIO ANODIZADO NATURAL,ML,4281.0
25-02-03,PIRAGUA PLASTICA,ML,4736.0
25-03-03,BARRA SEGURIDAD AI-304 CAL 18-80-90CM,UND,159863.0
25-03-04,BARRA SEGURIDAD AI-304 CAL 18-105-110CM,ARR,222332.0
25-03-05,BARRA SEGURIDAD AI PLEGABLE 304,UND,404863.0
25-04-02,LAVAMANOS COLGAR LINEA ECONOMICA,UND,118764.0
25-04-03,LAVAMANOS COLGAR AQUAJET CF HG SOPORTE,UND,580784.0
25-04-20,ORINAL GRANDE SUSPENDIDO INSTITUCIONAL,UND,384473.0
25-04-21,ORINAL MEDIANO PARA FLUXOMETRO,UND,225028.0
25-04-22,ORINAL PEQUENO,UND,177074.0
25-04-23,SANITARIO LINEA ECONOMICA,JGO,203968.0
25-04-25,TAZA ALONGADO INSTITUCIONAL,UND,671816.0
25-04-27,SANITARIO LINEA MEDIA DS,JGO,264968.0
25-04-30,TAZA SANITARIA FLUXOMETRO (SIN FLUXOM)RE,UND,448364.0
25-04-32,TAZA ALONGADO INSTITUCIONAL DISCAP,UND,1719903.0
25-04-36,SANITARIO TANQUE BAJO DESCARGA DUAL,CJO,339534.0
25-04-38,ORINAL ENCHAPADO 1.10-1.60MT. ANCHO=40CM,UND,424946.0
25-04-39,SANITARIO LINEA ALTA ALONGADO DUAL,JGO,506947.0
25-04-40,TAZA SANITARIA + VALV.FLUXOMETRO,JGO,827194.0
25-04-41,LAVAMANOS COLGAR LINEA MEDIA,UND,161102.0
25-04-42,SANITARIO INFANTIL,JGO,436968.0
25-04-43,LAVAMANOS COLGAR PEDESTAL LINEA ECONOMIC,JGO,128218.0
25-04-44,LAVAMANOS COLGAR PEDESTAL LINEA MEDIA,JGO,156518.0
25-04-45,LAVAMANOS SOBREPONER MEZC.LINEA MEDIA,UND,204218.0
25-04-46,LAVAMANOS SOBREPONER LINEA ECONOMICA,UND,164218.0
25-04-49,LAVAMANOS SOBREPONER MEZ.LINEA MEDIA,UND,176218.0
25-04-50,COMBO SANITARIO LINEA MEDIA[S+L+G+I,JGO,532729.0
25-04-51,COMBO SANITARIO ECONOMICO[S+L+G+I],JGO,294149.0
25-04-52,LAVAMANOS COLGAR LINEA ALTA,UND,198347.0
25-05-03,MEZCLADOR DUCHA 8 PULG (MED),UND,118399.0
25-05-04,GRIFO DUCHA SENCILLA(MED),UND,49021.0
25-05-06,GRIFERIA HIDROSTATICA TANQUE SANITARIO,UND,63864.0
25-05-07,GRIFO LAVAMANOS 8 PULG MEZCL,UND,94505.0
25-05-08,GRIFO LAVAMANOS 4 PULG MEZCL,UND,80805.0
25-05-10,GRIFO LAVAPLATOS 8 MEZCL,UND,99505.0
25-05-11,"LLAVE TERMINAL CROMADA ,1/2 PESADA",UND,45628.0
25-05-15,LLAVE AUTOMATICA MESA - CROMO,UND,127815.0
25-05-16,GRIFO ORINAL PUSH,UND,224555.0
25-05-17,GRIFO LAVAMANOS LINEA ECON SENC,UND,35102.0
25-05-18,GRIFO LAVAMANOS LINEA MEDIA SENC,UND,44102.0
25-05-19,GRIFO LAVAMANOS 4 PULG MEZCL LINEA MED,UND,87505.0
25-05-20,GRIFO DUCHA SENCILLA (ECO),UND,61705.0
25-05-22,MEZCLADOR DUCHA LINEA MEDIA,UND,101399.0
25-05-23,GRIFO ORINAL TRADICIONAL,UND,135202.0
25-05-24,GRIFO LAVAPLATOS LINEA ECON SENC,UND,70365.0
25-05-25,GRIFO SENCILLO LAVAPLATOS LINEA MEDIA,UND,83365.0
25-05-26,GRIFO LAVAPLATOS 8 PULG LINEA ECON MEZCL,UND,82605.0
25-05-27,"LLAVE TERMINAL CROMADA ,1/2 PESADA [ECON",UND,44024.0
25-05-28,LLAVE TERMINAL BRONCE,UND,42902.0
25-05-29,GRIFO ORINAL PUSH PARED 1/2 PULG + RACOR,UND,189555.0
25-05-30,GRIFO LAVAMANOS PUSH MESON ANTIVALD,UND,160805.0
25-05-31,GRIFO LAVAMANOS PUSH PARED - ANTIVANDAL,UND,204863.0
25-05-32,KIT REPUESTO FLUXOMETRO - SLOAN,UND,432991.0
25-05-33,GRIFO SANITARIO FLUXOMETRO,UND,620187.0
25-05-34,GRIFO LAVAMANOS SENSOR,UND,737125.0
25-05-35,GRIFO ORINAL SENSOR FRONTAL,UND,713942.0
25-05-36,GRIFO SANITARIO SENSOR INCRUSTADO,UND,713942.0
25-05-37,VALVULA REGULACION 1/2 METAL,UND,49518.0
25-05-38,GRIFO SANITARIO PUSH PARED ANTIVANDALICO,UND,314687.0
25-06-01,"REJA CUPULA6""X4"" ALUMINIO",UND,44390.0
25-06-05,REJILLA6 X 4 PULG ALUMINIO,UND,41047.0
25-06-10,"REJILLA SOSCO4""X3"" ALUMINIO""",UND,39309.0
25-06-11,"REJILLA SOSCO3""X2"" ALUMINIO""",UND,14563.0
25-06-12,"REJILLA SOSCO5""X3"" ALUMINIO""",UND,21547.0
25-06-13,"REJILLA SOSCO6""X4"" ALUMINIO""",UND,32947.0
25-06-19,TRAGANTE LOSA TCI 4 ATRAPA MANTO-ALUM,UND,330835.0
25-06-24,CANASTILLA - SIFON LAVAPLATOS,JGO,83403.0
25-06-26,TRAGANTE LOSA TCI 3 ATRAPA MANTO-ALUM,UND,261835.0
25-06-27,SIFON ACOPLE DESAGUE LAVAMANOS,UND,47450.0
25-07-02,LAVAPLATOS A.INOX.DOBLE 51X 80CM P.GRIFO,UND,214424.0
25-07-03,LAVADERO MAMPOSTERIA ENCHAPADO 160X80CM,UND,945822.0
25-07-05,LAVADERO PR.GRANITO PULIDO 100X 60CM,UND,151171.0
25-07-07,MUEBLE-TAPA SANITARIO PVC,UND,63277.0
25-07-08,LAVAPLATOS A.INOX. 50X100CM ESCURRIDERO,UND,143309.0
25-07-09,LAVAPLATOS A.INOX. 50X 60CM PESTA.GRIFO,UND,105296.0
25-07-10,LAVADERO PR.CONCRETO 100X 60-70X15-20C,UND,139237.0
25-07-11,LAVADERO PR.CONCRETO 80-90X 60-70X15-20C,UND,136237.0
25-07-12,LAVATRAPERO ENCHAPADO 40X40CM CON PATA,UND,189126.0
25-07-13,LAVATRAPERO ENCHAPADO 40X40CM,UND,137429.0
25-07-14,LAVAPLATOS [S] A.INOX 40X40X18-20CM DR,UND,582012.0
25-08-01,DESTAPONAR LAVAMANOS,UND,23912.0
25-08-02,DESTAPONAR SANITARIO,UND,29155.0
25-08-03,DESTAPONAR SIFON SANITARIO,PTO,36288.0
25-08-04,INSTALACION APARATO SANITARIO,UND,24141.0
25-08-05,INSTALACION CALENTADOR AGUA,UND,47808.0
25-08-06,INSTALACION INCRUSTACION CERAMICA,UND,7422.0
25-08-07,INSTALACION LAVAMANOS,UND,23912.0
25-08-08,INSTALACION POZUELO ACERO INOX.DOBLE,UND,43350.0
25-08-09,INSTALACION POZUELO ACERO INOX.SENCILLO,UND,24126.0
25-08-10,INSTALACION SANITARIO,UND,24126.0
25-10-01,CALENTADOR SOLAR 125 LTS PRESION,UND,6302546.0
25-10-02,CALENTADOR SOLAR 200 LTS PRESION,UND,8432720.0
25-11-01,SECADOR MANOS TORNADO 1500W AUT.,UND,1079651.0
25-11-02,DISP PAPEL HIGIENICO A.INOX SOBREPON 1RL,UND,164286.0
25-11-03,EXTRACTOR OLORES 100 CFM BAJO RUIDO,UND,239408.0
25-11-04,DISP JABON LIQUIDO 1.2 LTS PARED A.INOX,UND,154486.0
25-11-05,DISP PAPEL HIGIENICO A.INOX EMPOTRAR 2RL,UND,483772.0
25-11-06,DISP PAPEL TOALLA SOBREPON AUTOMATICO,UND,758662.0
25-11-07,DISP JABON LIQUIDO 0.6 LTS PARED SENSOR,UND,551602.0
25-11-08,DISP JABON LIQUIDO 1.0 LTS MESON PUSH,UND,315982.0
25-11-09,CANECA RESIDUO EMPOTRAR 4.6 LTS A.INOX,UND,514712.0
25-11-10,CANECA RESIDUO 40 LTS CONICA A.INOX,UND,685822.0
25-12-01,REGADERA REDONDA 25-30CM CROM (ECO),UND,101960.0
25-12-02,REGADERA REDONDA 25-30 CM CROMADA (ALT),UND,262565.0
26-01-03,INSTALACION VIDRIO LAMINADO/TEMPLADO,M2,36270.0
26-01-04,INSTALACION VIDRIO-PISAVIDRIO.,M2,21578.0
26-01-05,VIDRIO BRONCE ANTISOL 4 MM,M2,58511.0
26-01-09,VIDRIO ESMERILADO DE 4MM,M2,0.0
26-01-10,VIDRIO ESMERILADO DE 5MM,M2,72161.0
26-01-11,VIDRIO ESMERILADO DE 6MM,M2,84835.0
26-01-16,VIDRIO LAMINADO INCOLORO 6 MM,M2,165899.0
26-01-17,VIDRIO LAMINADO INCOLORO 8 MM,M2,158234.0
26-01-18,VIDRIO MARTILLADO 4 MM,M2,45673.0
26-01-20,VIDRIO PLOMADO BLINDADO 24 MM (20*30),UND,359717.0
26-01-21,VIDRIO TEMPLADO BRONCE 6 MM,M2,195361.0
26-01-22,VIDRIO TEMPLADO BRONCE10 MM,M2,315849.0
26-01-23,VIDRIO TEMPLADO BRONCE4 MM,M2,153361.0
26-01-24,VIDRIO TEMPLADO BRONCE5 MM,M2,157561.0
26-01-25,VIDRIO TEMPLADO BRONCE8 MM,M2,295648.0
26-01-26,VIDRIO TEMPLADO INCOLORO 10 MM,M2,151996.0
26-01-27,VIDRIO TEMPLADO INCOLORO 4 MM,M2,84061.0
26-01-29,VIDRIO TEMPLADO INCOLORO 6 MM,M2,114511.0
26-01-30,VIDRIO TEMPLADO INCOLORO 8 MM,M2,138661.0
26-01-31,VIDRIO TRANSPARENTE3 MM,M2,46411.0
26-01-32,VIDRIO TRANSPARENTE4 MM,M2,49561.0
26-01-33,VIDRIO TRANSPARENTE5 MM,M2,55861.0
26-01-34,VIDRIO TRANSPARENTE6 MM,M2,0.0
26-01-37,VIDRIO LAMINADO INCOLORO 7 MM,M2,165899.0
26-01-38,BLOQUE VIDRIO 19X19X08 CM COLOR,M2,235038.0
26-01-39,BLOQUE VIDRIO 19x19x08 CM,M2,208788.0
26-01-40,VIDRIO TRANSPARENTE 4MM CELOSIA 60-100C,UND,7939.0
26-02-01,ESPEJO CLARO DE 3MM,M2,45605.0
26-02-02,ESPEJO CLARO DE 4 MM,M2,73009.0
26-02-03,INSTALACION ESPEJO,M2,32706.0
26-04-02,PELICULA CONTROL SOLAR-POLARIZADO,M2,99344.0
26-05-01,BASE SOPORTE ESPEJO ALUM INCLINADA,M2,90110.0
27-01-01,CERRADURA ENTRADA(CILIN),UND,56877.0
27-01-02,CANTONERA ELECTRICA,UND,197070.0
27-01-03,CERRADURA YALE ENTRADAREF.5305,UND,112577.0
27-01-04,CERRADURA GATO PICO-LORO TIPO G PTA.ALUM,UND,84647.0
27-01-05,CERRADURA PICO-LOROPTA.ALUM,UND,73191.0
27-01-06,CERRADURA 1/4 DE VUELTA,UND,127844.0
27-01-07,CERRADURA YALE ENTRADA PPAL.REF.5316,UND,60318.0
27-01-08,CERRADURA YALE TRES VUELTAS,UND,146553.0
27-01-10,CERRADURA ADAMS-RITE MANIJA ALUM,UND,137666.0
27-01-11,CERRADURA ENTRADA APTO.,UND,63294.0
27-01-12,CERRADURA ENTRADA PPAL,UND,66199.0
27-01-13,CERRADURA ENTRADA APTO.BELL WOOD,UND,58038.0
27-01-14,CERRADURA ENTRADA PPAL.BELL WOOD,UND,61785.0
27-01-15,CERROJO SCHLAGE SEGURIDAD 1/4 DE VUELTA,UND,110673.0
27-01-17,CERRADURA ENTRADA PPAL.C-999,UND,105891.0
27-01-18,CERRADURA ENTRADA PPAL.C-399,UND,105891.0
27-01-19,CERRADURA ENTRADA PPAL.C-333,UND,97475.0
27-01-20,CERRADURA ENTRADA PPAL.C-222,UND,95825.0
27-02-01,CERRADURA YALE PASOREF.5312,UND,60633.0
27-02-02,CERRADURA SCHLAGE PASOMOD.GEORGIA,UND,57177.0
27-03-01,CERRADURA SAFE ALCOBA[CILIN],UND,60335.0
27-03-02,CERRADURA YALE ALCOBAREF.5304 C/P,UND,96238.0
27-03-03,CERRADURA SCHLAGE ALCOBA MOD. GEORGIA,UND,63935.0
27-03-04,CERRADURA SCHLAGE ALCOBA MOD. BELL WOOD,UND,63735.0
27-03-05,CERRADURA SCHLAGE CLOSET MOD. GEORGIA,UND,56310.0
27-03-06,CERRADURA SCHLAGE CLOSET MOD. BELL WOOD,UND,58431.0
27-04-01,CERRADURA BANO [CILIN],UND,44175.0
27-04-02,CERRADURA BANO YALEREF.5302,UND,95065.0
27-04-03,CERRADURA BANO ALUMINIO,UND,59807.0
27-04-04,CERRADURA BANO SCHLAGE,UND,61875.0
27-05-01,CERRADURA OFICINA-AULA[CILIN],UND,62554.0
27-05-02,CERRADURA YALE OFICINAREF.5304 C/P,UND,128875.0
27-05-03,CERRADURA SCHLAGE OFICINA MOD.GEORGIA,UND,73398.0
27-05-04,CERRADURA SCHLAGE OFICINA MOD.BELL WOOD,UND,70236.0
27-06-01,"BISAGRA LAMINA 1""X 4""",UND,15715.0
27-06-02,BISAGRA PIANO COBRIZADA,ML,15635.0
27-06-04,BISAGRA VAIVEN PISO,UND,93757.0
27-06-05,BISAGRA RODAMIENTOS PUERTA CORREDIZA,UND,60676.0
27-06-06,"FALLEVA METALICA 6""",UND,19219.0
27-06-07,"FALLEVA METALICA 8""",UND,39305.0
27-06-08,MANIJA METALICA,UND,11174.0
27-06-09,PIVOTE AEREO MARCO PUERTA VAIVEN,UND,19038.0
27-06-10,"MANIJA ALUMINIO ""OREJA DE BURRO""",UND,20660.0
27-06-11,BISAGRA SCHLAGE VAIVEN PISO GOFRADA,UND,88997.0
27-06-12,BISAGRA SCHLAGE VAIVEN PISO NIQUELADA,UND,90245.0
27-06-13,TOPE PARA PUERTA,UND,16599.0
27-06-14,PIVOTE AEREO MARCO LISO PUERTA VAIVEN,UND,32232.0
27-06-15,PASADOR FIJADOR NAVE,UND,10774.0
27-07-01,CANDADO YALE REF. 110-30,UND,34900.0
27-08-01,INSTAL.BISAGRA RODAMIENTO PTA.CORREDIZA,UND,10443.0
27-08-02,INSTAL.CERRADURA ENTRADA YALE 3-VUELTAS,UND,47345.0
27-08-03,INSTAL.CANTONERA ELECTRICA,UND,57080.0
27-08-04,INSTAL.CERRAD.PTA.ALUM.PICO-LORO,UND,34286.0
27-08-05,INSTAL.CERRADURA YALE 1/4 DE VUELTA,UND,48145.0
27-08-06,INSTAL.MANIJA,UND,6535.0
27-08-07,INSTAL.BISAGRA PIANO,ML,7335.0
27-08-08,INSTAL.BISAGRA VAIVEN MARCO,UND,22473.0
27-08-09,INSTAL.CERRADURA ADAM-RYTE,UND,41454.0
27-08-10,INSTAL.CERRADURA POMO MADERA-METAL,UND,34743.0
27-08-11,"INSTAL.FALLEVA 6""",UND,19605.0
27-08-12,"INSTAL.FALLEVA 8""",UND,9403.0
27-08-13,INSTAL.BISAGRA VAIVEN PISO,UND,46545.0
27-09-01,GATO HIDRAULICO NAVE HASTA 80KG,UND,191259.0
27-10-01,CHAPA CAJON-NAVE NIQUELADA,UND,10609.0
27-11-01,BARRA ANTIPANICO HORIZ-VERTICAL,UND,861713.0
27-11-02,CHAPA ANTIPANICO SENCILLA-PRESION,UND,418563.0
28-01-01,"BALANCIN 2 PUESTOS TUBO GALV.2.5"" Y 2.0""",UND,1053482.0
28-01-02,"BALANCIN 4 PUESTOS TUBO GALV.2.5"" Y 2.0""",UND,1653216.0
28-01-03,"BALANCIN 6 PUESTOS TUBO GALV.2.5"" Y 2.0""",UND,2292434.0
28-01-04,"BARRAS ARGOLLAS TUBO GALV.3"" H=2.5MTS""",UND,1145359.0
28-01-05,"BARRAS GIMNASIA TUBO GALV.2.5""Y 1 1/4""",UND,601420.0
28-01-06,"BARRAS PARALELAS TUBO GALV.2.5""Y 1 1/4""",UND,573480.0
28-01-07,"BALANCIN GIRATORIO TUBO.GALV.3""INC.RODA""",UND,698313.0
28-01-08,"CILINDRO GIRATORIO TUBO GALV.2""LAM.20""",UND,1083757.0
28-01-09,"COLUMPIO 2 PUESTO.GALVANIZ.DE 2.5""Y 2.0""",UND,1163214.0
28-01-10,"COLUMPIO 3 PUESTO.GALVANIZ.DE 2.5""Y 2.0""",UND,1551698.0
28-01-13,DESLIZADOR MULT.2 PUESTOS CON PASAMANOS,UND,2098640.0
28-01-14,"DESLIZADOR TUBO GALV.1.5""Y 1.0""LAM.CAL20",UND,1514952.0
28-01-15,"ESCALERA PASAMANOS TUBO GALV.2"" BARR.1""",UND,942396.0
28-01-16,"SEMICURVA PARALELA TUBO GALV.1.5""BARR.1.",UND,992861.0
28-01-17,TREPADOR MULTIPLE 2 COLUMP 1 DESL 1 TUBO,UND,2794131.0
28-01-18,"TROMPO OCTOGONAL 4""3""2"" TABLA AMARILLO""",UND,3217898.0
28-02-03,ARENERO CON MEDIAS MADERAS 3MTS X 3 MTS,UND,668259.0
28-02-05,BURRO BALANCIN L= 3.5 MTS,UND,462074.0
28-02-06,"COLUMPIO 3 PUESTO L= 4.7M,H=2.5M,A= 2.0M",UND,1335759.0
28-02-07,DESLIZADERO CON ESCALERA L=2.40M,UND,1387639.0
28-02-11,"EL CASTILLO PEQUE.L= 6.5M,H=3.0M,A= 4.0M",UND,3487003.0
28-02-15,"ESTACION BOMBEROS L= 4.0M,H=3.0M,A= 3,5M",UND,4478420.0
28-02-18,PASAMANOS L=3MTS,UND,951759.0
28-02-22,COLUMPIO UN PUESTO,UND,779359.0
28-02-24,"COLUMPIO DOS PUESTOS L=3.4,H2.5M A=2.0M",UND,1251759.0
28-02-25,ACROBATICO MULTIP L=4.00 H=3.00 A=3.00M,UND,880115.0
28-03-01,PORTERIA FUTBOL TIPO 1,JGO,4441072.0
28-03-02,PORTERIA FUTBOL TIPO 2,JGO,3820472.0
28-03-03,PORTERIA FUTBOL TIPO 3,JGO,2742252.0
28-03-04,PORTERIA FUTBOL TIPO 4,JGO,5584174.0
28-03-05,PORTERIA FUTBOL TIPO 5,JGO,4053322.0
28-03-07,PORTERIA MICROFUTBOL TIPO 1 FIJA,JGO,1547693.0
28-03-08,PORTERIA MICROFUTBOL TIPO 2 FIJA,JGO,1752491.0
28-03-09,PORTERIA MULT.FIJA MICROF. BALONC.TIPO 1,JGO,4239543.0
28-03-10,PORTERIA MULT.FIJA MICROF. BALONC.TIPO 2,JGO,5127001.0
28-03-15,PORTERIA MULTIPLE RODACHIN TIPO 1,JGO,5238836.0
28-03-16,PORTERIA MULTIPLE RODACHIN TIPO 2,JGO,6144912.0
28-03-21,PORTERIA MULTIPLE TORRE GIRATORIA TIPO 1,JGO,6177085.0
28-03-23,PORTERIA MULTIPLE TORRE GIRATORIA TIPO 3,JGO,7028815.0
28-03-24,PORTERIA MULTIPLE TORRE GIRATORIA TIPO 4,JGO,7243215.0
28-03-25,PORTERIA MULTIPLE TORRE GIRATORIA TIPO 5,JGO,8455415.0
28-03-26,"SOPOR.FIJO BALONC.4""TORRE GIR.2 TABL.ACR",JGO,6593005.0
28-03-27,"SOPOR.FIJO BALONC.4""TORRE GIR.2 TABL.MAD",JGO,4587685.0
28-03-31,"SOPORTE FIJO BALONCESTO 4""TABL.MADERA""",JGO,3571026.0
28-03-32,"SOPORTE FIJO MINIBALONC.3""TABL.ACRILICO""",JGO,3378640.0
28-03-33,"SOPORTE FIJO MINIBALONC.3""TABL.MADERA""",JGO,2646332.0
28-03-34,SOPORTE PARA VOLEIBOL TRES POSICIONES,JGO,1061465.0
28-03-36,SOPORTE RODACHIN BALONCESTO GALV.TIPO 1,JGO,4758477.0
28-03-37,SOPORTE RODACHIN BALONCESTO GALV.TIPO 2,JGO,5619719.0
28-03-40,SOPORTE RODACHIN BALONCESTO GALV.TIPO 5,JGO,5970613.0
28-03-41,SOPORTE RODACHIN BALONCESTO GALV.TIPO 6,JGO,7838213.0
28-04-02,GRADERIAS DESARMABLES PARA 18 PERSONAS,UND,1381401.0
28-04-03,GRADERIAS DESARMABLES PARA 30 PERSONAS,UND,2147280.0
28-04-06,BANCA CONCRETO PREF.L=140 A=56 H=78,UND,228459.0
28-04-07,REUBICACION BANCA CONCRETO,UND,21915.0
28-04-08,BANCA CONCRETO PREF.L=100 A=50 H=73,UND,145687.0
28-04-09,BANCA CONCRETO COLONIAL L=120 A=70 H=9O,UND,167258.0
28-04-11,BANCA CONCRETO GRANO PL L=120,UND,225653.0
28-04-12,BANCA CONCRETO GRANO PL L=180,UND,279608.0
28-05-01,JUEGO RECREATIVO RESPLANDOR II,UND,6745458.0
28-06-01,MESA PING PONG PLEGABLE 2.74X1.53X0.76CM,UND,766760.0
29-01-03,ESTUCO ACRILICO,ML,8720.0
29-01-04,ESTUCO PLASTICO MURO[POLVO],M2,7518.0
29-01-05,ESTUCO PLASTICO CIELO [POLVO],M2,7190.0
29-01-06,ESTUCO PLASTICO CIELO[PASTA],M2,11386.0
29-01-07,ESTUCO MURO [POLVO],ML,4359.0
29-01-10,ESTUCO PLASTICO MURO[PASTA],M2,9465.0
29-01-11,RELLENO LISTO INTERIOR MURO,M2,10075.0
29-01-12,ESTUCO SOBRE RESANE,ML,4369.0
29-01-14,FILOS - DILATACIONES,ML,3872.0
29-01-15,RASQUETEADA-LIJADA-RESANE,M2,1836.0
29-01-18,RASQUETEADA-LAVADA SUPERFICIE,M2,3007.0
29-01-19,ESTUCO PLASTICO + RELLENO S/BLOQUE,M2,17012.0
29-02-03,BITUMINOSA LOSA (ALUMOL),M2,58548.0
29-02-05,EPOXICA CIELOS POLIAMIDA,M2,15305.0
29-02-07,EPOXICA MURO POLIAMIDA,M2,13027.0
29-02-10,ESMALTE URETANO MUROS,M2,17465.0
29-02-13,ESMALTE URETANO CIELOS,M2,18227.0
29-02-14,ALTA TEMPERATURA INDUSTRIAL ALUMINIO,ARR,14768.0
29-02-15,POLIURETANO LIQUIDO,M2,20785.0
29-03-01,LAMINA CIELO FALSO,M2,5355.0
29-03-02,VINILO MURO TIPO 1 [1M],M2,4287.0
29-03-03,VINILO MURO TIPO 1 [2M],M2,6136.0
29-03-04,VINILO MURO TIPO 1 [3M],M2,9191.0
29-03-05,VINILO CANECILLO TIPO 1 -3M,M2,9937.0
29-03-06,VINILO CIELO TIPO 1 [1M],M2,3926.0
29-03-07,VINILO CIELO TIPO 1[3M],M2,9920.0
29-03-08,VINILO CIELO TIPO 1[2M],M2,7164.0
29-03-09,VINILO CIELO TIPO 2 [2M],M2,4654.0
29-03-10,VINILO CIELO TIPO 3 [2M],M2,6652.0
29-04-01,ESMALTE BARANDA TUBO 2-3 LINEAS+PARALES,ML,11231.0
29-04-02,ESMALTE CANAL LAMINA CARA INTERNA-EXTERN,ML,16308.0
29-04-06,ESMALTE SOBRE LAMINA LINEAL,ML,3096.0
29-04-07,ESMALTE SOBRE LAMINA LLENA,M2,10125.0
29-04-08,ESMALTE SOBRE MADERA LINEAL,ML,4389.0
29-04-09,ESMALTE SOBRE MADERA LLENA,M2,13423.0
29-04-12,REPINTE ESMALTE GUARDAESCOBA CEMENTO,ML,3183.0
29-04-13,ESMALTE LUCETA METAL BARROTES-PARALES,M2,24321.0
29-04-14,ESMALTE LUCETA METAL BARROTES H=50CM,ML,11812.0
29-04-15,"ESMALTE MALLA ESLABONADA 2,1/2""-2""",M2,4825.0
29-04-16,"ESMALTE MALLA ESLABONADA 1,1/2""-1""",M2,0.0
29-04-17,ESMALTE MARCO METALICO 0.70-1.00,UND,21277.0
29-04-22,ESMALTE NAVE METALICA H<=2.2M A<=1.0M-2C,UND,38858.0
29-04-26,PASAMANOS METALICO TUBULAR-REDONDO,ML,18120.0
29-04-30,ESMALTE REJAS - VENTANAS,M2,18273.0
29-04-35,ESMALTE SOBRE CORREA-VIGA-VIGUETA (3-4C),ML,16199.0
29-04-36,ESMALTE LINEA DEMARCACION,ML,0.0
29-04-37,ESMALTE SOBRE MURO,M2,10372.0
29-04-38,ESMALTE GUARDAESCOBA,ML,3664.0
29-04-39,ESMALTE SILLETERIA MADERA - METALICA,UND,11556.0
29-04-40,REPINTE NAVE METALICA H<=2.2M A<=1.0M-2C,UND,54647.0
29-04-41,REPINTE VENTANA - REJA,M2,17446.0
29-04-42,ESMALTE SOBRE TUBERIA METALICA-PVC,ML,9407.0
29-04-43,ALUMOL CANAL LAMINA-C.EXTERNA A=51-100CM,ML,39612.0
29-05-01,CARBURO CIELO,M2,6250.0
29-05-02,CARBURO MURO,M2,4892.0
29-05-03,PROTECCION FACHADAS,M2,7373.0
29-05-04,CARBURO CANECILLO - ALEROS,ML,6470.0
29-06-01,ACRILICA MURO[3M],M2,10947.0
29-06-02,ACRILICA CIELO (3M),M2,12096.0
29-06-06,KORAZA DOB VIDA SUPERF.REPELLO [3M],M2,23460.0
29-06-11,KORAZA DOB VIDA SUPERF.LISA [1M],M2,10471.0
29-06-12,KORAZA DOB VIDA SUPERF.REPELLO [2M],M2,18518.0
29-06-13,KORAZA DOB VIDA ALGAGIA CONCRETO [2M],ML,6917.0
29-06-14,PIGMENTO ESGRAFIADO - 2 MANOS,M2,5575.0
29-06-15,KORAZA DOB VIDA SUPERF.LISA [2M],M2,16174.0
29-06-16,KORAZA PLASTICA SUPERF.LISA [3M],M2,20989.0
29-06-17,KORAZA [1M],M2,4562.0
29-06-18,KORAZA [2M],M2,0.0
29-06-19,KORAZA[3M],M2,9255.0
29-06-20,TEJA ASBESTO- FIBRO CEMENTO - BOARD,M2,10253.0
29-07-07,ANTICORROSIVA SOBRE LAMINA LINEAL,ML,4358.0
29-07-08,ANTICORROSIVA SOBRE LAMINA LLENA,M2,7528.0
29-07-09,ANTICORROSIVA SOBRE LAMINA LLENA,M2,9635.0
29-07-10,WASH - PRIMER,M2,11621.0
29-08-06,ACC.ESTRIA PVC Z 32X3050MM PANEL,ML,13363.0
29-08-10,"ACC.TERMINAL PVC ""J"" 27X3050MM PANEL""",ML,9472.0
29-08-11,"ACC.TERMINAL PVC ""L"" 27X3050MM PANEL""",UND,9430.0
29-08-24,ACC.ESQUINERO 32X32X305OMM PVC PANEL,ML,12951.0
29-08-25,ESQUINERO CINTA METALICA PANEL,ML,9993.0
29-08-26,ACC.MEDIACAÑA PVC 1 1/2,ML,58140.0
29-08-27,ACC. MEDIACAÑA RINCONERA 1 1/2,UND,17162.0
29-08-28,ACC.ESQUINERO PVC 1 (ESTUCO-DRYWALL),ML,9663.0
29-08-29,MEDIACAÑA PVC SELLO FLEXIBLE A=9CM,ML,25925.0
29-08-30,MEDIACAÑA PVC SELLO FLEXIBLE A=6CM,ML,20086.0
29-09-01,BARNIZ SOBRE MUEBLE [2M],M2,16965.0
29-09-03,BARNIZ POLIURETANO SUPERFICIE [2M],M2,16530.0
29-09-05,BARNIZ MACHIMBRE-CIELO MADERA [2M],M2,12372.0
29-09-09,NAVE MADERA TINTILLA-BARNIZ,UND,62721.0
29-09-10,TINTILLA SOBRE MADERA LINEAL,ML,5102.0
29-09-11,TINTILLA SOBRE MADERA LLENA,M2,12414.0
29-09-14,BASE SELLADOR,M2,11756.0
29-09-15,INMUNIZACION MACHIMBRE-CIELOS MADERA,M2,6541.0
29-09-16,IMPERME-INMUNIZACION VIGA MADERA 3-4C-RE,ML,6457.0
29-09-17,IMPERME-INMUNIZACION MADERA SUMERGIDA,ML,20925.0
29-10-01,ESGRAFIADO,M2,21088.0
29-10-02,ESGRAFIADO SOBRE RESANES,ML,10859.0
29-10-03,ESGRAFIADO SOBRE RESANES,M2,21947.0
29-10-05,GRANOTEX,M2,15843.0
29-10-08,GRANO MARMOL-RESINAS,M2,13701.0
29-10-10,PERLITA CIELO,M2,12513.0
29-11-01,PINTURA MANO DE OBRA[1M],M2,2174.0
29-11-02,PINTURA MANO DE OBRA[2M],M2,3951.0
29-11-03,PINTURA MANO DE OBRA[3M],M2,5221.0
29-12-01,LINEA DEMARCACION ACRILICA A=12CM,ML,2189.0
29-12-02,LETRA EN PINTURA ACRILICA A=30-50CM2,UND,11159.0
29-12-03,LETRA EN PINTURA ACRILICA A=80-100 CM2,UND,20249.0
29-12-04,MARCA VIAL EN PINTURA ACRILICA,M2,18927.0
29-12-05,RECUBRIMIENTO PINTURA TRAFICO,M2,12168.0
30-02-03,SENDERO DE TROTE EN A=,ML,96199.0
30-02-04,CORTE PRADO MANUAL Y CONTROL MALEZA,M2,240.0
30-02-05,CORTE PRADO Y CONTROL MALEZA A MAQUINA,M2,181.0
30-02-09,PRADO GATEADORA,M2,8588.0
30-02-10,CERCO GUADUA H= 70-80CM,UND,17136.0
30-02-11,PLANTA ORNAMENTAL GRANDE H= 50- 80CMS,UND,22039.0
30-02-12,ARBOL NATIVOH= 80-100CM,UND,27594.0
30-02-15,ARBOL FRUTALH= 80-100CM,UND,24094.0
30-02-19,COLOCACION PRADO EXISTENTE,M2,2980.0
30-02-20,SUMINISTRO E INSTALACION TIERRA AGRICOLA,M3,64487.0
30-02-21,RECUPERACION SUELO - ABONO,M2,44.0
30-02-22,PLANTA ORNAMELTAL PEQUENA H= 20- 40CM,UND,13034.0
30-02-24,ARBOL SWINGLEA PEQUE,UND,6194.0
30-02-25,ARBOL PINO - EUCALIPTO H= 30- 50CM,UND,22884.0
30-02-26,PALMA AFRICANA - CERA H=80-100CM,UND,24094.0
30-02-28,PALMA MANILA H=180-200CM,UND,51354.0
30-02-29,ARBUSTO DURANTA,UND,2196.0
30-02-30,PRADO TRENZA,M2,7608.0
30-02-31,TIERRA NEGRA PARA NIVELACION,M3,20115.0
30-02-32,PRADO MANI FORRAGERO[6 MATAS/M2],M2,10088.0
30-02-33,PRADO CHINO,M2,21088.0
30-06-01,POSTE DE CONCRETO PREF.-0.10X0.10X 1.80M,UND,102031.0
30-08-01,POSTE PINO INMUNIZADO D=9-10CM H=150CM,UND,62317.0
30-09-01,INSTALACION POSTE TUBO GALV.+PINTURA,UND,14456.0
30-09-02,INSTALACION MALLA ESLABONADA(E) +PINTURA,M2,11836.0
30-09-03,INSTALACION CONCERTINA SENC. 45CM,ML,28675.0
30-10-01,"POSTE TUBO GALV. 1,1/2""x3.0MM C.11 ACU""",ML,19408.0
30-10-02,"POSTE TUBO GALV. 1,1/2""x2.3MM C.13""",ML,19409.0
30-10-03,"POSTE TUBO GALV. 1,1/2""x1.8MM C.14""",ML,19542.0
30-10-04,"POSTE TUBO GALV. 2""x2.3MM C.13""",ML,27248.0
30-10-05,"POSTE TUBO GALV. 3""x2.3MM C.13""",ML,46255.0
30-10-06,"POSTE TUBO GALV. 1,1/2""x1.5MM C.16""",ML,16847.0
30-10-07,"POSTE ANGULO2,1/2""x 1/4""",ML,28229.0
30-10-08,"POSTE ANGULO2""x 1/4""",ML,25024.0
30-10-09,"POSTE TUBO GALV. 2""X3.0MM C.11 ACUE""",ML,34663.0
30-10-10,"POSTE TUBO GALV. 3"" X3.6MM C.XX ACUE""",ML,54006.0
30-11-01,"DIAGONAL-HORIZ.ANGULO 1/8"" X 1""",ML,10115.0
30-11-02,"DIAGONAL-HORIZ.ANGULO 1/8"" X 1,1/2""",ML,12989.0
30-11-03,"DIAGONAL-HORIZ.ANGULO 1/8"" X 2""",ML,13231.0
30-11-05,"DIAGONAL-HORIZ.ANGULO 1/4"" X 1,1/2""",ML,16638.0
30-11-06,"DIAGONAL-HORIZ.ANGULO 1/4"" X 2""",ML,21252.0
30-11-07,"DIAGONAL-HORIZ.ANGULO 1/4"" X 2,1/2""",ML,24186.0
30-11-08,"DIAGONAL-HORIZ.TUBO GALV CAL 16 X 3/4""",ML,11853.0
30-11-09,"DIAGONAL-HORIZ.TUBO GALV CAL 16 X 1""",ML,12779.0
30-11-10,"DIAGONAL-HORIZ.TUBO GALV CAL 16 X 1,1/2""",ML,14712.0
30-11-11,"DIAGONAL-HORIZ.TUBO GALV CAL 14 X ,3/4""",ML,12964.0
30-11-12,"DIAGONAL-HORIZ.TUBO GALV CAL 14 X 1""",ML,11656.0
30-11-13,"DIAGONAL-HORIZ.TUBO GALV CAL 14 X 1,1/2""",ML,17237.0
30-11-14,"DIAGONAL-HORIZ.TUBO GALV CAL 13 X ,3/4""",ML,14540.0
30-11-15,"DIAGONAL-HORIZ.TUBO GALV CAL 13 X 1""",ML,16939.0
30-11-16,"DIAGONAL-HORIZ.TUBO GALV CAL 13 X 1,1/2""",ML,17104.0
30-11-18,"DIAGONAL-HORIZ.TUBO GALV ACUEDUCTO 1""",ML,18512.0
30-11-19,"DIAGONAL-HORIZ.TUBO GALV ACUEDUCTO 1,1/2",ML,16417.0
30-11-20,"DIAGONAL-HORIZ.TUBO GALV CAL 13 X 2""",ML,19117.0
30-12-01,"MALLA ESLABONADA GALV # 10 ROMBO 1,1/2""",M2,31051.0
30-12-02,"MALLA ESLABONADA GALV # 10 ROMBO 2""",M2,25972.0
30-12-03,"MALLA ESLABONADA GALV # 10 ROMBO 2,1/2""",M2,25276.0
30-12-04,"MALLA ESLABONADA GALV # 12 ROMBO 2""",M2,21286.0
30-12-05,"MALLA ESLABONADA GALV # 12 ROMBO 2,1/2""",M2,20341.0
30-12-07,ALAMBRE DE PUAS # 12.5 - 3 HILOS,ML,2702.0
30-12-08,ALAMBRON - VARILLA TENSOR MALLA,ML,3188.0
30-12-09,ALAMBRE DE PUAS # 12.5 - 1 HILO,ML,927.0
30-12-10,"MALLA ESLABONADA GALV #12 ROMBO 1,1/2""",M2,26904.0
30-12-11,CONCERTINA SENC. 45CM A.INOX-ACCESORIOS,ML,41678.0
30-12-12,CONCERTINA DOBLE 45CM A.INOX-ACCESORIOS,ML,53921.0
30-12-13,CONCERTINA SENC. 60CM A.INOX-ACCESORIOS,ML,64400.0
30-12-14,CONCERTINA DOBLE 60CM A.INOX-ACCESORIOS,ML,80835.0
30-13-01,NAVE PUERTA TUBO C.14 MALLA(2x0.60-1.0),UND,488725.0
30-13-02,NAVE PUERTA TUBO C.14 MALLA(2x1.01-1.5),UND,589129.0
30-13-03,NAVE PUERTA TUBO C.14 MALLA(2x1.51-2.0),UND,675464.0
30-13-04,NAVE PUERTA TUBO C.14 MALLA(2x2.01-2.5),UND,753586.0
30-13-05,NAVE PUERTA TUBO C.14 MALLA(2x2.51-3.0),UND,804674.0
30-13-06,NAVE PUERTA TUBO C.13 MALLA(2x0.60-1.0),UND,486136.0
30-13-07,NAVE PUERTA TUBO C.13 MALLA(2x1.01-1.5),UND,587886.0
30-13-08,NAVE PUERTA TUBO C.13 MALLA(2x1.51-2.0),UND,673938.0
30-13-09,NAVE PUERTA TUBO C.13 MALLA(2x2.01-2.5),UND,750472.0
30-13-10,NAVE PUERTA TUBO C.13 MALLA(2x2.51-3.0),UND,802797.0
30-13-11,NAVE PUERTA TUBO ACUE MALLA(2x0.60-1.0),UND,499063.0
30-13-12,NAVE PUERTA TUBO ACUE MALLA(2x1.01-1.5),UND,583027.0
30-13-13,NAVE PUERTA TUBO ACUE MALLA(2x1.51-2.0),UND,684391.0
30-13-14,NAVE PUERTA TUBO ACUE MALLA(2x2.01-2.5),UND,761944.0
30-13-15,NAVE PUERTA TUBO ACUE MALLA(2x2.51-3.0),UND,812403.0
30-20-01,PANTALLA CONCRETO MATERA E=15 H=45-55CM,ML,85639.0
31-01-01,LIMPIEZA CARPINTERIA METALICA,M2,1911.0
31-01-03,LIMPIEZA ENCHAPE CERAMICO,M2,763.0
31-01-05,LIMPIEZA GENERAL,M2,1779.0
31-01-06,LIMPIEZA MURO LADRILLO LIMPIO,M2,2330.0
31-01-07,LIMPIEZA PERMANENTE OBRA (CUADRILLA 2P),MES,3603400.0
31-01-09,LIMPIEZA LAVADO SUPERFICIE,M2,1127.0
31-01-10,ASPIRADA-LAVADA EN SECO SILLETERIA PANO,UND,14549.0
31-01-11,ASPIRADA-LAVADA EN SECO SUPERFICIE PANO,M2,13287.0
31-01-12,LIMPIEZA - RESANE CAJA INSPECCION,UND,9548.0
31-01-13,LIMPIEZA CANAL METALICA DLLO. 51-100CM,ML,1435.0
31-01-14,LIMPIEZA SUPERFICIE INTERNA VERTICAL,M2,2550.0
31-01-15,LIMPIEZA SUPERFICIE INTERNA HORIZONTAL,M2,2988.0
31-01-16,LIMPIEZA - ASEO MALLA ESLABONADA,M2,1674.0
31-01-17,LIMPIEZA-BARRIDO-ASEO,M2,70.0
31-01-18,LIMPIEZA LAVADO PISO [AC.MURIATICO 10%],M2,1459.0
31-01-19,LIMPIEZA LAVADO PISO [AC.MURIATICO 10%],ML,748.0
31-02-01,BRILLADA-ENCERADA PISO,M2,4320.0
31-02-02,DESTRONQUE-PULIDA-BRILLADA PISO (E),M2,15738.0
31-02-03,REPULIDA-BRILLADA ENCERADA PISO (E),M2,12852.0
31-02-08,DESTRONQUE-LIJADA-SELLO-PULIDA P.MADERA,M2,37406.0
31-03-01,FUMIGACION - ASPERSION CAT. 3-BANDA AZUL,M2,112.0
32-01-01,ADTIVO LIQUIDO SELLO FILTRACIONES,KLS,6192.0
32-01-02,ADITIVO EN POLVO CON PLASTIFICANTES,KLS,176.0
32-02-01,ADHERENTE MORTERO SIKA LATEX,KLS,33534.0
32-02-02,MORTERO RELLENO SIN CONTRACCION,KLS,7764.0
32-02-03,ADITIVO LIQUIDO IMPERMEABILIZANTE,KLS,13975.0
32-02-05,MICROFIBRA DE POLIPROPILENO,KLS,28509.0
32-03-01,CRISTALIZACION CONCRETO,M2,14942.0
32-03-02,ENDURECEDOR,KLS,5264.0
32-03-04,PLASTIFICANTE ACELERANTE,KLS,7295.0
32-03-06,PLASTIFICANTE IMPERMEABILIZANTE.,KLS,16430.0
32-03-07,FLUIDIFICANTE,KLS,9396.0
32-03-08,ADITIVO ACELERANTE DE FRAGUADO,KLS,12996.0
32-04-01,ANTISOL BLANCO,KLS,5870.0
32-04-02,ANTISOL ROJO,KLS,18500.0
32-04-03,RETARDANTE EVAPOR. DE AGUA,KLS,8872.0
32-05-01,RECUBRIMIENTO IMPERMEA MORTERO BLANCO,KLS,5316.0
32-05-02,MORTERO SIN CONTRACC PARA RELLENOS DE AN,KLS,3697.0
32-05-03,MORTERO LISTO IMPERMEABLE,KLS,1410.0
32-05-04,MORTERO REPARACION ELEMETOS ESTRUCTURALE,KLS,5410.0
32-06-01,ADHERENTE EPOXICO LIBRE DE SOLVENTES,M2,37204.0
32-06-05,ADHESIVO EPOXICO -CON BASE RESINAS,CM3,76.0
32-06-09,ADHESIVO -ANCLAJES ESTRUCTURALES,CM3,779.0
32-07-02,ENDURECEDOR ROCKTOP+CURASEAL (TRA.MEDIO),M2,9326.0
32-07-04,RECUBRIMIENTO EPOXICO DE COLORES ASEPTIC,M2,30270.0
32-07-05,RECUBRIMIENTO SOLIDO CON RESINAS 2 COMPO,M2,65177.0
32-08-01,XIPEX BLANCO,M2,29980.0
32-08-02,IMPERMEABILIZANTE CONCRETO FUNDIDO,M2,19881.0
32-08-03,IMPRIMANTE ASFALTICO,KLS,13500.0
32-08-04,IMPERMEABILIZANTE DENSO SOLUCION DE ASFA,KLS,16549.0
32-08-05,IMPERM.ACRILICO + FIBRA-10 AÑOS,M2,29558.0
32-10-01,JUNTA FRIA,ML,141029.0
32-10-02,MASILLA RELLENO ESTRUCTURAS,ML,89950.0
32-10-03,SELLADOR ELASTICO (JUNTA 1 X 1 CM),ML,24013.0
32-10-04,CINTA SELLO JUNTA DE EXPANSION - CONTRAC,ML,95205.0
32-10-05,SELLANTE ELASTOMERICO-POLIURETANO,ML,32372.0
32-10-06,CINTA PVC V-15,ML,27473.0
32-10-08,SELLADOR ELASTCO AUTONIVELANTE,ML,16436.0
32-10-09,BASE PARA JUNTA EN POLIURETANO,ML,8846.0
32-10-10,SELLADOR 3/8,ML,2395.0
32-10-11,CINTA SELLO JUNTA DE CONSTRUCCION,ML,72666.0
33-01-01,ANDAMIO METALICO TUBULAR,DIA,1100.0
33-01-02,ANDAMIO COLGANTES 4.0 MTS,U/D,6300.0
33-01-03,CARRETA TIPO BUGGI,DIA,3600.0
33-01-04,CERCHA METALICA DE 3 MTS.,DIA,119.0
33-01-05,COMPRESOR DE DOS MARTILLOS,HRS,70000.0
33-01-06,COMPRESOR DE UN MARTILLO,HRS,50560.0
33-01-07,CORTADORA DE LADRILLO CON DISCO,DIA,48641.0
33-01-08,CORTADORA SIN DISCO,DIA,22180.0
33-01-09,FORMALETA MET.PAVIMENTO 0.15X0.20X3MTS,DIA,1309.0
33-01-10,JUEGO DE RODACHINES PARA ANDAMIO,DIA,11900.0
33-01-12,MEZCLADORA DE 9 PIES CUBICOS,DIA,30000.0
33-01-13,"MOTOBOMBA DE 3""",DIA,28560.0
33-01-14,"MOTOBOMBA DE 2""",DIA,26180.0
33-01-15,PLUMA GRUA,DIA,28164.0
33-01-16,PULIDORA MANUAL ELECTRICA,DIA,27260.0
33-01-18,SOLDADOR ELECTRICO,DIA,47600.0
33-01-19,TABLERO O PLAQUETA DE 1.40X0.70 MTS,DIA,250.0
33-01-20,TABLONES DE 3 MTS,DIA,535.0
33-01-21,TACO METALICO EXTENSION DE 2.00 A 3.30MT,DIA,131.0
33-01-22,TIJERAS O DIAGONALES CORTAS O LARGAS,DIA,63.0
33-01-23,VIBRADOR A GASOLINA,DIA,30146.0
33-01-24,VIBRADOR ELECTRICO,DIA,30146.0
33-01-25,VIBROCOMPACTADOR TIPO RANA,DIA,29155.0
33-01-26,VIGA CELOSIA DE 3MTS,DIA,1050.0
33-01-27,CORTADORA DE PAVIMENTODE 4 A 7 CM,ML,5355.0
33-01-28,MEZCLADORA ELECTRICA 1 M3,DIA,40000.0
33-01-30,PULIDORA MANUAL (SOLA),DIA,19040.0
33-01-31,PLANTA ELECTRICA 4000 RPM,DIA,35700.0
33-01-32,PLANTA ELECTRICA 7000 RPM,DIA,47600.0
33-01-33,PLUMA GRUA 500 KILOS,DIA,35700.0
33-01-34,CANASTA Y/O BALDE PLUMA GRUA,DIA,2380.0
33-01-35,ANDAMIO METALICO TUBULAR,U/D,1100.0
33-01-36,TERMOFUSIONADOR TUBERIA POLIETILENO,DIA,195322.0
33-01-38,EQUIPO OXICORTE,DIA,48500.0
33-01-39,EQUIPO SANDBLASTING-GRANALLADO ARENA,HRS,77294.0
33-02-01,BULLDOZER D-6,HRS,145000.0
33-02-02,CILINDRO COMPACTADOR DE 3 TONELADAS,HRS,83300.0
33-02-03,CILINDRO COMPACTADOR DE 6 TONELADAS,HRS,75000.0
33-02-04,MOTONIVELADORA CAT-12-F,HRS,139500.0
33-02-05,RETROEXCAVADORA JD-510,HRS,88000.0
33-02-06,VIBROCOMPACTADOR 950N,HRS,107100.0
33-02-07,VOLQUETA 5 M3,VJE,46500.0
33-02-08,MONTACARGAS ENLLANTADO 5 TONELADAS,HRS,74000.0
33-02-09,RETROEXCAVADORA DE ORUGA,HRS,166600.0
33-02-10,RETROEXCAVADORA CARGADORA JD-510,HRS,101150.0
33-02-11,GRUA TELESCOPICA HIDRAULICA 20 TON.,HRS,65000.0
33-02-13,GRUA TELESCOPICA L=50M MINIMO 8H,HRS,490880.0
33-03-01,CINTA SEGURIDAD PREVENTIVA A=8CM-250MTS.,UND,122453.0
33-03-02,SENAL TIPO SR-30 (AVISO DE 30 MTS),DIA,5697.0
33-03-03,SENAL TIPO SR-26 (NO ADELANTAR VEHICULO),DIA,5697.0
33-03-04,SENAL TIPO SR-38 (OBREROS EN LA VIA),DIA,5697.0
33-03-05,SENAL TIPO SP-101 (VIA EN CONTRUCCION),DIA,5697.0
33-03-06,BARRICADA Y DESVIO TIPO SR-102,DIA,11995.0
33-03-07,TABLERO DE DESVIO,DIA,4035.0
33-03-08,CHALECO REFLECTIVO,DIA,2400.0
33-03-09,SENAL DE PARE-SIGA PARA PALETERO,DIA,2420.0
33-03-11,PALETERO DIURNO,HRS,8949.0
33-03-12,PALETERO NOCTURNO,HRS,10738.0
33-05-01,ANDAMIO EXTERIOR PROT PEATON H=10-12M,ML,111494.0
33-05-02,PROTECCION PASARELA INTERIOR,M2,16544.0
33-05-03,SOBRECUBIERTA EN GUADUA-TEJA ZINC,M2,41565.0
33-05-04,TINA METALICA-PVC EVACUACION ESCOMBROS,ML,112108.0
33-06-01,MODULO ANDAMIO H= 2000 M=1.4X3.0 ALTURA,M/D,19127.0
33-06-02,MODULO ANDAMIO H +2000 M=1.4X3.0 ALTURA,M/D,15987.0
41-02-01,GABINETE CONTRA INCENDIO CLASE III,UND,1825408.0
41-02-02,GABINETE CONTRA INCENDIO CLASE I,UND,1590408.0
41-02-03,GABINETE CONTRA INCENDIO CLASE II,UND,1601071.0
41-02-04,GABINETE CONTRA INCENDIOS SIN ACCESORIOS,UND,127755.0
41-03-01,EXTINTOR ABC 10 LB,UND,82583.0
41-03-02,EXTINTOR BC 10 LB,UND,78753.0
41-03-03,EXTINTOR CO2 10 LB,UND,946183.0
41-03-04,EXTINTOR H20 125 PSI,UND,166803.0
41-06-01,MANOMETRO GLICERINA DE 0-200 PSI,UND,63761.0
41-07-01,DETECTOR HUMO FOTOELECTRICO,UND,301053.0
41-08-01,SPRINKLER ROSCADO TIPO K D=1/2 MOD.EST.,UND,87875.0
41-08-02,SPRINKLER ROSCADO TIPO K D=1/2 MOD.UNIV,UND,87929.0
41-09-13,SOPORTES TIPO CUELGA 3,UND,14049.0
41-09-14,SOPORTES TIPO CUELGA 2,UND,12649.0
41-09-15,SOPORTES TIPO CUELGA 1 -14,ARR,12549.0
41-09-17,SOPORTE SISMICO LONGITUDINAL 3,UND,111900.0
41-09-18,SOPORTE SISMICO LONGITUDINAL 2,UND,111900.0
41-09-19,SOPORTE SISMICO LONGITUDINAL 1-14,UND,108796.0
41-09-21,SOPORTE SISMICO LATERAL 3,UND,0.0
41-09-22,SOPORTE SISMICO LATERAL 2,UND,116700.0
41-09-23,SOPORTE SISMICO LATERAL 1-14,UND,140596.0
41-10-01,"SIAMESA 4X2,1/2X2,1/2",UND,992487.0
41-11-01,TEE RANURADA 1,UND,39739.0
41-11-02,TEE RANURADA 1.1/4,UND,31260.0
41-11-03,TEE RANURADA 1.1/2,UND,27479.0
41-11-05,TEE RANURADA 2.1/2,UND,44396.0
41-11-06,TEE RANURADA 3,UND,65689.0
41-11-07,TEE RANURADA 4,UND,84775.0
41-11-08,TEE RANURADA 6,UND,269340.0
41-14-01,REDUCC HD UM 1-14 X 1,UND,22517.0
41-14-02,REDUCC HD UM 2 X 1-14,UND,23217.0
41-14-03,REDUCC HD UM 3 X 1-14,UND,35717.0
41-14-04,REDUCC HD UM 3 X 2,UND,23217.0
41-16-01,UNION RIGIDA RANURADA 1,UND,0.0
41-16-02,UNION RIGIDA RANURADA 1.1/4,UND,15769.0
41-16-03,UNION RIGIDA RANURADA 1.1/2,UND,16936.0
41-16-04,UNION RIGIDA RANURADA 2,ARR,19178.0
41-16-05,UNION RIGIDA RANURADA 2.1/2,UND,24108.0
41-16-06,UNION RIGIDA RANURADA 3,UND,25697.0
41-16-07,UNION RIGIDA RANURADA 4,UND,32896.0
41-16-08,UNION RIGIDA RANURADA 6,UND,55795.0
41-16-09,UNION RIGIDA RANURADA 8,UND,91193.0
41-16-10,UNION RIGIDA RANURADA 10,UND,160591.0
41-16-11,UNION RIGIDA RANURADA 12,UND,248989.0
41-19-01,CHEQUE HORIZONTAL UL FM 4,UND,382289.0
41-21-04,CODO RANURADO UL 2 90,ARR,74296.0
41-21-06,CODO RANURADO UL 3 90,ARR,46606.0
41-21-07,CODO RANURADO UL 4 90,UND,52926.0
41-30-01,"TUBERIA ACERO CARBON D= ,1/2 SCH-40",ML,11679.0
41-30-02,TUBERIA ACERO CARBON D=1 SCH-40,ML,19448.0
41-30-03,"TUBERIA ACERO CARBON D=1,1/4 SCH-40",ML,24364.0
41-30-04,"TUBERIA ACERO CARBON D=1,1/2 SCH-40",ML,28735.0
41-30-05,TUBERIA ACERO CARBON D= 2 SCH-40,ML,36156.0
41-30-06,"TUBERIA ACERO CARBON D=2,1/2 SCH-40",ML,106176.0
41-30-07,TUBERIA ACERO CARBON D=3 SCH-40,ML,68369.0
41-30-08,TUBERIA ACERO CARBON D=4 SCH-40,ML,99828.0
41-30-09,TUBERIA ACERO CARBON D=6 SCH-40,ML,166663.0
41-30-10,TUBERIA ACERO CARBON D=8 SCH-40,ML,255356.0
46-02-05,REJILLA SUM 10.0X10.0 (CD-A)-4 VIAS,UND,89964.0
46-02-07,REJILLA SUM 12.0X12.0 (CD-A)-4 VIAS,UND,93769.0
46-02-17,REJILLA R 24X48 METAL MICROPERFORADA,UND,162791.0
46-02-28,REJILLA R 18.0X10.0,UND,72329.0
46-03-01,DUCTO LAMINA FIBRA DE VIDRIO,M2,65519.0
46-03-02,DUCTO SUMINISTRO LAM GALV. CAL 22 AISLAD,M2,94121.0
46-03-03,DUCTO LAMINA GALVANIZADA CAL 22,M2,75573.0
46-03-04,CUELLO LAMINA ICOPOR AISLADO 1 A=11-16P,UND,17893.0
46-03-05,CUELLO LAMINA C-22 L=5-25CM,UND,31077.0
46-03-06,CUELLO LAMINA C-22 L=26-50CM,UND,68677.0
46-04-01,DUCTO RETORNO LAM GALV CAL 22 AISLADO,M2,87375.0
46-04-02,DUCTO LAMINA ICOPOR AISLADO 1,M2,35040.0
46-04-03,CUELLO LAMINA ICOPOR AISLADO 1 A=6-10 P,UND,23556.0
46-04-05,DUCTO REDONDO 4 LAM GALV C.24,ML,48487.0
46-04-06,CODO DUCTO REDONDO 4 LAM GALV C.24,UND,45948.0
46-04-07,UNION DUCTO REDONDO 4 LAM GALV C.24,UND,28948.0
46-04-08,GORRO CHINO 4 REDONDO A.INOX C.24,UND,66448.0
46-04-09,DUCTO RETORNO LAM GALV CAL 20,M2,74355.0
46-05-02,FILTRO BOLSILLO 24X24X12 65.00% - 6 BOLS,UND,238429.0
46-05-04,PREFILTRO 30/35% - 16X24X2 LAVABLE,UND,186208.0
46-05-05,PREFILTRO 30/35% - 16X20X2 LAVABLE,UND,179908.0
46-05-06,PREFILTRO 30/35% -20X20X4 LAVABLE,UND,181908.0
46-05-07,PREFILTRO 30/35% - 24X24X2 LAVABLE ALUM,UND,153690.0
46-05-09,FILTRO CARTUCHO 85% -16X20X4 - FDCJM,UND,349951.0
46-05-10,FILTRO HEPA 99.97% 3/ 7.5CM,UND,1868780.0
46-05-11,FILTRO HEPA 99.97% 6/ 15.0CM,UND,2017743.0
46-05-12,FILTRO HEPA 99.99% - 24X24X12- 2000 CFM,UND,2020929.0
46-05-13,FILTRO 30/35% - 24X24X2 - LAVABLE,UND,212508.0
46-05-14,FILTRO BOLSILLO 85.00% - 24X24X12-6B,UND,254447.0
46-05-15,FILTRO CARTUCHO 95% -24X24X4 - FDCJM,UND,311551.0
46-11-04,EXT. TUBERIA COBRE 1/2-1/4+RUBATEX,ML,39546.0
46-11-05,DESMO EQUIPO MINI SPLIT 9000-18000 BTU,UND,176720.0
46-11-06,INSTALACION MINI SPLIT 9000-18000 BTU,UND,341482.0
46-11-07,DESM.EQUIPO PISO TECHO 24000-60000 BTU,UND,523805.0
46-11-08,INSTALACION PISO TECHO 24000-60000 BTU,UND,787200.0
46-12-01,CAÑUELA ALUM TUB 1-2 POLIURETANO EXPAND,ML,49874.0
46-12-02,CAÑUELA ALUM TUB 2-3 POLIURETANO EXPAND,ML,56474.0
46-12-03,CAÑUELA ALUM TUB 3-4 POLIURETANO EXPAND,ML,57817.0
46-12-04,CAÑUELA ALUM TUB 4-6 POLIURETANO EXPAND,ML,66543.0
46-13-01,GAS ISCEON MO 49,LBS,21316.0
46-13-02,GAS 134 A DUPONT,LBS,18316.0
46-13-03,GAS R 290 PROPANO,KLS,60316.0
46-13-04,GAS R 410,LBS,44060.0
46-13-05,GAS R 507,LBS,47760.0
46-13-06,GAS R 404,LBS,26316.0
46-13-07,GAS R 141 LIMPIEZA-RETROFILL,LBS,59316.0
46-13-08,GAS NITROGENO,M3,21976.0
46-13-09,GAS ACETILENO,KLS,25176.0
46-13-10,GAS OXIGENO,M3,20276.0
46-13-12,GAS ISCEOM M-29 (R-22),LBS,29796.0
50-01-04,REDISE,M2,11227.0
50-03-01,REDISEÑO ELECTRICO INTERIORES,UND,4341910.0
50-03-02,REDISEÑO ELECTRICO EXTERIORES,UND,14051405.0
50-03-03,REDISEÑO ELECTRICO ILUMINACION,UND,3230495.0
50-05-01,REDISEÑO MECANICO CLIMATIZACION,UND,1684500.0
53-01-01,C.B.R.INALTERADO,UND,178500.0
53-01-02,C.B.R.MATERIAL COHESIVO,UND,595000.0
53-01-03,C.B.R.MATERIAL GRANULAR,UND,178500.0
53-01-04,COMPRESION INCONFINADA,UND,59500.0
53-01-05,DENSIDAD TERRENO(DENSIMETRO NUCLEAR),UND,27370.0
53-01-06,GRANULOMETRIA POR TAMIZADO (SIN LAVADO),UND,41650.0
53-01-07,GRANULOMETRIA POR TAMIZADO (CON LAVADO),UND,0.0
53-01-08,HUMEDAD NATURAL,UND,11900.0
53-01-09,LAVADO SOBRE TAMIZ NRO 200,UND,23800.0
53-01-10,LIMITES DE ATTERBERG,UND,23800.0
53-01-11,PENETRACION A PERCUSION DE 0.0M A 10.0M,ML,95200.0
53-01-12,PENETRACION A PERCUSION-10M EN ADELANTE,ML,119000.0
53-01-13,PERFORACION BARRENO MANUAL 1.5M A 2.0M,ML,19425.0
53-01-14,PESO ESPECIFICO,UND,47600.0
53-01-15,PROCTOR MODIFICADO,UND,77350.0
53-01-16,VISITA FRUSTRADA EN TOMA DE DENSIDADES,UND,71400.0
53-01-17,PERFORAC A ROTAC CON DIAMANT SUELOS BLAN,ML,226100.0
53-01-19,PERFORAC A ROTACION CON DIAMANT EN ALUV,ML,1130500.0
53-02-01,ALQUILER FORMALETA Y CONO(UND POR DIA,UND,17850.0
53-02-02,COMPRESION DE MURETES,UND,41650.0
53-02-03,COMPRESION DE CILINDROS,UND,9520.0
53-02-04,DISENO DE MEZCLAS-UNA RESISTENCIA,UND,261800.0
53-02-05,FLEXION EN ADOQUINES,UND,23800.0
53-02-06,PESO UNITARIO DE BLOQUES,UND,23800.0
53-02-08,ROTURA DE BLOQUES,UND,27370.0
53-02-09,ROTURA DE LADRILLOS,UND,21420.0
53-02-10,ROTURA DE MORTERO,UND,9520.0
53-02-11,ROTURA DE VIGAS,UND,26180.0
53-03-01,CONTENIDO MATERIA ORGANICA(COLORIMETRIA),UND,29750.0
53-03-02,DESGASTE EN LA MAQUINA DE LOS ANGELES,UND,154700.0
53-03-03,PESO ESPECIFICO Y ABSORCION,UND,59500.0
53-03-04,PESO UNITARIO SUELTO Y APISONADO,UND,35700.0
53-04-01,ADHERENCIA,UND,59500.0
53-04-02,DENSIDAD PAV.ASFALT.(DENSIMET.NUCLEAR),UND,23800.0
53-04-03,ESTABILIDAD Y FLUJO MARSHALL,UND,29750.0
53-04-04,EXTRACCION DE CONTENIDO ASFALTICO,UND,47600.0
53-04-05,EXTRACCION MANUAL DE UNA MUESTRA DE PAV.,UND,35700.0
53-04-06,GRANULOMETRIA AGREGADOS DE LAS MEZCLAS,UND,41650.0
53-04-07,PESO UNITARIO DE BRIQUETES Y O GALLETAS,UND,23800.0
53-04-08,TOMA DE BRIQUETES,UND,8330.0
53-05-02,ENSAYO DE NUCLEO A COMPRESION,UND,23800.0
53-05-03,"EXTRACCION Y ENSAYOS DE NUCLEO DE 2""",UND,119000.0
53-05-04,"EXTRACCION Y ENSAYOS DE NUCLEO DE 3""",UND,142800.0
53-05-05,"EXTRACCION Y ENSAYOS DE NUCLEO DE 4""",UND,166600.0
53-05-06,"EXTRACCION Y ENSAYOS DE NUCLEO DE 6""",UND,476000.0
71-01-01,ALCALA-DESPLAZAMIENTO,VJE,206174.0
71-01-02,ANDALUCIA-DESPLAZAMIENTO,VJE,114832.0
71-01-03,ANSERMANUEVO-DESPLAZAMIENTO,VJE,178551.0
71-01-04,ARGELIA-DESPLAZAMIENTO,VJE,195620.0
71-01-05,BUENAVENTURA-DESPLAZAMIENTO,VJE,107834.0
71-01-06,BOLIVAR-DESPLAZAMIENTO,VJE,150103.0
71-01-07,BUGA-DESPLAZAMIENTO,VJE,69718.0
71-01-08,BUGALAGRANDE-DESPLAZAMIENTO,VJE,118388.0
71-01-09,CAICEDONIA-DESPLAZAMIENTO,VJE,177726.0
71-01-10,CALI-DESPLAZAMIENTO,VJE,0.0
71-01-11,CANDELARIA-DESPLAZAMIENTO,VJE,19914.0
71-01-12,CARTAGO-DESPLAZAMIENTO,VJE,188394.0
71-01-13,DAGUA-DESPLAZAMIENTO,VJE,34138.0
71-01-14,DARIEN-DESPLAZAMIENTO,VJE,88920.0
71-01-15,EL AGUILA-DESPLAZAMIENTO,VJE,198465.0
71-01-16,EL CAIRO-DESPLAZAMIENTO,VJE,214822.0
71-01-17,CERRITO-DESPLAZAMIENTO,VJE,51226.0
71-01-18,EL DOVIO,VJE,154370.0
71-01-19,FLORIDA-DESPLAZAMIENTO,VJE,29159.0
71-01-20,GINEBRA-DESPLAZAMIENTO,VJE,74005.0
71-01-21,GUACARI-DESPLAZAMIENTO,VJE,76138.0
71-01-22,JAMUNDI-DESPLAZAMIENTO,VJE,17069.0
71-01-23,LA CUMBRE-DESPLAZAMIENTO,VJE,28448.0
71-01-24,LA UNION-DESPLAZAMIENTO,VJE,151526.0
71-01-25,LA VICTORIA-DESPLAZAMIENTO,VJE,164925.0
71-01-26,OBANDO-DESPLAZAMIENTO,VJE,172037.0
71-01-27,PALMIRA-DESPLAZAMIENTO,VJE,37714.0
71-01-28,PRADERA-DESPLAZAMIENTO,VJE,33426.0
71-01-29,RESTREPO-DESPLAZAMIENTO,VJE,60472.0
71-01-30,RIO FRIO-DESPLAZAMIENTO,VJE,115254.0
71-01-31,ROLDANILLO-DESPLAZAMIENTO,VJE,141569.0
71-01-32,SAN PEDRO-DESPLAZAMIENTO,VJE,99897.0
71-01-33,SEVILLA-DESPLAZAMIENTO,VJE,163502.0
71-01-34,TORO-DESPLAZAMIENTO,VJE,160060.0
71-01-35,TRUJILLO-DESPLAZAMINETO,VJE,124789.0
71-01-36,TULUA-DESPLAZAMIENTO,VJE,105586.0
71-01-37,ULLOA-DESPLAZAMIENTO,VJE,211153.0
71-01-38,VERSALLES-DESPLAZAMIENTO,VJE,166461.0
71-01-39,VIJES-DESPLAZAMIENTO,VJE,22047.0
71-01-40,YOTOCO-DESPLAZAMIENTO,VJE,57627.0
71-01-41,YUMBO-DESPLAZAMIENTO,VJE,10668.0
71-01-42,ZARZAL-DESPLAZAMIENTO,VJE,154257.0
71-01-43,ACEITE COMBUSTIBLE PARA MOTOR ACPM,GLN,8780.0
