Codigo,Descripcion,Unidad,Valor Unitario
MOAG01,MANO OBRA ALBANILERIA1 AYUDANTE,HC,8949.0
MQ0207,VOLQUETA 5 M3,VJE,46500.0
MQ0301,HERRAMIENTA MENOR,GLB,1600.0
MQ0105,COMPRESOR DE DOS MARTILLOS,HRS,70000.0
001596,LISTON 2x2x300 OTOBO,UND,5900.0
002294,PUNTILLA 2CC,LBS,3900.0
MOAG12,MANO OBRA ALBANILERIA2 AYUDANTE-1 OFI,HC,32845.0
MOTO01,MANO OBRA TOPOGRAFIA1 CADENERO-1 TOP,HC,66168.0
003843,PIOLA GRUESA,ROL,2700.0
MOAG02,MANO OBRA ALBANILERIA2 AYUDANTE,HC,17897.0
MOAG03,MANO OBRA ALBANILERIA3 AYUDANTE,HC,26846.0
MQ0205,RETROEXCAVADORA JD-510,HRS,88000.0
MQ0204,MOTONIVELADORA CAT-12-F,HRS,139500.0
MQ0206,VIBROCOMPACTADOR CA-15,HRS,107100.0
MQ0222,CARROTANQUE AGUA,DIA,277000.0
MQ0236,MINICARGADOR BOBCAT,HRS,75000.0
MQ0221,VOLQUETA(ACARREO),M3K,1320.0
MQ0210,RETROEXCAVADORA CARGADORA,HRS,101150.0
002414,ROCA MUERTA,M3,8800.0
000214,AGUA,LTS,30.0
MOIS01,MANO OBRA HIDROSANIT.1 AYUDANTE-1 OFI,HC,25391.0
000518,BOM.SUM. 2 HP,UND,4996556.0
000519,"""BOM.230VTRIF,ARRDIREC,3""""",UND,2365765.0
000239,BALASTRO DE RIO,M3,19500.0
002959,"""TUBO CONCRETO CII6""""",ML,15490.0
001350,GRAVA TRITURADA.3/4,M3,52571.0
002946,"""TUBO CONCRETO CII 10""""",ML,25199.0
002947,"""TUBO CONCRETO CII 12""""",ML,47908.0
002949,"""TUBO CONCRETO CII 15""""",ML,71618.0
002950,"""TUBO CONCRETO CII 18""""",ML,73472.0
002951,"""TUBO CONCRETO CII 21""""",ML,98153.0
MOTO02,MANO OBRA TOPOGRAFIA 2 CADENERO-1 TOP,HC,80691.0
002952,"""TUBO CONCRETO CII 24""""",ML,119977.0
002954,"""TUBO CONCRETO CII 27""""",ML,210636.0
002955,"""TUBO CONCRETO CII 30""""",ML,217855.0
002960,"""TUBO CONCRETO CII8""""",ML,20606.0
002956,"""TUBO CONCRETO CII 33""""",ML,286983.0
002957,"""TUBO CONCRETO CII 36""""",ML,358840.0
005465,TUBO CONCRETO CII 1.0M HR,ML,319129.0
005466,TUBO CONCRETO CII 1.1M HR,ML,373099.0
002556,TABLA 1x10x300 OTOBO,UND,13007.0
003890,FORMALETA CAMARA INSPECCIO,UND,54213.0
003999,HIERR.DE 60000 PSI 420 MPA,KLS,4287.0
004600,HIERR.DE 37000 PSI 259 MPA,KLS,4000.0
001046,"""CUARTON 2""""x4""""x300 OTOBO",UND,15500.0
001401,"""HIERRO .3/8"""" 60.000 [6",KLS,1294.0
001718,"""HIERRO .1/4"""" 37.000 [C",KG,4000.0
001722,"""HIERRO .1/2"""" 60.000 [6",KG.,4000.0
002322,PUNTILLA.1/2AC,LBS,3660.0
MQ0124,VIBRADOR,DIA,30146.0
001365,GUADUA[TACO] 2.50-3M,UND,10500.0
MOIS02,MANO OBRA HIDRO1 AYUDANTE - 1 OFI+10 A2,HC,35087.0
MQ0217,CAMION TRANSPORTE CARGA 5.1-10 TONELADAS,VJE,2400.0
000501,"""VAL CHAPALETA Q 4.1LT D6""",UND,464035.0
000506,"""VAL CHAPALETA Q 4.1LT D8""",UND,814274.0
000507,"""VAL CHAPAL Q=4.1LT/S D10""",UND,2217920.0
000508,"""VAL CHAPALETA Q4.1LT D12""",UND,2188487.0
000188,"""TUBO SAN 4""""PVC-110M",ML,16433.0
000237,HIDROSELLO NOVAFORT 110MM,UND,2240.0
000521,ADHESIVO NOVAFORT,GLN,86557.0
000522,ACONDICION SUPERF NOVAFORT,GLN,100962.0
000193,"""TUBO SAN 6""""PVC-160M",ML,39721.0
000238,HIDROSELLO NOVAFORT 160MM,UND,4797.0
000190,"""TUBO SAN 8""""PVC-200M",ML,48666.0
000240,HIDROSELLO NOVAFORT 200MM,UND,8631.0
000192,"""TUBO SAN 10""""PVC-250M",ML,54050.0
000241,HIDROSELLO NOVAFORT 250MM,UND,15305.0
000191,"""TUBO SAN 12""""PVC-315M",ML,116106.0
000242,HIDROSELLO NOVAFORT 315MM,UND,31766.0
000525,"""TUBO SAN 16""""PVC-400M",ML,140875.0
000536,HIDROSELLO NOVAFORT 400MM,UND,64692.0
000526,"""TUBO SAN 18""""PVC-450M",ML,238100.0
000537,HIDROSELLO NOVAFORT 450MM,UND,93512.0
000527,"""TUBO SAN 20""""PVC-500M",ML,296421.0
000538,HIDROSELLO NOVAFORT 500MM,UND,105002.0
000520,LUBRICANTE TUB PVC/500GR,UND,18232.0
005480,"""TUBO SAN 24""""PVC NOVA",ML,406002.0
005481,"""TUBO SAN 27""""PVC NOVA",ML,476338.0
005482,"""TUBO SAN 30""""PVC NOVA",ML,594873.0
005483,"""TUBO SAN 33""""PVC NOVA",ML,674001.0
001588,LIMPIADOR PVC 760GRMS,UND,43125.0
005571,"""TUBO PVC 6"""" ALIG RIB LO",ML,44260.0
005572,"""TUBO PVC 8"""" ALIG RIB LO",ML,59634.0
005573,"""TUBO PVC 10"""" ALIG RIB LO",ML,82972.0
005574,"""TUBO PVC 12"""" ALIG RIB LO",ML,123102.0
005575,"""TUBO PVC 14"""" ALIG RIB LO",ML,145466.0
004894,MOTOR EL.BOMB5HP,UND,929885.0
004889,MOTOR EL.BOMB 15HP,UND,2255012.0
004892,MOTOR EL.BOMB 20HP,UND,2588250.0
004905,MOTOR EL.BOMB 25HP,UND,2779650.0
004904,MOTOR EL.BOMB 35HP,UND,4622600.0
004907,MOTOR EL.BOMB 50HP,UND,6652600.0
004900,MOTOR EL.BOMB 60HP,UND,7703850.0
004887,MOTOR EL.100HP 3600RPM BOM,UND,11024350.0
004890,MOTOR EL.BOMB 150HP,UND,17297050.0
004891,MOTOR EL.BOMB 30HP,UND,3836700.0
004868,"""BOM.SUM. 3 HP LAPIC 4""",UND,4611000.0
MOIE01,MANO OBRA ELECTRICAS1 AYUDANTE-1 OFI,HC,33455.0
MQ0212,CARRO GRUA 5 TONELADAS,HRS,51000.0
004857,"""BOM.SUM. 15 HP LAPIC 6""",UND,11008400.0
004874,"""BOM.SUM. 20 HP LAPIC 6""",UND,13374800.0
005167,"""BOM.SUM. 25 HP LAPIC 6""",UND,15947100.0
004864,"""BOM.SUM. 30 HP LAPIC. 6""",UND,23187500.0
004866,"""BOM.SUM. 40 HP LAPIC. 6""",UND,25725000.0
004879,"""BOM.SUM. 50 HP LAPIC. 6""",UND,30056250.0
004877,"""BOM.SUM. 60 HP LAPIC. 6""",UND,37567250.0
000999,BOM.SUM. 1 HP,UND,2593766.0
005565,ARR.230V 40-50AMP,UND,1087500.0
005566,MONITOR DE VOLTAJE,UND,375000.0
005567,CONTACTOR ABIERTO 60A/AC3,UND,914200.0
005568,HIMEL,UND,196270.0
005569,RELE BIMETALICO TERMICO,UND,423900.0
005570,PULSADOR LUMINOSO VERDE,UND,85050.0
005774,CONTROL DE NIVEL T. GWARRI,UND,252880.0
004930,T/C/D 3600RPM 1.0HP 32 A,UND,1364181.0
004910,REG.HIE.D=1/2E=1/2 1.5x40M,UND,118400.0
004912,REG.HIE.D=1/2E=1/2 .6x.4MT,UND,47265.0
004911,REG.HIE.D=1/2E=1/2 1x.30MT,UND,56718.0
004914,REG.HIE.D=1/2E=1/2 1x.60MT,UND,179060.0
004913,REG.LAM.A.INO.C=9 1 x.60M,UND,283590.0
004916,REG.LAM.A.INO.C=9 1 x.30M,UND,94530.0
004915,REG.LAM.A.INO.C=9 1.5x.40M,UND,330855.0
005142,"""HIDRANTE E.B LONDRES D=4",UND,2351490.0
005141,"""HIDRANTE E.B LONDRES D=6",UND,2899450.0
005140,"""HIDRANTE E.L MILAN JR D=3",UND,1503800.0
005143,"""HIDRANTE E.B CHICAGO D=3",UND,1648000.0
005159,"""HIDRANTE E.B ROMAD=4",UND,3394500.0
005158,"""HIDRANTE E.B ROMAD=6",UND,4098512.0
005157,"""HIDRANTE ROS S.FRANCI D=3",UND,1270200.0
005156,"""HIDRANTE E.L LONDRES D=4",UND,3369248.0
001390,"""HIDRANTE E.L.ROMAD=4",UND,3260180.0
001389,"""HIDRANTE E.L ROMAD=6",UND,3912216.0
005155,"""HIDRANTE E.L ROMA JR D=4",UND,3572800.0
005154,"""HIDRANTE E.L LONDRES D=6",UND,3912216.0
000524,"""HIDRANTE ROS PAREDD=4",UND,870000.0
004917,ARR.3600 C/S 8.5-12A 3.6HP,UND,257589.0
004918,ARR.3600 C/S 12-17AM 5 HP,UND,302039.0
004919,ARR.3600RC/S 16-23A 7.5HP,UND,325411.0
004920,ARR.3600 C/S 23-32AM 12 HP,UND,395950.0
004921,ARR.3600 C/S 4- 6AM 1.8HP,UND,249499.0
004923,ARR/E/T 230V 12-17AMP 9HP,UND,1182844.0
004924,ARR/E/T 230V 23-32AMP 18HP,UND,1182844.0
004925,ARR/E/T 230V 32-42AMP 24HP,UND,1888056.0
004926,ARR/E/T 230V 40-52AMP 34HP,UND,2161421.0
004927,ARR/E/T 230V 58-75AMP 50HP,UND,2467364.0
005012,"""BOLA DE COBRE D=3""""""",UND,26025.0
005013,"""BOLA DE COBRE D=1""""-2""""""",UND,78989.0
004928,C/N HG110-220V13*6 90TB-TA,UND,91259.0
004931,T/C/D 3600RPM 6.6HP 17.5A,UND,1258217.0
004932,T/C/D 3600RPM 7.5HP 21.8A,UND,1270316.0
004933,T/C/D 3600RPM 9 HP 24 A,UND,1522211.0
004934,T/C/T 3600RPM 3.6HP 10.5A,UND,1455723.0
004935,T/C/T 3600RPM 5 HP 16 A,UND,1640535.0
004936,T/C/T 3600RPM 6.6HP 17.5A,UND,1733670.0
004937,T/C/T 3600RPM 12 HP 32 A,UND,2518729.0
004938,T/C/T 3600RPM 7.5HP 21.8A,UND,1750668.0
004939,T/C/T 3600RPM 9 HP 24 A,UND,1956628.0
004940,T/C/D 3600RPM 5 HP 16 A,UND,1392569.0
004970,"""VAL COMP/ELAST 2"""" EB PV",UND,313635.0
004971,"""VAL COMP/ELAST 4"""" EL PV",UND,515000.0
004974,"""VAL COMP/ELAS/JR 12""""EL P",UND,5360128.0
004941,"""VAL CHEQ/CORT/BRONC D=2""""",UND,238500.0
004942,"""VAL CHEQ/CORT/BRONC D=3""""",UND,98325.0
004943,"""VAL CHEQ/CORT/BR D=1.1/2""",UND,61712.0
004944,"""VAL CHEQ/CORT/HIERR D=3""""",UND,472120.0
004945,"""VAL CHEQ/CORT/HIERR D=4""""",UND,716880.0
004946,"""VAL CHEQ/CORT/HIERR D=6""""",UND,1475520.0
004947,"""VAL CHEQ/GLOB/BRON 1.1/2""",UND,107900.0
004948,"""VAL CHEQ/GLOB/BRON 1.1/4""",UND,69900.0
004949,"""VAL CHEQ/GLOB/BRONC D=1""""",UND,56900.0
004950,"""VAL CHEQ/GLOB/BRONC D=2""""",UND,169900.0
004951,"""VAL CHEQ/GLOB/HIERR D=4""""",UND,381059.0
004952,"""VAL CHEQ/GLOB/HIERR D=10""",UND,2009374.0
004953,"""VAL CHEQ/GLOB/HIERR D=3""""",UND,3286217.0
001640,"PERNO ,3/4 x 6,1/2",UND,1500.0
001648,"""TUERCA AC ,3/4""""""",UND,420.0
004954,"""VAL CHEQ/GLOB/HIERR D=6""""",UND,1055640.0
004955,"""VAL CHEQ/GLOB/HIERR D=8""""",UND,1424371.0
004969,"""VAL COMP/ELAST 12"""" EB PV",UND,3440800.0
004976,"""VAL COMP/ELAST/JR 6""""EL P",UND,967280.0
005011,VALVCOMPUE/ELAST/JR 8 EL,UND,1288760.0
004967,"""VAL COMP/ELAST 3"""" EB PV",UND,408320.0
004968,"""VAL COMP/ELAST 8"""" EB PV",UND,1439800.0
004973,"""VAL COMP/ELAST 6"""" EB PV",UND,986000.0
004975,"""VAL COMP/ELAST/JR 3""""EL P",UND,420000.0
004977,"""VAL COMP/ELAST/JR PVC 2""""",UND,265000.0
004978,VAL D/CO/S/BR ASTMA126 6EB,UND,1162567.0
004979,VAL RETENC ASTM A-126 2EB,UND,363080.0
004980,VAL RETENC ASTM A-126 3EB,UND,429200.0
004981,VA/D/C/S/B ASTM A-126 10EB,UND,5140192.0
004982,VAL DOB/COM ASTM A-126 4EB,UND,1293400.0
004983,VAL DOB/COM ASTM A-126 3EB,UND,813160.0
004984,VAL D/C/S/B ASTM A-126 8EB,UND,3122720.0
004988,"""VAL FLOT/HIERR HIDRO D=3""",UND,859380.0
004989,"""VAL FLOT/HIERR HIDRO D=4""",UND,1335346.0
004990,"""VAL FLOT/HIERR HIDRO D=6""",UND,3095438.0
004991,"""VAL PIE/CANAS/BRO D=3""""""",UND,164720.0
004992,"""VAL PIE/CANAST/BRONC D=4""",UND,354148.0
004996,"""VAL PIE/CANAST/BRONC D=6""",UND,980200.0
004997,"""VAL PIE/HIERR/BRIDA D=3""""",UND,274837.0
004998,"""VAL PIE/HIERR/BRIDA D=6""""",UND,476760.0
004999,"""VAL PIE/HIERR/BRIDA D=8""""",UND,562600.0
005000,"""VAL PIE/TOTAL/BRONCE D=2""",UND,128500.0
005001,"""VAL REGIS/GLOB/BR D=1.1/2",UND,52200.0
000093,"""VALV/REG/GLOB/BR.D=1.1/4""",UND,46400.0
5002,"""VAL REGIST/GLOB/BRO D=1""""",UND,44254.0
005003,"""VAL REGIST/GLOB/BRON D=2""",UND,118784.0
005004,"""VALVRET ASTM A-126 10"""" E",UND,4078513.0
005005,VAL RETENC ASTM A-126 4EB,UND,597400.0
005006,VAL RETENC ASTM A-126 6EB,UND,1555513.0
005007,VAL RETENC ASTM A-126 8 EB,UND,2329233.0
005008,"""VAL DOBL/CMP/SELL/BR D=2""",UND,426880.0
005009,"""VAL FLOT/CMP/BOLA CU D=3""",UND,331719.0
005010,"""VAL CHEQUE CORT/HF 2""""""",UND,161472.0
000786,ANTRACITA COATL AWWA STAND,M3,296960.0
005797,ELEMENTOFILTRO PERCOLA-POL,UND,815.0
003282,GASOLINA CORRIENTE,GLN,8890.0
003830,ACEITE MOTOR 4 TIEMPOS,GLN,86625.0
MQ0125,VIBROCOMPACTADOR TIPO RANA,DIA,29155.0
002005,DERECHOS INTERCO.ACUAVALLE,UND,110000.0
005874,HIPOCLORITO DE SODIO,KLS,1750.0
005879,UNION REP 3,UND,39348.0
MQ0149,BOMBA HIDROJET,DIA,50000.0
MQ0226,CARRO VACTOR CON SONDA,HRS,60000.0
005028,ADAP.H PRS PVC .1/2,UND,2300.0
005029,ADAP.M PRS PVC .1/2,UND,2500.0
5151,COLLAR DERIVACION 2X 1-,UND,13010.0
5150,COLLAR DERIVACION 3X1-2,UND,19285.0
5149,COLLAR DERIVACION 4X1-2,UND,21900.0
5144,COLLAR DERIVACION 6X 1-,UND,27837.0
005118,"""REGIST/CORTE BRONCE D=1/2",UND,14917.0
005117,"""REGIST/INCORP/BRONCE 1/2""",UND,12858.0
000052,ADAP.H PRS PVC .1/2,UND,400.0
005145,"""MANGUERA PF+UAD 1/2""""""",ML,1165.0
005147,"""LLAVE PASO .1/2"""" BRONCE",UND,18000.0
005146,"""REGIST.DE CORTE BRONC.1/2",UND,25752.0
005148,CODO PRS.1/2x90,UND,2480.0
005149,COLLAR DERIVACION 4 X1-2,UND,21900.0
005150,COLLAR DERIVACION 3 X1-2,UND,19285.0
005151,COLLAR DERIVACION 2 X 1-,UND,13010.0
000869,CODO PRS.3/4x90,UND,800.0
003743,"""VALVULA C.ELASTICO .3/4""",UND,30700.0
005890,ADAP.H PRS PVC .3/4,UND,700.0
005891,ADAP.H PRS PVC .3/4,UND,1900.0
005892,"""REGIST CORTE BRONCE D=3/4",UND,59999.0
005893,"""MANGUERA PF+UAD 3/4""""""",ML,2161.0
005895,"""LLAVE DE INCORPO. 3/4""""""",UND,48300.0
000073,ADAP.M PRS PVC 2,UND,5500.0
000919,MOTOBOMBA 2.0HP 100-GPM,UND,595000.0
001587,LIMPIADOR PVC 300GRMS,UND,24900.0
002501,"SOLDADURA PVC ,1/ 8 GLN",UND,35500.0
004608,CINTA TEFLON 3-4 10 MTS,UND,7900.0
000060,ADAP.H PRS PVC 4,UND,37700.0
001021,MOTOBOMBA 12.0HP 220/440V,UND,3712000.0
005072,"""PERNO ,3/8 x 3"""" EXPANSI",UND,3598.0
MOAG11,MANO OBRA ALBANILERIA 1 AYUDANTE-1 OFI,HC,23896.0
000121,BOMBA Q=400 H=150PSI+JOCKE,UND,13920000.0
005785,"""TUBO DRE 2"""" PERFO FILT",ML,78416.0
005781,"""VALVULA CHEQUE FLANCHADA3",UND,504600.0
005780,VALVULA CHEQUE FLANCHADA,UND,597400.0
004553,CABLE UTP CATEGORIA 5 4P,ML,1885.0
004024,CABLE CU ENCAUCH 2x18,ML,1334.0
004559,CABLE TELEFONICO 2 PARES,ML,558.0
004560,CABLE TELEFONICO 4 PARES,ML,814.0
004564,CABLE TV COAXIAL,ML,814.0
005979,CABLE 2X22 DUPLEX THWN,ML,568.0
1277,CABLE UTP CAT 6A,ML,2300.0
MOTE01,MANO OBRA TELECOMUNIC. 1 AYUD-1 TECNICO,HC,25263.0
002511,"SOLDADURA PVC ,1/ 4 GLN",UND,85900.0
004051,"""TERMINAL PVC ,1/2""""""",UND,493.0
004058,"""CURVA PVC ,1/2""""""",UND,1163.0
004066,LIMPIADOR PVC 760-G 1/4 GL,UND,43200.0
004068,"""TUBO PVC,1/2"""" X 3 MTS",UND,6565.0
004211,TOMA TEL.REF DOBLE COLOMBI,UND,7296.0
004203,STRIP 40-80 PARES,UND,75057.0
005298,CONCENTRADOR 24 PUERTOS,UND,1160000.0
MOIE02,MANO OBRA ELECTRICAS2 AYUDANTE-1 OFI,HC,45540.0
005297,CONCENTRADOR 16 PUERTOS,UND,696000.0
005294,"""ORGANIZADOR CABLES 19""""""",UND,40600.0
005293,PATCH CORD 5 PIES CAT 5E,UND,8460.0
005292,PATCH CORD 10 PIES CAT 5E,UND,11464.0
005291,PATCH PANEL 48 PUNTOS 5E,UND,692961.0
005287,TOMA DOBLE RJ45-5E,UND,38000.0
005751,PATCH PANEL 24 PUNTOS 5E,UND,480800.0
005754,"""RACK METALICO CERRADO 15""",UND,300000.0
005753,PATCH CORD 3 PIES CAT 5E,UND,7183.0
005756,CANALETA DIVISION 6X4X240,UND,22900.0
2229,"""CHAZO PLASTICO .5/16""""""",UND,518.0
005762,CANALETA METALICA 10X4X240,UND,51314.0
005295,"""MUEBLE RACK 19""""X43"""" CER",UND,590440.0
005775,GABINETE LUJO CABINADO,UND,590440.0
005911,CANALETA PLASTICA 10X4.5X2,UND,49090.0
6141,CANALETA PVC SEPARADOR 100,UND,7640.0
6142,CANALETA RETENEDOR 100X45,UND,360.0
005912,CODO 10X4.5 CM TA23/3P1,UND,18757.0
005913,DERIVACION EN T 10X4.5 CM,UND,20348.0
005914,CANALETA DE PISO 3 CEP 13C,UND,8760.0
005915,DUCTO PORTACABLE 20X7.5Y10,UND,46168.0
005916,CODO METALICO 20X7.5CM,UND,62060.0
005917,"""CORAZA PLASTICA 1 1/2"""" U",UND,20845.0
1283,FACEPLATE RJ45 2 PUERTOS,UND,21500.0
4076,CAJA 2x 4PVC,UND,2296.0
2647,FACE PLATE RJA45-4 PUERTOS,UND,25000.0
2646,FACEPLATE RJA45 1 PUERTO,UND,19500.0
1319,TERMINAL JACK RJ45 CAT 6A,UND,28500.0
1331,TERMINAL JACK RJ45 6A HERR,UND,14900.0
1474,PATCH PANEL 24 P-CAT 6A RA,UND,145000.0
6054,PATH PANEL 48 PUERTOS C 6A,UND,1326000.0
MOTE02,MANO OBRA TELECOMUNIC. 2 AYUD-1 TECNICO,HC,32960.0
6060,PATH PANEL 24 PUERTOS C 6A,UND,680000.0
004088,"""GRAPA GALV-GRUESA 3/4""""""",UND,662.0
005935,"""ADAPTADOR EMT .3/4""""""",UND,1219.0
005936,"""UNION 3/4"""" EMT""",UND,3200.0
005937,"""CURVA EMT MET ,3/4""""""",UND,1775.0
005939,"""TUBO EMT 3/4""""X 3 MT""",UND,23900.0
4163,CAJA GALV. 4x4,UND,945.0
004714,ANTENA ESPINA DE PESCADO,UND,65000.0
005279,MASTIL ANTENA X2MTS,UND,60000.0
005280,BASE MAMPOSTERIA,GL,13570.0
005278,TOMA TV USA-DERIVACION,UND,11890.0
005269,PARLANTE,UND,75000.0
005267,REJILLA CIRCULAR BLANCA,UND,2900.0
005300,PULSADOR TIMBRE AX040M,UND,4559.0
004076,CAJA 2x 4PVC,UND,2296.0
005539,CANALETA LISA 20x12MMx2MT,UND,3712.0
004257,"""BANDA SENCILLA 4""""""",UND,12500.0
005461,SIRENA 110 VOLTIOS,UND,25682.0
005462,FUSIBLE AEREO,UND,900.0
005776,FUSIBLE AEREO ALARMA,UND,2885.0
005976,PANEL DE CONTROL PANTALLA,UND,591600.0
MOIE03,MANO OBRA ING.ELECTR 3 AYUD-1 OFI-1 PROF,HC,105059.0
005977,DISCADOR TELEFONICO 8 NROS,UND,278400.0
005978,INTERRUPTOR CINTA FOTOLUMI,UND,6032.0
005233,UPS 2000VA/C.B/TRA.AIS,UND,4200000.0
005767,TABLERO MINIGRAMA 12 CTOS,UND,84345.0
005768,MINIBREAKER 1 A 4 AMPERIOS,UND,27388.0
005769,MINIBREAKER 5 A 32 AMPERIO,UND,17817.0
005770,TOMA TIERRA AISLADA NARANJ,UND,19900.0
004041,ALAMBRE COBRE THWN #12,ML,2118.0
004086,ALAMBRE GALVANIZADO # 18,KG,9900.0
004182,CINTA AISLANTE # 33,UND,14900.0
1332,CABLE 3X12 AWG-7H TRENZADO,ML,2900.0
2511,"SOLDADURA PVC ,1/ 4 GLN",UND,85900.0
4051,"""TERMINAL PVC ,1/2""""""",UND,493.0
4066,LIMPIADOR PVC 760-G 1/4 GL,UND,43200.0
4068,"""TUBO PVC,1/2"""" X 3 MTS",UND,6565.0
4248,TOMA NARANJA TIERRA AISLAD,UND,13882.0
753,CINTA AISLANTE 33 SUPER,ROL,12000.0
MOME01,MANO OBRA METALISTERIA 1 AYUDANTE-1 OFI,HC,28675.0
000111,ALAMBRE NEGRO# 18,KLS,5756.0
001761,"ANGULO 1,1/2x 3/16",UND,48684.0
003569,"""SOLDADURA 6011 x 1/8""""""",KLS,11996.0
004080,CABLE COBRE DESNUDO #4,ML,6180.0
004565,HIDROSOLTA X 15 KGS,UND,71247.0
004568,TAPA REGISTRO A TIERRA 20,UND,44277.0
004570,VARILLA COBRE,UND,182000.0
1346,CABLE 3X12 AWG-7H HLFRLS,ML,4950.0
5902,AMARRAS PLASTICAS 55 CMS,UND,1200.0
4212,TOMA DOBLE P-T AMBIA,UND,14036.0
6161,UPS 10 KVA,UND,12342000.0
6053,SWITCHE CISCO 48 PUERTOS-2,UND,10700000.0
MOTE04,MANO OBRA GARANTIA EQUIPO EN EL SITIO,GLB,428000.0
005766,SWITCHE 10/100/16 PUERTOS,UND,1.0
005765,SWITCHE 10/100/24 PUERTOS,UND,2066316.0
1475,SWITCHE 48 POE 10-100-1000,UND,7500000.0
004006,CABLE COBRE THW #2,ML,28951.0
004007,CABLE COBRE THW #1/0,ML,47301.0
005604,CONECTOR AMFRAU KZ3-95,UND,12800.0
004008,CABLE COBRE THW #2/0,ML,59120.0
004443,TRANSFORMADOR 1F 15 KVA,UND,3435000.0
004279,TRANSFORMADOR 1F 25 KVA,UND,4737071.0
004280,"TRANSFORMADOR 17 35,5 KVA",UND,5397921.0
004444,TRANSFORMADOR 1F 50 KVA,UND,6600000.0
004445,TRANSFORMADOR 1F 75 KVA,UND,8750000.0
004474,"TRANSFORMADOR 3F 112,5 KVA",UND,14695000.0
004281,TRANSFORMADOR 3F 15 KVA,UND,6054482.0
004446,TRANSFORMADOR 3F 30 KVA,UND,7850000.0
004448,TRANSFORMADOR 3F 45 KVA,UND,9350000.0
004472,TRANSFORMADOR 3F 75 KVA,UND,11832539.0
005439,DERECHOS CONEXION EPSA,UND,102607.0
004596,TRANSFORMADOR 3F 150 KVA,UND,19626051.0
005459,TRAFO 1F5KVA/13200 V,UND,2496073.0
004269,CONECTOR COMPRES,UND,3800.0
004469,FUSIBLE ALTA TENSION,UND,6000.0
004471,CORTACIRCUITO 15000 VOLT,UND,145200.0
004486,ALAMBRE CUBRE D.D. # 4,ML,16680.0
004109,"""TUBO GALV. ,1/2"""" X 3 MT",UND,32480.0
004470,PARARRAYO 10 KA POLIMERICO,UND,119000.0
005803,CONECTOR VARILLA COBRE,UND,6032.0
004265,SOPORTE CUBO PROTECCIONES,UND,12130.0
004277,"""TORN CARRUAJE 5/8X 1.1/2""",UND,1300.0
004278,"""TORN CARRUAJE 5/8X 3.3/4""",UND,2060.0
004465,CONECTOR TIPO CUNA,UND,18000.0
004517,"""BANDA 8"""" PARA TRANSFORMA",UND,24038.0
004532,CABLE ACSR NUMERO 2,ML,3400.0
004531,CABLE ACSR NUMERO 4,ML,2334.0
004533,CABLE ACSR NUMERO 1/0,ML,5170.0
004534,CABLE ACSR NUMERO 2/0,ML,6797.0
004535,CABLE ACSR NUMERO 4/0,ML,10430.0
004540,CABLE CUADRUPLEX ALUM #1/0,ML,45600.0
004541,CABLE CUADRUPLEX ALUM #2/0,ML,53000.0
004546,CABLE TRIPLEX AWG NUM 2,ML,22680.0
004547,CABLE TRIPLEX AWG NUM 1/0,ML,31000.0
004548,CABLE TRIPLEX AWG NUM 2/0,ML,35800.0
005942,CABLE TRIPLEX AWG NUM 4/0,ML,43000.0
004298,POSTE CONCRETO 9 X 300 KG,UND,544932.0
MQ0216,GRUA-MONTACARGA 3 TONELADAS,HRS,45000.0
004299,POSTE CONCRETO 9 X 510 KG,UND,574600.0
004300,POSTE CONCRETO 9X 510KG DI,UND,579600.0
004301,POSTE CONCRETO 11 X 300 KG,UND,809300.0
004302,POSTE CONCRETO 11 X 510 KG,UND,866000.0
004303,POSTE CONCRET 11x 510KG DI,UND,871000.0
004306,POSTE CONCRETO 12 X 300 KG,UND,868962.0
004550,POSTE CONCRETO 12 X 510 KG,UND,939900.0
004551,POSTE CONCRETO 12X510KG DI,UND,944900.0
004419,POSTE CONCRETO 13 X 750 KG,UND,1298370.0
004420,POSTE CONCRETO 13 X 1050KG,UND,1636750.0
004421,POSTE CONCRETO 13X750KG DI,UND,1516906.0
004422,POSTE CONCRETO 14X750KG DI,UND,1648000.0
004423,POSTE CONCRET 16x1050KG DI,UND,2815530.0
004424,POSTE CONCRET 18x1050KG DI,UND,5718848.0
004304,POSTE CONCRETO 11 X 1050KG,UND,1197153.0
004310,POSTE CONCRETO 12X1050 KG,UND,1472065.0
004290,TRANSP POSCONCR HASTA 12MT,UND,55707.0
004441,TRANSP POSCONCR HASTA 18MT,UND,77856.0
004425,"""POSTE LAMINA 1/ 8""""x 9MTS",UND,1424430.0
004426,"""POSTE LAMINA 1/ 8""""x11MTS",UND,1961050.0
004427,"""POSTE LAMINA 1/ 8""""x12MTS",UND,2158455.0
004428,"""POSTE LAMINA 3/16""""X 9 MT",UND,1356600.0
004429,"""POSTE LAMINA 3/16""""X 11 M",UND,1937796.0
004430,"""POSTE LAMINA 3/16""""X 12 M",UND,2132861.0
005417,HUMEDADES NATURALES,DIA,4511.0
005418,LIMITES DE ATTERBERG,DIA,28700.0
005419,COMPRESION INCONFINADA,DIA,9584.0
005420,TRANSP.EQUIPO EST.SUELOS,UND,135000.0
005421,MASTIL ACERO 20 MT CANASTI,UND,11296000.0
005422,MASTIL ACERO 24M CAN 7A12,UND,15405000.0
005423,MASTIL ACER 25M CANAS 7A12,UND,17246000.0
005597,MASTIL ACERO 18M CAN 1A 6,UND,9497000.0
005773,MASTIL ACERO 16MCANAS 1A6,UND,8846000.0
005983,POSTE FIBRA VIDRIO 12X750K,UND,2400000.0
005984,POSTE FIBRA VIDRIO 12X510K,UND,2390000.0
005985,POSTE FIBRA VIDRIO 11X510K,UND,1995000.0
005986,POSTE FIBRA VIDRIO 9X510KG,UND,1508000.0
004400,FOTOCELDA DE CONTROL,UND,17000.0
004518,BASE PARA FOTOCELDA,UND,6800.0
004270,CONECTOR DE COBRE 8-4,UND,3618.0
004307,PARARRAYO TIPO FRANKLIN 5P,UND,113050.0
004436,CINTA BANDIT,UND,3500.0
004437,"""HEBILLAS BAN DIT 5/8""""""",UND,800.0
005605,SOPORTE PARA 2 REFLECTORES,UND,160000.0
005606,SOPORTE PARA 3 REFLECTORES,UND,190000.0
005607,SOPORTE PARA 4 REFLECTORES,UND,234000.0
4041,ALAMBRE COBRE THWN #12,ML,2118.0
4258,BANDA SENCILLA 6,UND,17850.0
4465,CONECTOR TIPO CUNA,UND,18000.0
4488,"""BRAZO GALVANIZAD 3/4""""X1.",UND,20950.0
4519,GRILLETES GALV 1 Y MEDIA P,UND,7370.0
6023,LUMINARIA 48 LED COMPLETA,UND,2371670.0
6024,LUMINARIA 80 LED COMPLETA,UND,2844100.0
4491,"""TUBO GALV. 1.1/2"""" X 3 MT",UND,44428.0
4492,PEDESTAL EN CONCRETO,UND,60449.0
6025,LUMIN DECORATIVA 32 LED CO,UND,2058700.0
6046,LUMINARIA 32 LED COMPLETA,UND,1681470.0
6047,LUMINARIA 16 LED COMPLETA,UND,1081710.0
6049,LUMINARIA 64 LED COMPLETA,ARR,2569210.0
6050,LUMINARIA 128 LED COMPLETA,UND,4700500.0
6125,LUMINARIA DECORATIVA 16 LE,UND,1626004.0
6139,BASE 7 PINES,UND,68663.0
6140,TORNILLO ANTIROBO,UND,49147.0
6127,LUMINARIA COLONIAL DECO 16,UND,1854020.0
6128,LUMINARIA COLONIAL DECO 32,UND,2156280.0
6129,REFLECTOR INDUSTRIAL 32 LE,UND,1690990.0
6130,REFLECTOR INDUSTRIAL 48 LE,UND,1904000.0
6132,REFLECTOR IND 80 O 320 LED,UND,2378810.0
6133,REFLECTOR 32 O 128 LED COM,UND,1774290.0
6134,REFLECTOR 48 O 192 LED COM,UND,2000000.0
6135,REFLECTOR 64 O 256 LED COM,UND,2227680.0
6136,REFLECTOR 80 O 320 LED COM,UND,2502570.0
6137,REFLECTOR 128 LED COMPLETO,UND,4566030.0
6138,REFLECTOR 180 LED COMPLETO,UND,5088440.0
001720,"""HIERRO .3/8"""" 37.000 [C",KLS,4000.0
002558,TABLA 1x05x300 OTOBO [1C],UND,7717.0
002554,TABLA 1x10x300 OTOBO [2C],UND,14217.0
004249,AISLADOR DE ESPIGO 15 KV,UND,20000.0
004254,BANDA COPA DOBLE 6-7 COMP,UND,23800.0
004262,CRUCETA MET.3x3x 1/4x2.4MT,UND,149000.0
004266,ESPIGO ACANAL EXTREMO POST,UND,30000.0
004292,"""TORN MAQUINA 5/8 X 2""""""",UND,2061.0
005592,ALAMBRE ALUMINIO # 4 AMARR,ML,380.0
005593,CORAZA PARA ACSR CON GRILL,UND,2500.0
005594,CINTA DE ALUMINIO P/ACSR,ML,1500.0
004251,"""ANGULAR EN V DE 18 X 48""""",UND,40000.0
004268,"""ESPIGO RECTO 8 X 7 X 1/2""",UND,10200.0
004267,PIN PECHIPALOMO CRUC METAL,UND,39000.0
004250,"""AISLADOR SUSPENSION 6"""" 1",UND,35000.0
004275,"""TORN PASANTE 5/8 X 12""""""",UND,5100.0
004276,"""TUERCA DE OJO 3/4"""" O 5/8",UND,10200.0
004503,GRAPATIPO PISTOLA AL 6-2/0,UND,23000.0
004501,"""ANGULAR BANDERA 8""""X 2.44",UND,58500.0
004263,CRUCETA MET.4x4x 3/8x4 MT,UND,221000.0
004274,PLATIN ACANA ARMAZON DOBLE,UND,42799.0
004502,AGARRADERA TIPO CLEVIS,UND,13200.0
004264,CRUCETA MET.4x4x 3/8x6 MT,UND,332360.0
004261,CRUCETA MET.3x3x 3/8X3 MT,UND,182300.0
004286,GUARDACABLE DE 3/8,ML,1300.0
004289,"""TUERCA HEXAGONAL 5/8""""-3/",UND,500.0
004283,ZAPATA CONCRETO 50X50X15CM,UND,40083.0
004287,"""PLATINA ANCLAJE 5X5 X 1/4",UND,6345.0
004288,ALAMBRE GALVANI #12 ENTICE,KLS,5960.0
004438,AISLADOR TENSOR 13200 VOLT,UND,14280.0
004440,VARILLA ANCLAJE 5/8 X 8',UND,40000.0
005548,"""CABLE ACERO 3/ 8""""""",ML,3900.0
004285,"""CABLE ACERO 1/ 4""""""",ML,2000.0
004291,RIEL ACERO 3MT CON ARGOLLA,UND,135000.0
004487,AMORTIGUADOR DE LINEA,UND,30740.0
004452,PERCHA SECUNDAR 1 PUESTO,UND,7200.0
004461,AISLADOR TIPO CARRETE 76MM,UND,4760.0
5592,ALAMBRE ALUMINIO # 4 AMARR,ML,380.0
004453,PERCHA SECUNDAR 2 PUESTOS,UND,16422.0
004466,GRAPA RETENCION RED TRENZA,UND,22600.0
004294,ZAPATA CONCRETO 40X40X15CM,UND,26000.0
004439,AISLADOR TENSOR 220 VOLTIO,UND,11900.0
004293,BISAG.SOPORT POST PIE AMIG,UND,82000.0
004295,POSTE CONCRETO 8 X 300 KG,UND,352200.0
000754,CINTA AISLANTE # 23,ROL,6000.0
5604,CONECTOR AMFRAU KZ3-95,UND,12800.0
005600,CONECTOR PERFOR P/ACOMETID,UND,19508.0
005602,CAJA DERIVACION 4 USUARIOS,UND,253792.0
005918,LLAVE PARA CAJA ACOMETIDAS,UND,54113.0
005601,CAJA DERIVACION 9 USUARIOS,UND,407187.0
MQ0111,PULIDORA CON PIEDRA O DISCO,DIA,26000.0
004572,CABLE CONTROL 7 X 12,ML,12194.0
004573,CONTADOR 2F 120/240V,UND,340000.0
004574,CONTADOR 1F 120V,UND,165000.0
004575,CONTADOR 3F 120/208V,UND,418000.0
004578,CONT ELECTR INTEG E ELEMEN,UND,3640000.0
004581,TRAFO CTE150-300/5 CL,UND,90000.0
004583,TRAFO CTE400-600/5 CL,UND,123165.0
000210,ARENA FINA,M3,60000.0
000646,CANDADO YALE 110-30,UND,34900.0
003331,CEMENTO GRIS,KLS,538.0
003507,LADR LIMPIO M12 24X6.5X12C,UND,500.0
004589,CAJA CONTADOR 1F POLICARBO,UND,35000.0
004591,CAJA CONTADOR 3F POLICARBO,UND,73000.0
004588,CAJA 60x40x20 CM TRAFO CTE,UND,129000.0
005513,CAJA HERMETICA INTERPERIE,UND,34800.0
005832,TRAFO CTE800/5 AMP,UND,108402.0
005446,AISLADOR LINE POST 25 KV,UND,41700.0
005447,ESPIGO PARA AISL LINE POST,UND,18000.0
005451,"""TORN MAQUINA 5/8 X 9""""""",UND,4100.0
005452,ARANDELA CUADRADA 4X4X1/4,UND,500.0
004255,"""BANDA COPA DOBLE 7""""""",UND,24800.0
005450,AISLADOR POLIMERICO 15 KV,UND,57820.0
005448,ESPIGO ACANALADO LINE POST,UND,35157.0
005449,SOPORTE AISL LINE POST PTA,UND,44451.0
005453,BASE ANGULAR P/ LINE POST,UND,47266.0
005599,AISLADOR LINE POST 35 KV,UND,150000.0
005598,AISLADOR POLIMERICO 35 KV,UND,62000.0
MQ0209,RETROEXCAVADORA DE ORUGA,HRS,166600.0
221,ACPM - DIESEL,GLN,8780.0
MQ0113,"MOTOBOMBA DE 3""",DIA,28560.0
005646,PLANO E IMPRESION,UND,10000.0
6008,INSUMOS COMPLEMENTARIOS,GLB,600.0
MQ0228,CAMPERO-CAMIONETA TRANSPORTE MATERIALES,DIA,250000.0
MQ0103,CARRETA TIPO BUGUI,DIA,3600.0
MQ0201,BULLDOZER D-6,HRS,145000.0
001679,BASE TRITURADA,M3,46300.0
214,AGUA,LTS,30.0
004666,CANTO RODADO (MAT.RIO),M3,28500.0
005608,SUB-BASE TRITURADA,M3,42683.0
005934,BASE TRITURADA NORTE,M3,52930.0
005933,SUB-BASE TRITURADA NORTE,M3,49980.0
000181,ANTISOL ROJO,KLS,18500.0
002482,SELLADOR ELASTICO POLIURET,UND,35800.0
005609,TIRILLA DE RESPAL ESPUM PO,ML,356.0
MOAG14,MANO OBRA ALBANILERIA4 AYUDANTE-1 OFI,HC,50742.0
MQ0117,REGLA VIBRATORIA DE 4MTS,DIA,32130.0
MQ0123,VIBRADOR A GASOLINA,DIA,30146.0
MQ0127,CORTADORA DE PAVIMENTO DE 4 A 7 CM,ML,5355.0
MQ0140,EQUIPO DE ACABADO SUPERFICIAL,DIA,22500.0
MQ0501,FORMALETA MET.PAVIMENTO 0.15X0.20X3MTS,DIA,1309.0
MQ0231,VEHICULO TRANSP CEMENTO,UND,5.0
MQ0232,VEHICULO TANSPORTE DE HIERRO,UND,4.0
181,ANTISOL ROJO,KLS,18500.0
2482,SELLADOR ELASTICO POLIURET,UND,35800.0
5609,TIRILLA DE RESPAL ESPUM PO,ML,356.0
6011,CONCRETO PREMEZCLADO MR 3,M3,392918.0
6012,CONCRETO PREMEZCLADO MR 42,M3,424072.0
6013,CONCRETO PREMEZCLADO MR 45,M3,459035.0
004665,CONCRETO ASFALTICO,M3,410000.0
MOAG15,MANO OBRA ALBANILERIA5 AYUDANTE-1 OFI,HC,59690.0
MQ0218,TERMINADORA DE ASFALTO,HRS,150000.0
MQ0219,COMPACTADOR DE LLANTA,HRS,75000.0
004669,EMULSION CATIONICA R1,GLN,5818.0
MOAG04,MANO OBRA ALBANILERIA4 AYUDANTE,HC,35794.0
MQ0220,CARROTANQUE-IRRIGADOR,HRS,104000.0
MQ0223,COMPRESOR,HRS,62500.0
MQ0215,CAMA BAJA > 50 KM,T/K,530.0
005932,CONCRETO ASFALTICO NORTE,M3,506872.0
MQ0230,CAMA BAJA DISTANCIA < 50 KM,T/K,940.0
1617,LISTON 1x4x300 OTOBO,UND,26333.0
6149,DESENCOFRANTE PARA FORMALE,CUN,192756.0
001508,SOLDADURA 6013 x 1/8,KLS,5876.0
178,ANTICORROSIVO R 310,LTS,11200.0
1616,LISTON 1x2x300 OTOBO,UND,13167.0
2297,PUNTILLA.3/4CC,LBS,2400.0
2556,TABLA 1x10x300 OTOBO,UND,13007.0
MQ0509,FORMALETA MET.SARDINEL TRAPEZOIDAL,DIA,1600.0
000180,ANTISOL BLANCO UNX20 KG.,KLS,5870.0
005478,GEODREN,ML,24800.0
MOAG13,MANO OBRA ALBANILERIA3 AYUDANTE-1 OIF,HC,41793.0
MQ0159,MINI-EXCAVADORA,HRS,45000.0
002292,PUNTILLA 1CC,LBS,4000.0
MOAG06,MANO OBRA OFICIAL ALBANILERIA,HRS,8962.0
000218,ASFALTO 190,KLS,2216.0
MQ0106,COMPRESOR DE UN MARTILLO,HRS,50560.0
MQ0237,CILINDRO COMPACTADOR 2 TONELADAS,HRS,45000.0
MQ0213,FRESADORA-ASFALTO,HRS,265000.0
4666,CANTO RODADO (MAT.RIO),M3,28500.0
MQ0336,EQUIPO Y HERRAMIENTA MENOR,GLB,1600.0
003577,DISOLVENTE TIPO TRAFICO,GLN,22000.0
003676,PINTURA DEMARCACION,GLN,80000.0
6015,ESFERAS REFLECTIVAS,KLS,14780.0
MOPI01,MANO OBRA PINTURA1 AYUDANTE-1 OFI,HC,25391.0
MQ0208,MAQUINA APLICADORA DE PINTURA,DIA,75000.0
6033,POSTE ANG DE2X 2 1 4 DE 3,U/D,135792.0
6034,TABLERO LAM.GALV.DE 60X60,ARR,100000.0
003578,PEGANTE EPOXICO,KLS,7000.0
003596,TACHA REFLECTIVA,UND,8900.0
6035,TABLERO LAM GALV 75X75 CM,UND,120000.0
003584,"""CUARTON 2""""x4""""x300""",ML,3200.0
003688,CINTA PVC JUNTA V-10,ML,13370.0
1365,GUADUA[TACO] 2.50-3M,UND,10500.0
3688,CINTA PVC JUNTA V-10,ML,13370.0
003572,ANGULO 2x 1/ 4,UND,82946.0
MQ0118,SOLDADOR,DIA,47600.0
002458,SEGUETA SIN MARCO,UND,5950.0
003168,"""VARETA 1""""x1""""x3M OTOBO""",UND,3409.0
005303,FORMALETA PARA ENTREPISO,M2,3765.0
002201,BOLSACRETO 1101-120X240M,UND,19500.0
000149,ALAMBRE GALVANIZADO # 10,KLS,5300.0
001837,GAVIONES 2X1X1 CAL.12,UND,68400.0
002074,PIEDRA RIO SONGA MANO D=20,M3,47300.0
002291,PUNTILLA 2.1/2CC,LBS,3900.0
004675,GAVIONES 2X1X1 CAL=13,UND,49600.0
003598,ALQUILER DE BODEGA,MES,130000.0
000299,"""BISAGRA 3x2""""COBRI",UND,4600.0
001322,GANCHO P/TEJA ASB. MADERA,UND,466.0
003579,TEJA ONDULIT #6,UND,24800.0
003597,PORTACANDADO,UND,9500.0
MQ0227,VOLQUETA TRANSPORTE MAT.PETREOS 1-10KMS,M3,7000.0
003582,ALAMBRE DE PUAS #12.5,KLS,5650.0
000292,ESTERILLA GUADUA L=4MTS,UND,5000.0
002881,TORN P/MAD 1x 6,UND,44.0
003583,TEJA GALVANIZ.TRAPEZOIDAL,UND,58671.0
002298,PUNTILLA 4CC,LBS,3500.0
003599,SERVICIO DE AGUA,MES,70000.0
003629,SERVICIO DE ENERGIA,MES,80000.0
003891,MINERAL ROJO,KLS,12200.0
001366,TAPON GALV.1/2,UND,1050.0
002595,"""TABLON 2""""X10""""X3M OTOBO""",UND,20862.0
005793,MALLA FIBRA TEJIDA H=2.10M,ML,3150.0
001616,LISTON 1x2x300 OTOBO,UND,13167.0
000294,LISTON 2x2x300 AMARIL,UND,7200.0
002198,TELA FIBRA TEJIDA H=2.10M,ML,2100.0
000135,ALAMBRE GALVANIZADO # 8,KLS,4100.0
003273,PLASTICO TRANSPARENTE # 2,KLS,1200.0
MQ0601,ANDAMIO METALICO TUBULAR,U/D,1100.0
MQ0603,JUEGO DE RODACHINES PARA ANDAMIO,DIA,11900.0
MQ0605,CRUCETA ANDAMIO,DIA,100.0
111,ALAMBRE NEGRO# 18,KLS,5756.0
3273,PLASTICO TRANSPARENTE # 2,KLS,1200.0
MQ0147,TALADRO PERCUTOR HILTI-MAQUITA,DIA,50000.0
MQ0116,PULIDORA MANUAL ELECTRICA,DIA,27260.0
MQ0158,ROTOMARTILLO 8-10 JLS,DIA,45000.0
MOAA01,MANO OBRA ALB.ACABADOS 1 AYUDANTE-1 OFI,HC,26886.0
MQ0502,TACO METALICO EXTENSION DE 2.OM A 3.30MT,DIA,131.0
MQ0505,TIJERAS O DIAGONALES CORTAS O LARGAS,DIA,63.0
MQ0604,TABLONES DE 3 MTS,DIA,535.0
MOCT01,MANO OBRA CARP.TALLER1 AYUDANTE-1 OFI,HC,25391.0
MQ0401,OXICORTE (OXIGENO-ACETILENO),DIA,48500.0
4608,CINTA TEFLON 3-4 10 MTS,UND,7900.0
2595,"""TABLON 2""""X10""""X3M OTOBO""",UND,20862.0
005746,EQUINO TRANSPORTE CARGA,UND,928000.0
000219,ARENA MEDIANA,M3,60000.0
003328,GRAVA TRITURADA DE 3 OCTAV,M3,49000.0
MQ0139,VIBROCOMPACTADOR SALTARIN,DIA,40000.0
002789,TIERRA AMARILLA,M3,18000.0
006113,ESTOPA NYLON RECICLADA,UND,500.0
MOAG05,MANO OBRA ALBANILERIA 5 AYUDANTE,HC,44743.0
MOZZ08,JORNAL TECNICO,HH,17016.0
MQ0234,CAMION TRANSPORTE CARGA 1.0 - 5.0 TON,VJE,300000.0
000224,ARENA GRUESA,M3,60000.0
000687,CEMENTO GRIS PORTLAND,BTO,26500.0
001465,LADR SUCIO COMUN,UND,400.0
003030,TUBO SANIT PVC 2,ML,6736.0
003110,UNION SAN PVC 2,UND,1850.0
003031,"""TUBO SAN 3""""PVC""",ML,11580.0
003108,"""UNION SAN PVC 3""""""",UND,2700.0
003032,"""TUBO SAN 4""""PVC""",ML,21480.0
003033,"""TUBO SAN 6""""PVC""",ML,34540.0
001586,LIMPIADOR PVC 28GRMS,UND,2300.0
002506,"SOLDADURA CPVC ,1/ 4 GLN",UND,51950.0
003014,"""TUBO SAN 8""""PVC""",ML,46532.0
003010,"""TUBO SAN 18""""PVC-450M",ML,149324.0
003175,"""TUBO SAN 10""""PVC""",ML,109500.0
001352,GRAVILLA FINA,M3,31200.0
002994,"TUBO DRE 2,1/2 PVC CON FI",ML,12213.0
000194,"TUBO DRE 2,1/2 PVC SIN FI",ML,9430.0
000195,TUBO DRE 65 PVC CORRSF,ML,9430.0
002993,"""TUBO DRE 4""""PVC CON",ML,21230.0
000196,TUBO DRE 100 PVC CORRCF,ML,21234.0
000197,TUBO DRE 100 PVC CORRSF,ML,16250.0
000200,TUBO DRE 160 PVC CORRCF,ML,9725.0
000199,TUBO DRE 160 PVC CORRSF,ML,39960.0
000201,TUBO PVC 200 PVC CORRCF,ML,147826.0
005440,TAPON SAN PVC 6LIMPIEZA,UND,28900.0
000258,UNION NOVAFORT 110 MM,UND,9863.0
000251,UNION NOVAFORT 160 MM,UND,27312.0
000249,TAPON 65MM TUB DREN CORRU,UND,4042.0
000248,TAPON 100MM TUB DREN CORRU,UND,8948.0
000245,TAPON 160MM TUB DREN CORRU,UND,12061.0
000247,TAPON 200MM TUB DREN CORRU,UND,16598.0
000243,CODO SAN 90x 65MM DRENAJE,UND,8943.0
000252,UNION NOVAFORT 200 MM,UND,32248.0
000253,UNION NOVAFORT 250 MM,UND,88299.0
000254,UNION NOVAFORT 315 MM,UND,143235.0
000255,UNION NOVAFORT 400 MM,UND,263760.0
000256,UNION NOVAFORT 450 MM,UND,292228.0
000261,ADAP.PVC NOVA 4110mm,UND,12573.0
000262,ADAP.PVC NOVA 6160mm,UND,28581.0
000263,ADAP.PVC NOVA 8200mm,UND,43706.0
000264,TEE NOVAFORT 160 X 160 MM,UND,43706.0
000404,TEE NOVAFORT 200 X 160 MM,UND,109059.0
000405,YEE NOVAFORT 160 X 160 MM,UND,58568.0
000406,YEE NOVAFORT 200 X 160 MM,UND,112049.0
000407,CODO SAN 90x110MM NOVAFOR,UND,29500.0
000408,CODO SAN 90x160MM NOVAFOR,UND,64492.0
000409,CODO SAN 45x110MM NOVAFORT,UND,14831.0
000410,CODO SAN 45x160MM NOVAFORT,UND,34530.0
005484,"""UNION NOVALOC ASTM 24""""""",UND,165352.0
005485,"""UNION NOVALOC ASTM 27""""""",UND,205067.0
005487,"""UNION NOVALOC ASTM 33""""""",UND,303432.0
000529,SILLA TEE NOVAF 400x160MM,UND,145104.0
000530,SILLA TEE NOVAF 450x160MM,UND,167980.0
000531,SILLA TEE NOVAF 500x160MM,UND,269142.0
000234,SILLA TEE NOVAF 250x160MM,UND,95885.0
000236,SILLA TEE NOVAF 315x160MM,UND,233205.0
000227,SILLA TEE NOVAF 200x160MM,UND,82670.0
000532,SILLA YEE NOVAF 400x110MM,UND,198752.0
000533,SILLA YEE NOVAF 400x160MM,UND,203104.0
000534,SILLA YEE NOVAF 450x160MM,UND,214380.0
000535,SILLA YEE NOVAF 500x160MM,UND,319113.0
000223,SILLA YEE NOVAF 315x160MM,UND,127779.0
000216,SILLA YEE NOVAF 200x160MM,UND,83305.0
000220,SILLA YEE NOVAF 250x160MM,UND,95869.0
005579,"""SILLA YEE 10x6"""" RIB LOC""",UND,44929.0
005580,"""SILLA YEE 12x6"""" RIB LOC""",UND,61253.0
005581,"""SILLA YEE 14x6"""" RIB LOC""",UND,68631.0
005576,"""SILLA YEE 6x4"""" RIB LOC""",UND,19021.0
005577,"""SILLA YEE 6x6"""" RIB LOC""",UND,20499.0
005578,"""SILLA YEE 8x6"""" RIB LOC""",UND,40662.0
000541,UNION NOVAFORT 500 MM,UND,311705.0
000203,GEOTEXTIL NO TEJ. REF 1600,M2,3050.0
000204,GEOTEXTIL TEJIDO,M2,3200.0
000178,ANTICORROSIVO R 310,LTS,11200.0
1391,"""HIERRO .1/2"""" 60.000 [12",UND,32200.0
3924,"""MANIJA HIERRO 1/2""""""",UND,1700.0
659,"ANGULO 1,1/4x 1/ 8",UND,31867.0
MQ0504,TABLERO O PLAQUETA DE 1.4MT X O.7MT,DIA,250.0
003170,"""VARETA 2""""x2""""x3M OTOBO""",UND,3200.0
005907,VENTONITA,KLS,432.0
MQ0229,PERFORADORA BARRENO,HRS,47600.0
2294,PUNTILLA 2CC,LBS,3900.0
2554,TABLA 1x10x300 OTOBO [2C],UND,14217.0
3170,"""VARETA 2""""x2""""x3M OTOBO""",UND,3200.0
MQ0235,MIXER MEZCLADORA CONCRETO 6M3,M3,80000.0
000916,CONCRETO -BOMBEADO,M3,40500.0
001823,MALLA ELEC.H-0.50/UO50,KLS,5000.0
005305,MALLA ELEC.M-0.84 / DO84,KLS,5000.0
005307,MALLA ELEC.E-0.50/DO50,KLS,5000.0
005306,MALLA ELEC.H-1.31/U131,KLS,5000.0
001778,"""HIERRO ESCALERILLA 1/4""""""",UND,4000.0
001031,SEPAROL DESFORMALETEANTE,KLS,20950.0
001032,PLASTIFICANTE ALTO RANG UN,KLS,6000.0
1046,"""CUARTON 2""""x4""""x300 OTOBO",UND,15500.0
1496,LAM.TRIPLEX5 MM.,UND,45900.0
000221,ACPM - DIESEL,GLN,8780.0
000792,"CLAVO AC LISO 1,1/2",LBS,6200.0
000793,"CLAVO AC LISO 2,1/2",LBS,455.0
002324,LOSA PREFABRICADA H=10CM,M2,28758.0
MQ0503,CERCHA METALICA DE 3MTS,DIA,119.0
003351,CINTA MALLA F VIDRIO 60MM,UND,10750.0
004629,TORN PAMPH 1x 8,UND,107.0
1576,LIJA 240MADE,PLI,1500.0
3351,CINTA MALLA F VIDRIO 60MM,UND,10750.0
3644,"""CINTA SELLO 2""""(PANEL-YES",ROL,18901.0
3976,PLACA BOARD 20MM,UND,152700.0
4629,TORN PAMPH 1x 8,UND,107.0
5808,MASILLA JUNTA INVIS.BOARD,CUN,174900.0
MOPA01,MANO OBRA PANELERIA 1 OFICIAL-1AYUDANTE,HC,23896.0
000969,ENTREPISOVH:11 BH:20,M2,33362.0
000972,ENTREPISOVH:11 BH:32,M2,41660.0
000973,ENTREPISOVH:11 BH:37,M2,45852.0
000971,ENTREPISOVH:11 BH:25,M2,37292.0
006173,PLASTICO NEGRO CAL 600 A,KLS,2844.0
000888,ESMALTE PINTUCOAT,GLN,149950.0
003573,PINTURA ANTICORROSIVA,GLN,39900.0
005376,ACERO ESTRUCT. ASTM A-36,KLS,2800.0
MQ0133,PLUMA GRUA 500 KILOS,DIA,35700.0
MQ0154,EQUIPO SANDBLASTING-GRANALLADORA ARENA,HRS,66640.0
002098,"""LAM.METLADECK 2""""C.2",M2,41000.0
005501,CONECTOR LOSA STEEL DECK,UND,1100.0
002099,"""LAM.METALDECK 2"""" C.2",M2,33700.0
002100,"""LAM.METALDECK 2"""" C.1",M2,53800.0
002104,"""LAM.METALDECK 2"""" C.1",M2,67300.0
002105,"""LAM.METALDECK 3"""" C.2",M2,36500.0
002106,"""LAM.METALDECK 3"""" C.2",M2,43900.0
002110,"""LAM.METALDECK 3""""C.1",M2,72800.0
002079,"""BROCA TUGSTENO 1""""-50",UND,397200.0
002076,"""BROCA TUGSTENO ,1/2""""-30",UND,22000.0
002068,"""BROCA TUGSTENO ,5/8""""-50",UND,298450.0
002077,"""BROCA TUGSTENO ,3/4""""-50",UND,72380.0
002078,"""BROCA TUGSTENO ,7/8""""-45",UND,297450.0
2078,"""BROCA TUGSTENO ,7/8""""-45",UND,297450.0
6018,BROCA DIMANTADA 7,UND,900000.0
001217,ADHESIVO ANCLAJES ESTRUCTU,UND,89357.0
001724,"""HIERRO .3/4"""" 60.000 [6",KLS,3863.0
001394,"""HIERRO .5/8"""" 60.000 [12",KLS,4000.0
001396,"""HIERRO .7/8"""" 60.000 [6",KLS,4000.0
002082,"""BROCA TUGSTENO 1,1/4""""-50",UND,397200.0
001725,"""HIERRO 1""""60.000 [6",KLS,4000.0
002084,"""BROCA TUGSTENO 1,1/2""""""",UND,397200.0
MQ0506,VIGA CELOSIA DE 3MTS,DIA,1050.0
001496,LAM.TRIPLEX5 MM.,UND,45900.0
000087,ACEITE QUEMADO,GLN,763.0
001036,LAM.ICOPOR 2CM,UND,15250.0
000908,CONCRETO 3100 PSI PREMEZC,M3,335000.0
002000,LAM.ICOPOR 5CM,UND,22550.0
004680,PLASTIFICANTE IMPERMEABILI,KLS,16430.0
002032,PERFIL IPE-360x170x12M,UND,4179720.0
002787,DISOLVENTE,GLN,45000.0
003349,ANTICORROSIVO ROJO,GLN,43500.0
004755,"""SOLDADURA 7018 x 1/8""""""",KLS,11268.0
MOCT02,MANO OBRA CARP.TALLER2 AYUDANTE-1 OFI,HRS,41833.0
002031,PERFIL IPE-300x150x12M,UND,3089040.0
002097,PERFIL IPE-240x120x12M,UND,2247240.0
001843,PERFIL IPE ESTRUCTURA,KLS,6100.0
003927,ANTICORROSIVO PHCL,GLN,39500.0
002010,TUBO ESTRUC. 76x2.0MMx 38,UND,63900.0
002011,TUBO ESTRUC. 100x6.3MMx100,UND,378492.0
005905,TUBO ESTRUC. 141x3.4MM,UND,459330.0
005906,TUBO ESTRUC. 127x2.3MM,UND,367530.0
2787,DISOLVENTE,GLN,45000.0
3349,ANTICORROSIVO ROJO,GLN,43500.0
3569,"""SOLDADURA 6011 x 1/8""""""",KLS,11996.0
6143,TUBO ESTRUC. 76X38X1.0MM,UND,46000.0
003502,BLOQUE CONCR.VIGA 12x39x19,UND,3380.0
005387,BLOQUE CONCR.VIGA 14x39x19,UND,3800.0
003504,BLOQUE CONCRETO N 14x19x39,UND,3570.0
003769,BLOQUE CONCRETO M 14x19x19,UND,2025.0
003770,BLOQUE CONCRETO T 14x19x39,UND,3749.0
003503,BLOQUE PIEDRA 14X19X39,UND,2850.0
003771,BLOQUE CONCRETO M 14x19x19,UND,2190.0
003772,BLOQUE CONCRETO T 14x19x39,UND,3784.0
003994,BLOQUE CONCRETO N 10x19x39,UND,2354.0
003995,BLOQUE CONCRETO M 10x19x19,UND,2060.0
003996,BLOQUE CONCRETO T 10x19x39,UND,2589.0
000977,BLOQUE CONCRETO N 12x19x39,UND,2522.0
003875,BLOQUE CONCRETO T 12x19x39,UND,2775.0
003997,BLOQUE CONCRETO M 12x19x19,UND,1513.0
001769,BLOQUE CONCRETO N 14x19x39,UND,2946.0
003876,BLOQUE CONCRETO M 14x19x19,UND,1768.0
003877,BLOQUE CONCRETO T 14x19x39,UND,3241.0
001773,BLOQUE CONCRETO N 19x19x39,UND,3642.0
003878,BLOQUE CONCRETO M 19x19x19,UND,2400.0
003879,BLOQUE CONCRETO T 19x19x39,UND,4006.0
003506,CALADO CEMENTO20x20x12,UND,2450.0
000683,BLOQUE CONCRETO KEYSTONE,UND,18298.0
000827,PIN FIBRA VIDRIO-KEYSTONE,UND,2836.0
000686,BLOQUE CONCRETO KEYSTONE,UND,9333.0
000794,MALLA FIBRA VIDRIO TT-060,M2,15150.0
000795,MALLA FIBRA VIDRIO TT-090,M2,22321.0
001455,LADR CONCRETO #12,UND,455.0
003829,CAL HIDRATADA,KLS,900.0
001456,LADR CONCRETO #10 LISO,UND,550.0
001495,LAM.TRIPLEX3.2MM,UND,28900.0
001598,LLAVE JARDINERA CROMO LIVI,UND,26450.0
002102,PIRAGUA ALUM. NATURAL,UND,7500.0
002470,ADITIVO LIQUIDO IMPERMEABI,KLS,13975.0
003517,CERAMICA20.5 X 20.5,M2,22187.0
003827,"""REGILLA PISO2""""",UND,4200.0
003508,BLOQUE CERAMICO12X21X29,UND,1610.0
003828,BLOQUE CERAMICO10x12x29,UND,810.0
000603,CALADO GRES ROJO 20x20x12,UND,1865.0
001183,LADR SUCIO8x12x24,UND,290.0
001608,LADR SUCIO7x13x26,UND,330.0
002123,BLOQUE GRESS ESTR 29x12x10,UND,900.0
004610,DILATAC.MADERA,ML,2376.0
001110,TABLON GRESS LISO25x20,M2,13400.0
003511,"ROMPEOLA ROJO 6,5X23",UND,2100.0
002603,TALICON,UND,600.0
000760,PIEDRA MUNECA,M2,106389.0
002080,PIEDRA MUÑECA GOTERO,ML,6500.0
2579,REPELENTE AGUA 10 AÑOS,GLN,42000.0
764,PEGACOR BLANCO,KLS,2697.0
003319,GRAVA TRITURADA DE MEDIA,M3,51322.0
002551,TABLA 1x05x300 AMARILL[1C],UND,12900.0
003520,ENDURECEDOR MASTERCROM MBT,KLS,1316.0
1821,MERULEX LFS [TRANSP] 3.5KG,GLN,101172.0
292,ESTERILLA GUADUA L=4MTS,UND,5000.0
3728,"""VIGA CHANUL 2x5"""" X3M""",UND,36000.0
003029,TUBO SAN 1.1/2 PVC,ML,4882.0
003034,TUBO VENT-LLV. PVC 1.1/2,ML,4800.0
003035,TUBO VENT-LLV. PVC 2,ML,9360.0
003052,TUBO VENT-LLV. PVC 3,ML,14980.0
003037,TUBO VENT-LLV. PVC 4,ML,10866.0
3033,"""TUBO SAN 6""""PVC""",ML,34540.0
003687,"""ABRAZ. SANITARIA PVC 3""""""",UND,12000.0
003686,"""ABRAZ. SANITARIA PVC 4""""""",UND,15000.0
000042,ADAP.PVC SANI 2LIMP,UND,6100.0
000041,ADAP.PVC SANI 3LIMP,UND,10500.0
000061,ADAP.PVC SANI 4LIMP,UND,18523.0
000894,CODO SAN PVC 2x45,UND,5040.0
000895,CODO SAN PVC 3x45,UND,7100.0
778,CODO SAN PVC 4x45,UND,11900.0
000810,CODO SAN PVC 3x45,UND,6680.0
000889,CODO SAN PVC 2x90,UND,2460.0
000885,CODO SAN PVC 4x90,UND,9840.0
001458,"""JUNTA EXPANSION PVC 3""""""",UND,31080.0
000478,BUJE SAN PVC 2x1.1/2 S,UND,2460.0
000474,BUJE SAN PVC 3x2 S,UND,4500.0
000471,BUJE SAN PVC 6x4 S,UND,20200.0
000472,BUJE SAN PVC 4x3 S,UND,8717.0
002465,SIFON SANI PVC 2-REGISTRO,UND,7000.0
002467,"""SIFON SANI PVC 3""""""",UND,8500.0
002468,"""SIFON SANI PVC 4""""""",UND,13500.0
002730,TEE SAN PVC 2DOB,UND,8800.0
002728,TEE SAN PVC 4DOB,UND,31140.0
003689,TRAMPA DE GRASAS,UND,102438.0
003115,UNION SAN PVC 4,UND,6500.0
003111,UNION SAN PVC 6,UND,22000.0
003251,YEE SAN PVC 2x3x2D-R,UND,19500.0
003245,YEE SAN PVC 3x4x3D-R,UND,29000.0
003252,YEE SAN PVC 4DOB,UND,33950.0
3260,YEE SAN PVC 4SEN,UND,20000.0
3259,YEE SAN PVC 6SEN,UND,97900.0
3258,YEE SAN PVC 3x2RED,UND,11900.0
3257,YEE SAN PVC 4x2RED,UND,17000.0
3255,YEE SAN PVC 6x4RED,UND,92900.0
000872,CODO SAN PVC 6x90,UND,87900.0
003259,YEE SAN PVC 6SEN,UND,97900.0
000959,CODO SAN PVC 3 CC,UND,5300.0
002220,"""ABRAZADERA GALV. 2""""""",UND,800.0
000829,CODO SAN PVC CC 6X45,UND,38200.0
000953,CODO SAN PVC CE 6X 45,UND,27000.0
000778,CODO SAN PVC 4x45,UND,11900.0
000884,CODO SAN PVC 3x90,UND,5840.0
000886,CODO SAN PVC 2x90,UND,2200.0
000473,BUJE SAN PVC 4x2S,UND,7616.0
2853,CODO SANITARIO6 X 90,UND,40000.0
953,CODO SAN PVC CE 6X 45,UND,27000.0
002738,TEE SAN PVC 4SEN,UND,12000.0
000615,POZO SEPTICO ETERNIT [C],UND,424748.0
000883,CODO SAN PVC 1.1/2x90,UND,1800.0
002722,TEE SAN PVC 1.1/2SEN,UND,4300.0
003246,WAIPE,KLS,6623.0
000891,CODO SAN PVC 3x90,UND,4100.0
000892,CODO SAN PVC 4x90,UND,10680.0
3032,"""TUBO SAN 4""""PVC""",ML,21480.0
892,CODO SAN PVC 4x90,UND,10680.0
2466,SIFON SANI PVC 2,UND,3250.0
3030,TUBO SANIT PVC 2,ML,6736.0
889,CODO SAN PVC 2x90,UND,2460.0
001646,TANQUE SEPTICO1000LT,UND,179800.0
001647,TANQUE SEPTICO TAPA 1000LT,UND,52000.0
001652,TANQUE SEPTICO250LT,UND,61000.0
001656,TANQUE SEPTICO TAPA 250LT,UND,23000.0
002739,TEE SAN PVC 3SEN,UND,5875.0
001657,FALSO FONDO TANQUE SEPTICO,UND,63800.0
004844,GRAVILLA RIO-GRAVA VJ 5M3,M3,36300.0
001673,SISTEMA SEPTICO 4.000 LT,UND,2550000.0
6167,TRAMPA GRASA 125 LITROS,UND,99800.0
MOIS10,MANO OBRA INSTAL.HIDR. 1 AYUDANTE-1 OFIC,HC,26138.0
000861,CODO PRS.1/2x45,UND,824.0
000870,CODO PRS.3/4x45,UND,1318.0
000856,CODO PRS 1x45,UND,2600.0
000859,CODO PRS 1.1/4x45,UND,4540.0
000865,CODO PRS 2x45,UND,10500.0
000867,CODO PRS 2.1/2x45,UND,34639.0
000868,CODO PRS 3x45,UND,32500.0
000881,CODO PRS 4x45,UND,84166.0
000862,CODO PRS.1/2x90,UND,500.0
000857,CODO PRS 1.1/4x90,UND,3200.0
000854,CODO PRS 1x90,UND,1600.0
000858,CODO PRS 1.1/2x90,UND,6000.0
000864,CODO PRS 2.1/2x90,UND,32298.0
000866,CODO PRS 2x90,UND,9200.0
000880,CODO PRS 3x90,UND,38900.0
000882,CODO PRS 4x90,UND,98870.0
003021,TUBO PRS 2RDE-21,ML,13600.0
003043,TUBO PRS 4RDE-21,ML,70616.0
003019,TUBO PRS 1RDE-21,ML,3700.0
003042,TUBO PRS 3RDE-21,ML,24908.0
003699,"""REDUC.PVC 2""""X1.1/2"""" RD-",UND,4936.0
003739,"""REDUCCION PVC 3""""X2"""" RD-",UND,23427.0
002709,TEE PRS PVC 1.1/2,UND,10268.0
002708,TEE PRS PVC 1.1/4,UND,7822.0
002707,TEE PRS PVC 1,UND,3030.0
002706,TEE PRS PVC .1/2,UND,918.0
002710,TEE PRS PVC 2,UND,16350.0
002712,TEE PRS PVC 3,UND,61690.0
002705,TEE PRS PVC .3/4,UND,1550.0
002713,TEE PRS PVC 4,UND,134620.0
002714,TEE PRS PVC .3/4x.1/2 RED,UND,1572.0
002715,TEE PRS PVC 1x.1/2 RED,UND,3010.0
002716,TEE PRS PVC 1x.3/4 RED,UND,3000.0
003093,UNION PRS PVC 1.1/2,UND,2874.0
003094,UNION PRS PVC 1.1/4,UND,2104.0
003092,UNION PRS PVC 1,UND,1148.0
003095,UNION PRS PVC.1/2,UND,446.0
000158,UNION PVC U-Z 2.1/2,UND,31871.0
000156,UNION PVC U-Z 2,UND,29151.0
003098,UNION PRS PVC 3,UND,23073.0
003099,UNION PRS PVC.3/4,UND,703.0
003100,UNION PRS PVC 4,UND,50119.0
005783,TAPON SAN PVC 2SOLDADO,UND,5110.0
000439,BUJE PRS PVC 2x1 S,UND,4178.0
000458,BUJE PRS PVC 1x.1/2 S,UND,922.0
000070,ADAP.M PRS PVC 1,UND,1300.0
001664,"""UNIVERSAL PVC 2"""" PRESION",UND,41028.0
2665,TAPON PRS PVC .1/2 S,UND,500.0
355,BUJE PRS PVC 4x3R,UND,26580.0
2711,TEE PRS PVC 2.1/2,UND,38872.0
1664,"""UNIVERSAL PVC 2"""" PRESION",UND,41028.0
1028,COLLAR DERIVACION 2X3-4,UND,8485.0
863,COLLAR DERIVACION 3X3-4,UND,16970.0
2721,COLLAR DERIVACION 2 1-2X3-,UND,12081.0
855,COLLAR DERIVACION 4X3-4,UND,20820.0
4462,TORN PASAN.5/8x 6,UND,5500.0
567,BRIDA LOCA PVC 2 1-2,UND,20800.0
568,BRIDA LOCA PVC 3,UND,21115.0
569,BRIDA LOCA PVC 4,ML,27850.0
001437,TIRO ANCLAJE ROJO,UND,1500.0
001438,NEUMATICO LLANTA USADO,UND,3000.0
001439,VARILLA ROSCADA 1-2 - 1ML,UND,8500.0
001833,ESMALTE SINTETICO MATE,GLS,59900.0
003930,"ANGULO 1,1/2x 1/ 8",UND,37100.0
001226,SHELADK CREMA SELLANTE,UND,8560.0
001441,SENSOR DE FLUJO AGUA,UND,696000.0
002350,SIAMESA 4X2 12X2 12,UND,952000.0
001299,TEE AC 2X 2RANURA,UND,19400.0
001411,CODO AC 90 X 2,UND,22900.0
001632,"""UNIVERSAL AC2""""""",UND,18328.0
003163,"""VAL ALIVIO-SEGURIDAD 2""""""",UND,88000.0
003742,"""VALVULA C.ELASTICO 2""""""",UND,256360.0
003038,TUBO PRS.1/2 RDE- 9,ML,4266.0
003023,TUBO PRS.3/4 RDE-11,ML,3780.0
003017,TUBO PRS 1RDE-13.5,ML,3800.0
003016,TUBO PRS 1.1/2 RDE-21,ML,8300.0
003024,TUBO PRS 1.1/4 RDE-21,ML,7000.0
003022,TUBO PRS 2.1/2 RDE-21,ML,16695.0
2501,"SOLDADURA PVC ,1/ 8 GLN",UND,35500.0
003754,TUBO PRS 2.1/2 RDE 26 UZ,ML,9250.0
003732,TUBO PRS 3RDE-21 UZ,ML,16530.0
002932,TUBO PRS 4RDE-21 UZ,ML,26284.0
3043,TUBO PRS 4RDE-21,ML,70616.0
002987,"""TUBO CPVC 1/2""""RDE-11""",ML,3263.0
002988,"""TUBO CPVC 3/4""""RDE-11""",ML,4840.0
000075,ADAP.M PRS PVC 3,UND,21000.0
003761,"""VAL.CHEQ.VERTI.3"""" BRONCE",UND,374900.0
003760,"""VAL.CHEQ.HORIZ.3""""""",UND,501900.0
003680,"""VALVULA ALIVIO ,1/2""""""",UND,18621.0
000068,ADAP.M PRS PVC .1/2,UND,320.0
003136,"VALV.CHEQ.HORIZ. ,1/2",UND,26900.0
000072,ADAP.M PRS PVC 1.1/2,UND,4500.0
003146,"""VALV.CHEQ.HORIZ. 1,1/2""""""",UND,137900.0
003681,"""VALV.CHEQ.HORIZ. 2""""""",UND,218200.0
003740,"""VALVULA C.ELASTICO 1""""""",UND,40250.0
003741,"""VALVULA C.ELASTICO .1/2""",UND,24300.0
003059,UNION REP 2UZ,UND,17253.0
000069,ADAP.M PRS PVC .3/4,UND,600.0
003744,"""VALVULA C.METALICO 1""""""",UND,22010.0
003745,"""VALVULA C.METALICO .1/2""",UND,25000.0
003746,"""VALVULA C.METALICO 2""""""",UND,256000.0
000153,UNION REP 3UZ,UND,46137.0
003747,"""VALVULA C.METALICO 3""""""",UND,614000.0
003748,"""VALVULA C.METALICO .3/4""",UND,17663.0
003117,UNION REP 4GRUZ,UND,5684.0
003749,"""VALVULA C.METALICO 4""""""",UND,1440600.0
003750,"""VALVULA C.RAPIDO1""""""",UND,26650.0
003751,"""VALVULA C.RAPIDO.1/2""",UND,18144.0
003752,"""VALVULA C.RAPIDO2""""""",UND,63400.0
003753,"""VALVULA C.RAPIDO.3/4""",UND,21296.0
003152,"""VAL FLOTADOR2""""""",UND,167503.0
000107,"""VALVULA PIE BR. (AA) D=2""",UND,280336.0
003757,"""VALVULA REGULACION 1/2""""""",UND,18900.0
003758,"""VAL PASO RXR 4"""" BRONCE""",UND,488947.0
001642,"""VALVULA ANGULAR 2,1/2""""""",UND,350000.0
001633,"""VALVULA ALIVIO 1,1/2""""""",UND,295600.0
001634,"""VALVULA VENTOSA 2"""" DOBLE",UND,106200.0
005876,UNION REP 2,UND,4400.0
005881,"""VALVULA HF 2"""" S.E. EXT L",UND,365400.0
005877,UNION REP 3,UND,15862.0
005882,"""VALVULA HF 3"""" S.E.EXT.L.",UND,487200.0
005875,UNION REP 4,UND,47747.0
005883,"""VALVULA HF 4"""" S.E.EXT.L""",UND,646120.0
005880,VALVULA COMP D 2 PULG RW O,UND,140128.0
003844,VALVULA CORTINA .1/2 250P,UND,29900.0
000053,ADAP.H PRS PVC .3/4,UND,664.0
004826,VALVULA CORTINA.3/4,UND,38100.0
5995,ELECTROVALVULA 3-220V,UND,520000.0
589,VALVULA CHEQUE 4,UND,1502000.0
1434,VALVULA 2.1 2 CORTINA RW,UND,443900.0
5894,FILTRO BRONCE EN Y 4,UND,1110500.0
003353,LIMPIADOR PVC 112GRMS,UND,8300.0
3024,TUBO PRS 1.1/4 RDE-21,ML,7000.0
6117,VALVULA CIERRE METALICO 1.,UND,212000.0
3016,TUBO PRS 1.1/2 RDE-21,ML,8300.0
6116,VALVULA CIERRE METALICO 1.,UND,224000.0
002672,TAPON PRS PVC .1/2R,UND,500.0
001254,FLOTADOR 1TANQUE,UND,78841.0
003763,"""MANGUERA PLAST.3/4"""" AGUA",ML,2532.0
003764,MANIJA LLAVE DE PASO,UND,3351.0
003181,"""MEDIDOR AGUA 1/2""""VEL U-1",UND,74986.0
005476,"""MEDIDOR AGUA VOLU JSM 1/2",UND,81085.0
000592,CAJA MEDIDOR CONCRETO+TAPA,UND,22000.0
001938,NIPLE GALV .1/2x 10CM,UND,3290.0
005805,"""MEDIDOR 1/2""""VELO CHORR U",UND,45634.0
005896,"""MEDIDOR 3/4""""VELOCIDAD""",UND,280999.0
002227,"""ABRAZADERA GALV. .1/2""""""",UND,1500.0
002226,"""ABRAZADERA GALV. .3/4""""""",UND,555.0
002223,"""ABRAZADERA GALV. 1""""""",UND,552.0
002222,"""ABRAZADERA GALV. 1.1/4""""""",UND,552.0
002221,"""ABRAZADERA GALV. 1.1/2""""""",UND,752.0
001160,TUERCA GALVANIZADA 1 -2,UND,717.0
000828,CODO GALV.1/2x90,UND,1500.0
001936,NIPLE GALV .1/2x 5CM,UND,3890.0
003020,TUBO PRS.1/2 RDE-13.5,ML,3051.0
002662,TAPON PRS PVC .3/4R,UND,920.0
003018,TUBO PRS.3/4 RDE-21,ML,2500.0
002673,TAPON PRS PVC 1R,UND,1300.0
002657,TAPON GALV.3/4,UND,1400.0
002691,TEE GALV.3/4,UND,4890.0
003088,UNION GALV.3/8,UND,1900.0
002684,TEE CU.1/2LISA,UND,1300.0
002892,SOLDADURA COBRE,KLS,8994.0
002991,TUBO COBRE.1/2[F],ML,8600.0
003076,UNION CU.1/2LISA,UND,649.0
000046,ADAP.M PRS CPVC .1/2,UND,1000.0
000050,ADAP.H PRS CPVC .1/2,UND,2300.0
000812,CODO CPVC.1/2x90,UND,1600.0
002650,TAPON PRS CPVC .1/2S,UND,1500.0
002681,"""TEE PRS CPVC .1/2""""""",UND,1498.0
1918,NIPLE GALV 1.1/2x 30CM,UND,5846.0
825,CODO GALV1.1/2x90,UND,6800.0
1588,LIMPIADOR PVC 760GRMS,UND,43125.0
2676,TAPON PRS PVC 1.1/2R,UND,258.0
3246,WAIPE,KLS,6623.0
004805,TUB A.INOX 1 12,ML,46400.0
005061,LAM.ACERO INOX C.18 304,UND,335200.0
005062,SOLDADURA ACERO INOXIDABLE,KLS,25343.0
MQ0148,ROSCADORA DE TUBERIA - TORNO,HRS,28500.0
004806,"""TUBO A.INOXID. 2.1/2""""""",ML,118200.0
004807,TUBO A INOX 4 CAL.40,ML,162400.0
000012,TANQUE PLASTICO500LT,UND,206700.0
003149,UNIVERSAL PRS PVC .1/2,UND,2600.0
3038,TUBO PRS.1/2 RDE- 9,ML,4266.0
3744,"""VALVULA C.METALICO 1""""""",UND,22010.0
3745,"""VALVULA C.METALICO .1/2""",UND,25000.0
002529,"SOLDADURA PVC ,1/ 16 GLN",UND,22200.0
003068,TUBO PRS 4RDE-32.5UM,ML,16669.0
003131,"""VAL BOLA1""""""",UND,18900.0
003133,"""VAL BOLA,1/2""",UND,7900.0
004809,TANQUE PLASTICO1000LT,UND,239900.0
004808,TANQUE PLASTICO2000LT,UND,446120.0
005463,TANQUE PLASTICO5000LT,UND,1740000.0
573,TANQUE PLASTICO AGUA 10000,UND,4250000.0
005680,"""TUBO GALV. ,1/2"""" AGUA""",UND,35090.0
000132,"""TUBO GALV. ,1/4""""""",ML,5000.0
000574,"""TUBO GALV. ,3/4""""""",UND,36000.0
000576,TUBO GALV. 1AGUA,UND,71630.0
000577,"""TUBO GALV. 1,1/2"""" AGUA""",UND,118900.0
000584,"""TUBO GALV. 1,1/4"""" AGUA""",UND,96860.0
003001,"TUBO GALV. 2,1/2 AGUA",UND,194880.0
000138,"""TUBO GALV. 2,1/4""""""",ML,23500.0
000141,"""TUBO GALV. 2,3/4""""""",ML,30000.0
000586,"""TUBO GALV. 3""""AGUA""",UND,228849.0
000270,"""TUBO GALV. 3,1/2""""""",ML,35594.0
000587,"""TUBO GALV. 4""""""",ML,38333.0
000285,"""TUBO GALV. 6""""""",UND,486150.0
000286,"""TUBO GALV. 8""""""",UND,612100.0
003000,"""TUBO GALV. 2""""AGUA""",UND,157180.0
002688,"""TEE GALV.1/2""""""",UND,2500.0
000250,"""TEE GALV.1/4""""""",UND,3000.0
002687,TEE GALV1.1/2 SEN,UND,6200.0
000123,"""TEE GALV1.1/4""""""",UND,5000.0
000124,"""TEE GALV1.3/4""""""",UND,6000.0
002689,TEE GALV2,UND,12600.0
002690,TEE GALV2.1/2,UND,25500.0
000125,"""TEE GALV2.1/4""""""",UND,27200.0
000126,TEE GALV3,UND,33681.0
000127,TEE GALV3 x2,UND,67000.0
002692,TEE GALV4,UND,61050.0
000128,TEE GALV4 x3,UND,70000.0
000129,"""TEE GALV6""""""",UND,106000.0
001918,NIPLE GALV 1.1/2x 30CM,UND,5846.0
001956,NIPLE GALV 2.1/2x 30CM,UND,11720.0
001919,NIPLE GALV .1/2x 11CM,UND,655.0
005059,BUSH GALV1.1/2X .1/2,UND,4059.0
000494,BUSH GALV2.1/2X2,UND,11950.0
000500,BUSH GALV4X2,UND,32970.0
000014,BUSHING GALV. 3X2,UND,17200.0
000259,"""UNION DRESSER 2""""""",UND,42920.0
003085,UNION GALV.3/4,UND,2800.0
003083,UNION GALV1,UND,2900.0
003084,UNION GALV1.1/2,UND,4350.0
003071,UNION GALV1.1/4,UND,3420.0
003086,UNION GALV2,UND,7920.0
000260,"""UNION GALV2.1/2""""""",UND,16114.0
003087,UNION GALV3,UND,23600.0
003089,UNION GALV4,UND,36906.0
000130,UNION GALV6,UND,128519.0
003120,UNIVERSAL GALV .1/2,UND,4300.0
003118,UNIVERSAL GALV 1,UND,17495.0
003119,UNIVERSAL GALV 1.1/2,UND,12800.0
003121,UNIVERSAL GALV 2.1/2,UND,40600.0
003124,UNIVERSAL GALV 4,UND,128800.0
003123,UNIVERSAL GALV .3/4,UND,5920.0
000029,UNIVERSAL GALV 3,UND,52988.0
003122,UNIVERSAL GALV 2,UND,23200.0
000122,TAPON GALV4,UND,25500.0
002653,TAPON GALV1,UND,1900.0
004482,TAPON GALV2.1/2,UND,9710.0
002656,TAPON GALV3,UND,16612.0
003316,TAPON GALV1.1/2,UND,3154.0
003337,TAPON GALV2,UND,5629.0
002654,TAPON GALV1.1/4,UND,2820.0
000833,CODO GALV.3/4x90,UND,2094.0
000542,CODO GALV1x45,UND,4200.0
000825,CODO GALV1.1/2x90,UND,6800.0
000826,CODO GALV1.1/4x90,UND,5000.0
000831,CODO GALV2x90,UND,12495.0
000830,CODO GALV2.1/2x90,UND,21182.0
000544,CODO GALV3x90,UND,34300.0
000835,CODO GALV4x90,UND,61760.0
000572,CODO GALV6x90,UND,256560.0
000824,CODO GALV1x90,UND,2100.0
000523,SELLO ANAEROBIO,KLS,420000.0
001235,"TUBO A.CARBON D=2,1/2",ML,97980.0
004762,"""TUBO A.CARBON D=2""""""",ML,29000.0
001237,"""TUBO A.CARBON D=1,1/2""""""",ML,22000.0
001426,UNION AC 4 DRESER,UND,165000.0
004744,TUBO PRS 3RDE- 9 UM,ML,52030.0
004745,TUBO PRS 4RDE- 9 UM,ML,84622.0
004746,TUBO PRS 3RDE-11 UM,ML,42280.0
004747,TUBO PRS 3RDE-13.5UM,ML,32619.0
004748,TUBO PRS 4RDE-11 EL,ML,70264.0
005416,TUBO PRS 4RDE-13.5UM,ML,96767.0
004749,TUBO PRS 6RDE-11 EL,ML,150575.0
004750,TUBO PRS 6RDE-13.5EU,ML,115181.0
004751,TUBO PRS 6RDE- 9 UM,ML,179631.0
004752,TUBO PRS 8RDE-11 EL,ML,254874.0
004753,TUBO PRS 8RDE- 9 EL,ML,304080.0
002934,TUBO PRS 10RDE-21 UZ,ML,127500.0
002920,TUBO PRS 10RDE-26 UZ,ML,117921.0
002821,TUBO PRS 10RDE-32.5UZ,ML,96664.0
002766,TUBO PRS 10RDE-41 UZ,ML,77354.0
002926,TUBO PRS 12RDE-41 UZ,ML,111789.0
002919,TUBO PRS 12RDE-26 UZ,ML,173142.0
002813,TUBO PRS 12RDE-32.5UZ,ML,141000.0
004742,TUBO PRS 2.1/2 RDE-21 UM,ML,11211.0
004743,TUBO PRS 2.1/2 RDE-26 UM,ML,8850.0
000113,TUBO PRS 2 RDE-21 UM,ML,14733.0
003025,TUBO PRS 2RDE-26 UM,ML,6300.0
000114,TUBO PRS 3RDE-21 UM,ML,25000.0
000115,TUBO PRS 3RDE-26 UM,ML,20833.0
003026,TUBO PRS 3RDE-32.5UM,ML,10750.0
000116,TUBO PRS 4RDE-26 UM,ML,34500.0
003028,TUBO PRS 4RDE-41 UM,ML,14410.0
003731,TUBO PRS 6RDE-21 UZ,ML,55210.0
000117,TUBO PRS 6RDE-26 UM,ML,74166.0
002905,TUBO PRS 6RDE-32.5UZ,ML,38500.0
002825,TUBO PRS 6RDE-41 UZ,ML,29500.0
002933,TUBO PRS 8RDE-21 UZ,ML,95800.0
002918,TUBO PRS 8RDE-26 UZ,ML,77500.0
002896,TUBO PRS 8RDE-32.5UZ,ML,63354.0
002800,TUBO PRS 8RDE-41 UZ,ML,50840.0
004759,TUBO PRS 10RDE-13.5UM,ML,302412.0
004760,TUBO PRS 12RDE-13.5UM,ML,437376.0
004761,TUBO PRS 8RDE-13.5UM,ML,198600.0
005116,TEE PVC UM 2.1/2x2x2.1/2,UND,43013.0
005115,TEE PVC UM 3x21/2x21/2,UND,56951.0
005114,TEE PVC UM 2.1/2x21/2x2,UND,33762.0
005113,TEE PVC UM 2.1/2x21/2x21/2,UND,37243.0
005112,"""TEE PVC UM 2.1/2x2x2""""",UND,37000.0
005111,"""TEE PVC UM 2x2x2""""""",UND,30008.0
005110,TEE PVC UM 3x2.1/2x3,UND,58430.0
005109,TEE PVC UM 3x2x2,UND,50556.0
005108,TEE PVC UM 3x2x2.1/2,UND,53767.0
005107,TEE PVC UM 3x2x3,UND,52554.0
005106,TEE PVC UM 3x3x2,UND,56177.0
005104,TEE PVC UM 4x4x2.1/2,UND,88000.0
005138,TEE PVC UM 4x4x2.1/2,UND,88000.0
005103,TEE PVC UM 4x2x3,UND,87179.0
005139,TEE PVC UM 4x2x4,UND,85160.0
005101,TEE PVC UM 4x3x2,UND,80179.0
005099,TEE PVC UM 4x3x3,UND,90852.0
005137,TEE PVC UM 4x3x4,UND,94937.0
005102,TEE PVC UM 4x4x2,UND,85168.0
005098,TEE PVC UM 4x4x3,UND,100578.0
005136,TEE PVC UM 4x4x4,UND,105100.0
005135,TEE PVC UM 3x3x2.1/2,UND,60541.0
005124,"""REDUCCION PVC U.M 2.1/2""""",UND,64351.0
005123,"""REDUCCION PVC U.M 3""""*2""""",UND,66207.0
005122,"""REDUCCION PVC U.M 3""""*21/",UND,83451.0
005121,"""REDUCCION PVC U.M 4""""*2""""",UND,92423.0
005120,"""REDUCCION PVC U.M 4""""*21/",UND,94678.0
005119,"""REDUCCION PVC U.M 4""""*3""""",UND,94678.0
000152,UNION REP 2.1/2UZ,UND,52349.0
005131,UNION REP 8RDE-13.5UM,UND,337476.0
005134,UNION REP 3RDE-13.5UM,UND,44100.0
005133,UNION REP 4RDE-13.5UM,UND,76783.0
005132,UNION REP 6RDE-13.5UM,UND,184865.0
5131,UNION REP 8RDE-13.5UM,UND,337476.0
003105,UNION REP 4UZ,UND,53467.0
000109,UNION REP 6RDE-21 UM,UND,118000.0
005030,ADAP.PVC-AC2,UND,3036.0
005031,ADAP.PVC-AC3,UND,5896.0
005032,ADAP.PVC-AC4,UND,9028.0
005033,ADAP.PVC-AC6,UND,71249.0
005034,ADAP.PVC-AC8,UND,138120.0
005035,CODO PRS 2x11.25 R21,UND,19090.0
005036,CODO PRS 2x22.5 R21,UND,16967.0
005037,CODO PRS 2x45R21,UND,18769.0
003733,CODO U-Z PVC 2x90?,UND,21711.0
005038,CODO PRS 3x11.25 R21,UND,30454.0
005039,CODO PRS 3x22.5 R21,UND,33413.0
005040,CODO PRS 3x45R21,UND,33962.0
003734,CODO U-Z PVC 3x90?,UND,46091.0
005042,CODO PRS 6x22.5 R21,UND,150519.0
005044,CODO PRS 6x90R21,UND,249993.0
005045,CODO PRS 8x22.5 R21,UND,316161.0
005046,CODO PRS 10x45R21,UND,864839.0
005047,CODO PRS 10x90R21,UND,1223726.0
005048,CODO PRS 3x11.25 R135,UND,40294.0
005050,CODO PRS 3x45R13,UND,53858.0
005051,CODO PRS 3x90R135,UND,72353.0
005052,CODO PRS 4x11.25 R135,UND,85311.0
005053,CODO PRS 4x22.5 R135,UND,90400.0
005054,CODO PRS 4x45R135,UND,109791.0
005055,CODO PRS 4x90R135,UND,148554.0
005056,CODO PRS 6x11.25 R135,UND,207714.0
005057,CODO PRS 6x22.5 R135,UND,192759.0
005096,CODO PRS 6x45R135,UND,296232.0
005097,CODO PRS 6x90R135,UND,233143.0
003737,CODO U-Z PVC 4x11,UND,53083.0
003736,CODO U-Z PVC 4x22,UND,55871.0
003735,CODO U-Z PVC 4x90,UND,88479.0
005129,CODO PRS 8x11.25 R21,UND,273475.0
005128,CODO PRS 8x45R21,UND,409246.0
005127,CODO PRS 8x90R21,UND,615979.0
003762,TUBO COBRE 1 4,ML,4580.0
002990,TUBO COBRE.3/4[M],ML,14900.0
002992,TUBO COBRE.3/8[F],ML,6400.0
002898,TUBO COBRE.1/2[K],ML,59600.0
005610,"""TUBO COBRE.1/2""""[",ML,11800.0
002685,"""TEE CU.3/4""""LI",UND,3000.0
002683,TEE CU1LISA,UND,9300.0
003077,UNION CU.3/4LISA,UND,1650.0
003075,UNION CU1LISA,UND,2450.0
004484,"""TAPON COBRE 1/2""""LI",UND,500.0
004485,TAPON COBRE .3/4LISO,UND,950.0
003630,TAPON COBRE 1LISO,UND,2500.0
000815,CODO CU.1/2X90,UND,780.0
000816,CODO CU.3/4X90,UND,1700.0
000819,CODO CU1X90,UND,4100.0
004483,SELLANTE FUERZA ALTA COBRE,UND,8000.0
005584,PE AD RDE 11 1 METRO DE RO,ML,8858.0
MQ0138,TERMOFUCIONADOR TUBERIA POLIVINILICA,DIA,195322.0
005585,"""TUBO PE2,1/2""""ALTA DEN",ML,12412.0
005586,"""TUBO PE3""""ALTA DEN",ML,17831.0
005587,"""TUBO PE4""""ALTA DEN",ML,26710.0
005588,"""TUBO PE6""""ALTA DEN",ML,55913.0
004005,CABLE COBRE THW #4,ML,18667.0
004004,CABLE COBRE THW #6,ML,12097.0
004003,CABLE COBRE THW #8,ML,7827.0
004002,CABLE COBRE THW # 10,ML,5277.0
004001,CABLE COBRE THW # 12,ML,3642.0
004000,CABLE COBRE THW # 14,ML,2554.0
004009,CABLE COBRE THW #3/0,ML,71271.0
004010,CABLE COBRE THW #4/0,ML,92610.0
004011,CABLE COBRE THW # 250 MCM,ML,101681.0
004012,CABLE COBRE THW # 300 MCM,ML,120767.0
004013,CABLE COBRE THW # 350 MCM,ML,141784.0
004014,CABLE COBRE THW # 400 MCM,ML,163506.0
004015,CABLE COBRE THW # 500 MCM,ML,210528.0
004045,CABLE COBRE XLP #2,ML,71607.0
004046,CABLE COBRE XLP #1/0,ML,93029.0
004070,"""TUBO PVC 1""""x 3 MTS",UND,11915.0
004069,"""TUBO PVC,3/4"""" X 3 MTS",UND,8597.0
004073,"""TUBO PVC 2""""x 3 MTS",UND,36095.0
004074,"""TUBO PVC 3""""X 6 MTS",UND,102571.0
004075,"""TUBO PVC 4""""X 6 MTS",UND,173064.0
004042,ALAMBRE COBRE THWN #14,ML,1453.0
004077,CAJA OCTOGONAL PVC,UND,3104.0
005938,"""CAJA RAWELT 3/4""""""",UND,7656.0
004209,SWITCHE SENCILLO AMBIA,UND,14036.0
4001,CABLE COBRE THW # 12,ML,3642.0
004208,SWITCHE DOBLE AMBIA,UND,19372.0
004210,SWITCHE TRIPLE AMBIA,UND,27434.0
004207,SWITCHE CONMUTABLE AMBIA,UND,13400.0
6002,SWITCHE CONMUTABLE DOBLE,UND,8910.0
004213,TOMA + SWITCHE LUNARE,UND,11252.0
006036,BALA PANEL LED 12W PLANA,UND,16000.0
4182,CINTA AISLANTE # 33,UND,14900.0
006037,BALA PANEL LED 18W,UND,20000.0
6079,BALA PANEL LED 6W PLANA,UND,9500.0
3158,BALA PANEL LED 24W,UND,48900.0
004052,"""TERMINAL PVC ,3/4""""""",UND,330.0
004059,"""CURVA PVC ,3/4""""""",UND,2043.0
004204,TOMA 2X20,UND,3005.0
6093,TOMA 220 SENC PATA TRABADA,UND,37000.0
004212,TOMA DOBLE P-T AMBIA,UND,14036.0
005889,TOMA ZONA HUMEDA GFCI-LEVI,UND,55733.0
004128,BREAKER 2X 15 SQUAR-D,UND,73686.0
004133,BREAKER 2X 70 SQUAR-D,UND,136278.0
004118,BREAKER 1X 15 SQUAR-D,UND,26194.0
004135,BREAKER 3X 15 SIEMENS,UND,169330.0
004140,BREAKER 3X 60 SIEMENS,UND,202464.0
4142,BREAKER 3X100 - 150,UND,425000.0
004183,TABLERO 1F- 2 CTOS VTQ,UND,52491.0
004184,TABLERO 1F- 4 CTOS VTQ,UND,61785.0
004186,TABLERO 1F- 8 CTOS VTQ,UND,91172.0
004234,TABLERO 1F 10 CTOS VTQ-SQ,UND,113883.0
004187,TABLERO 1F-12 CTOS VTQ,UND,141503.0
004197,TABLERO 2F- 6 CTOS TBC,UND,158456.0
004198,TABLERO 2F- 8 CTOS TBC,UND,210160.0
004194,TABLERO 2F-12 CTOS TBC,UND,242689.0
004195,TABLERO 2F-18 CTOS TBC,UND,314095.0
004196,TABLERO 2F-24 CTOS TBC,UND,393420.0
004188,TABLERO 3F-12 CTOS TWC,UND,403368.0
004189,TABLERO 3F-18 CTOS TWC,UND,489042.0
004190,TABLERO 3F-24 CTOS TWC,UND,574847.0
004191,TABLERO 3F-30 CTOS TWC,UND,741549.0
004192,TABLERO 3F-36 CTOS TWC,UND,786709.0
004193,TABLERO 3F-42 CTOS TWC,UND,900788.0
004079,MOLDE VARILLA-CABLE,ML,204077.0
004082,CABLE COBRE DESNUDO #1/0,ML,41081.0
004083,CABLE COBRE DESNUDO #2/0,ML,51911.0
004084,CABLE COBRE DESNUDO #4/0,ML,81346.0
004566,MOLDE SOLDADURA 1/0 A 4/0,UND,204077.0
004567,SOLDADURA THERMOWELLD 115G,UND,15940.0
004111,"""TUBO GALV. 1""""X 3 M",UND,41304.0
005963,"""UNION EMT 1""""""",UND,1009.0
005964,"""CURVA EMT MET 1""""""",UND,3132.0
005965,"""TUBO EMT 3MT X1""""""",UND,26340.0
005967,"""UNION 2""""""",UND,3187.0
005968,"""CURVA EMT MET 2""""""",UND,10649.0
005969,"""TUBO 2"""" EMT""",UND,47500.0
005971,"""UNION 3"""" EMT""",UND,14514.0
005972,"""CURVA EMT MET 3""""""",UND,72049.0
005973,"""TUBO 3"""" EMT""",UND,109051.0
004100,"""CAPACETE GALV. 4""""""",UND,41065.0
004108,"""CURVA GALV. 4""""""",UND,210552.0
004117,"""TUBO GALV. 4""""X 3 MT",UND,229923.0
6042,PANEL SOLAR 250W,UND,474215.0
MOIE04,INGENIERO ELECTRICO,HC,87742.0
6043,INVERSOR,UND,3193960.0
6045,REGULADOR MPPT,UND,1418480.0
6044,BATERIA 12VDC 200 AH,UND,1570800.0
6048,ESTRUCTURA MONTAJE PANEL S,UND,166600.0
6202,PANEL SOLAR,UND,766700.0
6204,REGULADOR 150 VOLTIOS-60 A,UND,3910000.0
5969,"""TUBO 2"""" EMT""",UND,47500.0
6058,UNION EMT 2,UND,4500.0
6092,GRAPA METALICA DOBLE ALA 2,UND,2250.0
6055,TUBO EMT 1 1 4,UND,23000.0
4088,"""GRAPA GALV-GRUESA 3/4""""""",UND,662.0
5935,"""ADAPTADOR EMT .3/4""""""",UND,1219.0
5936,"""UNION 3/4"""" EMT""",UND,3200.0
5939,"""TUBO EMT 3/4""""X 3 MT""",UND,23900.0
6056,UNION EMT 1 1 4,UND,1950.0
5968,"""CURVA EMT MET 2""""""",UND,10649.0
5937,"""CURVA EMT MET ,3/4""""""",UND,1775.0
5966,"""ADAPTADOR EMT 2""""""",UND,4100.0
6059,ADAPTADOR EMT 1 1 4,UND,2300.0
5971,"""UNION 3"""" EMT""",UND,14514.0
5973,"""TUBO 3"""" EMT""",UND,109051.0
6080,TUBO IMC 3 4 GALV,UND,40000.0
6082,UNION IMC 3 4,UND,5500.0
6081,TUBO IMC 1 GALV,ML,72000.0
6083,UNION IMC 1,UND,7600.0
6084,CURVA IMC 3 4,UND,18900.0
6085,CURVA IMC 1,UND,28900.0
004113,"""TUBO GALV. 1,1/4""""X 3M",UND,34529.0
004114,"""TUBO GALV. 2""""X 3",UND,80973.0
004116,"""TUBO GALV. 3""""X 3M",UND,178367.0
004094,"""CAPACETE GALV. 1""""""",UND,2353.0
004095,"""CAPACETE GALV. 1,1/2""""""",UND,4426.0
004096,"""CAPACETE GALV. 1,1/4""""""",UND,3707.0
004097,"""CAPACETE GALV. 2""""""",UND,10354.0
004098,"""CAPACETE GALV. 2,1/2""""""",UND,27509.0
004099,"""CAPACETE GALV. 3""""""",UND,33824.0
004103,"""CURVA GALV. 1""""""",UND,3700.0
004104,"""CURVA GALV. 1,1/2""""""",UND,8362.0
004105,"""CURVA GALV. 1,1/4""""""",UND,5788.0
004107,"""CURVA GALV. 3""""""",UND,104107.0
004071,"""TUBO PVC 1,1/2"""" x 3 MTS",UND,23468.0
004072,"""TUBO PVC 1,1/4"""" x 3 MTS",UND,10900.0
004060,"""CURVA PVC 1""""""",UND,3872.0
004061,"""CURVA PVC 1,1/2""""""",UND,9866.0
004062,"""CURVA PVC 1,1/4""""""",UND,6814.0
004063,"""CURVA PVC 2""""""",UND,18219.0
004065,"""CURVA PVC 4""""""",UND,19000.0
004056,"""TERMINAL PVC 2""""""",UND,5041.0
004057,"""TERMINAL PVC 3""""""",UND,17399.0
MOPI03,MANO OBRA PINTURA1 OFI,HC,14948.0
MQ0602,ANDAMIO COLGANTES 4.0 MTS,DIA,6300.0
001391,"""HIERRO .1/2"""" 60.000 [12",UND,32200.0
001395,"""HIERRO .3/4"""" 60.000 [12",UND,72800.0
001398,"""HIERRO .7/8"""" 60.000 [12",UND,141200.0
000159,PERFIL AG C120mmx 60mm-1.9,UND,188328.0
004663,LAM.HOT ROLLED1/ 4,UND,115819.0
005708,"""VARILLA ROSCADA 5/8""""X100",UND,13461.0
005709,"""ARANDELA METALICA 5/8""""""",UND,657.0
005710,"""TUERCA HEXAGONAL 5/8""""""",UND,744.0
005761,LAM.HOT ROLLED1/ 8,UND,37058.0
005760,LAM.HOT ROLLED3/16,UND,55284.0
001777,"""VARILLA ROSCADA 1/2""""X100",UND,5600.0
001049,"""CUARTON 2""""x4""""x300 AMARI",UND,16000.0
001821,MERULEX LFS [TRANSP] 3.5KG,GLN,101172.0
002873,TORN P/MAD 2x12,UND,95.0
MOCO01,MANO OBRA CARP.MADERA1 AYUDANTE-1 OFI,HC,26886.0
003972,CANABRAVA,ATD,7700.0
002293,PUNTILLA 1.1/2CC,LBS,3900.0
002295,PUNTILLA 3CC,LBS,2900.0
003231,"""VIGA CHANUL 3X6"""" X6M""",UND,108000.0
000282,TORN P/MAD 4,UND,200.0
003229,"""VIGA CHANUL 3X6"""" X5M""",UND,48720.0
000348,"TUBO LA CR C20 1,1/2X1.1/2",UND,29800.0
001579,LIJA 400AGUA,PLI,1100.0
002030,"""PERFIL HR C 4""""x2""""2.",UND,89115.0
MOME02,MANO OBRA METALISTERIA 2 AYUDANTE-2 OFI,HC,41056.0
001715,TUBO LAM CR C20 1X1,UND,17544.0
001609,POLIETILENO CAL. 7,ROL,945000.0
001753,SACO TERRERO 30X60,UND,600.0
001754,"""PERNO ,5/8 x15"""" GALV.""",UND,2600.0
001755,HILO PLASTICO FIBRA POLIES,ROL,3000.0
003242,"""VIGA MADERA REDONDA 6""""""",ML,24500.0
001763,"""LISTON 3""""x3x300 CHANU",UND,14000.0
001779,"""TORN P/MAD 5""""x .3/1",UND,900.0
001781,"""VIGA CASCARILLO 5"""" REDON",ML,8500.0
004085,ALAMBRE GALVANIZADO # 12,ML,5300.0
001780,"""VIGA CASCARILLO 6"""" REDON",ML,10000.0
000079,TINTILLA MADERA,GLN,68000.0
001573,LIJA 150MADE,PLI,1300.0
002023,"""VIGA CHANUL 6X6"""" X6M""",UND,87400.0
002234,LACA MADERA BRILLANTE 7400,GLN,58300.0
002448,SELLADOR 40%7204,LTS,11000.0
001606,"""VIGA MADERA MANGLE 4""""""",ML,9943.0
003990,ALQUITRAN,KLS,3076.0
003673,EMULSION ASFALTICA18K,KLS,4970.0
6005,MEMBRANA PLASTICA 12NTR,M2,48000.0
003674,MANTO FIBERGLASS 500XT 3MM,M2,19290.0
003675,MANTO FIBERGLASS 800XT 4MM,M2,31490.0
001747,MANTO EDIL 3 MM FOIL ALUM,M2,17780.0
002075,MANTO 500XT-FOIL ALUMINIO,M2,19000.0
005583,FRESCASA 5MM 1 CARA METAL,ROL,145400.0
002001,MANTO TECHOFIELT 3000,ROL,229900.0
002171,POLIETILENO CAL. 4,KLL,14900.0
769,CINTA ENMASCARAR,ROL,4900.0
002385,CINTA ADEHESIVA -SELLOS A,ARR,115000.0
001765,POLIETILENO CAL. 6,KLS,8500.0
001760,CLAVO CC 7MMX3MM CAB.PVC,UND,90.0
001762,BAJO TEJA BT-235 ONDULINE,UND,33170.0
003679,SILICONA TRANSPARENT.11 OZ,UND,19900.0
001591,GEOTEXTIL POLIPROPILENO 18,M2,5400.0
001594,LAMINA METAL SHEET 1M-2M G,UND,265000.0
001618,ARANDELA FIJACION GALVANIZ,UND,85.0
SC0105,SUBCONTRATO IMPERMEABILIZACIONES,GLB,1.0
6003,MORTERO DE REPARACION ESTR,KLS,5410.0
006038,MEMBRANA PVC SARNAFIL G 47,ROL,1620000.0
2833,TORN1.1/2x .1/4,UND,20.0
735,CHAZO PLASTICO ESTRIADO,UND,167.0
000775,LAMINA ACRILICA C.FALSO,UND,42350.0
003636,ANGULO 1x 3/ 4 ALU,ML,5800.0
003638,"""TEE ALUM.ANODIZADO 1""""X3/",ML,2850.0
003852,"""REMACHE POP 4-2 1/4""""X1/8",UND,59.0
MOCA01,MANO OBRA CARP.ALUMINIO 1 AYUDANTE-1 OFI,HC,23896.0
001232,PERFIL D CANAL 40 GALV 3.0,UND,5000.0
001259,TORN PANEL 6x 1,UND,20.0
002167,PERFIL D OMEGA 60 244-C26,UND,3800.0
002320,PUNTILLA 1.1/2AC,LBS,3900.0
003643,PLACA YESO 12.7M-GYPLAC RH,UND,42950.0
003644,"""CINTA SELLO 2""""(PANEL-YES",ROL,18901.0
003645,PASTA MASTIQUE(PANEL-YESO),GLN,9900.0
003647,"""CHAZO EXPANDIBLE 3/8""""""",UND,499.0
3350,VINILO TIPO 1,GLN,53000.0
000561,PLACA YESO 12.7M-GYPLAC R,UND,23390.0
001258,ANGULO 29x29x2440MM C.26,UND,3000.0
5998,VINILO TIPO 2,GLN,25380.0
002877,TORN P/LAM.3/4x 8,UND,56.0
003971,PLACA YESO 8.0M-GYPLAC,UND,23090.0
000134,ALAMBRE GALVANIZADO # 16,KLS,8200.0
001193,"ANGULO ,7/8x 7/ 8",UND,6650.0
001194,"""TEE ALUM. ,7/8"""" X ,3/4""""",UND,9200.0
003641,LAM.ICOPOR 1CM,UND,3800.0
001216,ESTUCO PLASTICO PASTA,KLS,2400.0
001804,MASILLA PANEL-ESTUCO,KLS,1257.0
002029,TORN AUTOPE 6x 1,UND,114.0
002323,PUNTILLA.1/2CC,LBS,3100.0
003646,PARAL 39 GUIA L.GALV 2.44M,UND,3900.0
003989,PLACA BOARD 6MM,UND,44000.0
005808,MASILLA JUNTA INVIS.BOARD,CUN,174900.0
001604,BOCEL MADERA .1/2x.1/2x3M,UND,1000.0
003287,MACHIMBRE L.PINO CIPRES,M2,40600.0
001689,MACHIMBRE L.PINO PATULA,M2,29900.0
003639,"""LAM.DURACUSTIC 5/8"""" R-H",UND,32685.0
003640,"""LAM.SONOCOR 1""""""",UND,11950.0
000140,ALAMBRE GALVANIZADO # 6,KLS,4100.0
000318,LAM.CIELO FALSO ICOPOR TEX,UND,4850.0
003500,PUNTILLA 1SC,LBS,3900.0
002033,LAM.ICOPOR PELICULA PVC,UND,13778.0
002644,LAMINA C.FALSO 122X61CM 4M,GLN,7800.0
002034,PLACA BOARD 4MM,UND,29700.0
002093,VINILO ACRILICO,GLN,53600.0
003635,ANGULO 1X1 -178X23MM,ML,4800.0
002124,PERFIL GALV T 24X38X3660M,UND,9200.0
002125,PERFIL GALV T 1 X1 -122CM,UND,2600.0
002126,PERFIL GALV L 1 X1 -305,UND,4100.0
002128,LAMINA C.FALSO PVC 5.95X0.,UND,23800.0
1727,PERFIL GALV T 1 X1 - 61CM,UND,1350.0
SC0104,SUBCONTRATO CARPINTERIA ALUMINIO,GLB,1.0
6066,LAMINA PVC 25CM 5MM 5950,UND,27300.0
6068,PERFIL PVC PERIMETRAL S-S,UND,13200.0
6069,PERFIL PVC PERIMETRAL C-S,UND,13400.0
6070,PERFIL PVC PERIMETRAL P-P,UND,18500.0
6071,PERFIL PVC SOPORTE SUJECCI,UND,17200.0
6067,LAMINA PVC 25CM 10MM 5950,UND,32700.0
6097,TAPA REGISTRO MET 60X60 CF,UND,86500.0
1216,ESTUCO PLASTICO PASTA,KLS,2400.0
1258,ANGULO 29x29x2440MM C.26,UND,3000.0
1804,MASILLA PANEL-ESTUCO,KLS,1257.0
2167,PERFIL D OMEGA 60 244-C26,UND,3800.0
2323,PUNTILLA.1/2CC,LBS,3100.0
2877,TORN P/LAM.3/4x 8,UND,56.0
3645,PASTA MASTIQUE(PANEL-YESO),GLN,9900.0
3646,PARAL 39 GUIA L.GALV 2.44M,UND,3900.0
3647,"""CHAZO EXPANDIBLE 3/8""""""",UND,499.0
5806,PLACA BOARD 8MM,UND,59709.0
006199,TAPA INSPECCION 40X40 PANE,UND,95100.0
006200,TAPA INSPECCION 60X60 PANE,UND,119950.0
006201,TAPA REGISTRO MET 40X40 CM,UND,45100.0
000179,"ANGULO ,3/4x 1/ 8",ML,2140.0
002829,TORN1x 6,UND,20.0
001714,MALLA CON VENA 60x200,UND,6200.0
1190,"""ANGULO 1,1/2"""" x 1/ 4""",UND,57100.0
2148,PLATINA1/ 8x2x6M,UND,19200.0
3834,SOLDADURA 6011 x 1/8 0.12,KLS,9048.0
001756,TIERRA ENCIELADO BAHAREQUE,M3,20000.0
003272,ACRONAL,GLN,31736.0
003974,PAJA-SISGO,BTO,20000.0
003975,BONIGA,BTO,1500.0
001758,MALLA FIBRA VIDRIO CAL.10,M2,12973.0
001759,CUERDA NYLON,CAR,13000.0
001317,GANCHO ESPECIAL ETERNIT,UND,350.0
001412,IGAS GRIS [SELLANTE] 5KG.,KLS,13100.0
003655,CABALLETE AC.VENTILACION 7,UND,32558.0
002845,CANALETA 43DE 3.50,UND,131600.0
002850,TORN MET. CANALETA 43,UND,2600.0
002844,CANALETA 43DE 4.00,UND,145800.0
002861,CANALETA 43DE 4.50,UND,165500.0
002894,CANALETA 43DE 6.00,UND,205000.0
002759,CANALETA 90DE 3.75,UND,129680.0
002839,TORN MET. CANALETA 90,UND,4100.0
002762,CANALETA 90DE 4.50,UND,194665.0
002763,CANALETA 90DE 5.25,UND,239567.0
002764,CANALETA 90DE 6.00,UND,286990.0
002744,CANALETA 90DE 7.50,UND,344000.0
002719,CANALETA 90DE 9.00,UND,456900.0
003667,LIMAHOYA ASBESTO CEMENTO,UND,19903.0
003666,LIMATESA ASBESTO-CEMENTO,UND,19383.0
005379,TEJA AC.TERMINAL CANAL,UND,37800.0
002748,TEJA ASB.CEMENTO P 7 #10,UND,46011.0
002752,TEJA ASB.CEMENTO P 7 # 4,UND,18800.0
002753,TEJA ASB.CEMENTO P 7 # 5,UND,23500.0
002754,TEJA ASB.CEMENTO P 7 # 6,UND,27620.0
002755,TEJA ASB.CEMENTO P 7 # 8,UND,36848.0
002193,TEJA ASB.CEMENTO P 7 # 2,UND,12300.0
002751,TEJA ASB.CEMENTO P 7 # 3,UND,17500.0
002746,TEJA CLARABOYA # 4,UND,36848.0
003214,VIDRIO TRANSP.3 MM,M2,25000.0
002745,TEJA CLARABOYA # 5,UND,46077.0
002747,TEJA CLARABOYA # 6,UND,58000.0
003633,TEJA VENTILACION #4,UND,49370.0
002761,TEJA VENTILACION #6,UND,89732.0
002194,CABALLETE FIJO ASBESTO CEM,UND,30850.0
002770,TEJA ESPANOLA1.64M,UND,62505.0
002195,UNION CABALLETE-LIMATESA,UND,24565.0
1322,GANCHO P/TEJA ASB. MADERA,UND,466.0
002749,TEJA BARRO COMUN 15X35CM,UND,800.0
002773,TEJA BARRO MOORE,UND,1000.0
002756,TEJA BARRO TUBO,UND,900.0
001757,TEJA BARRO ANTIGUA,UND,450.0
003648,PINTURA ELECTROSTATICA ALU,GLN,30620.0
003663,CABALLETE ALUM.COLOR .5MM,UND,42100.0
003665,MASILLA TIPO CWS (TEJ.AL.),LBS,11100.0
003826,ARANDELA NEOPRENO,UND,590.0
003855,ESPIGO ALUM.-TUERCA 250MM,UND,1200.0
003626,CABALLETE ALUM.NATUR. 5MM,ML,21950.0
003668,CABALLETE THERMOACU,UND,67877.0
003672,REMATE SUP.CONT.MUR.TEJ.AJ,UND,52734.0
000879,TORN P/LAM AUT.1/2-14X3/4,UND,510.0
000887,TORN P/LAM AUT.1/4-14X7/8,UND,710.0
003656,TEJA AJOVER ONDULADA,UND,133900.0
001154,TEJA AJOVER TRAPEZOIDAL,M2,39500.0
002026,TEJA GALVANIZADA CAL.26,UND,60800.0
002027,TORN AUTOPE .3/4x .3/16,UND,252.0
003654,TEJA CIDUT.TRAPEZ.DE 5.50,UND,22350.0
000118,TEJA ZINC OND 800X2438 C34,UND,20690.0
000148,AMARRAS PARA TEJA ASBESTO,UND,200.0
001143,LIMATESA AJOVER THERMOACUS,UND,45900.0
001144,TEJA AJOVER SUPER TRAPEZOI,M2,47215.0
003657,TEJA AJOVER SUPER ONDULADA,UND,132500.0
001177,TEJA ALUMINIO-POLIURETANO,M2,124850.0
616,CABALLETE ALUM POLIURETANO,UND,68000.0
003632,DOMO ACRILICO BURBU 60X60M,UND,84900.0
MOAA02,MANO OBRA ALB.ACABADOS 2 AYUDANTE-1 OFI,HC,35834.0
002190,CONECTOR BASE L.POLICARBON,UND,48600.0
003981,CONECTOR TAPA L.POLICARBON,UND,64240.0
003650,TEJA PLAST.ONDUL.AJOVER# 5,UND,24770.0
003651,TEJA PLAST.ONDUL.AJOVER# 6,UND,29696.0
003652,TEJA PLAST.ONDUL.AJOVER# 8,UND,39755.0
003653,TEJA PLAST.ONDUL.AJOVER#10,UND,53500.0
003677,TEJA PLAST.ONDUL.AJOVER# 4,UND,23650.0
002189,REMATE U 6X2010MM POLICARB,UND,11900.0
003982,CINTA ALUMINIO IDUSTRIAL,UND,61900.0
003987,LAMINA POLICARBONATO 4MM,UND,383900.0
003986,TEJA POLICARBONATO 82X180C,UND,72690.0
003985,LAMINA POLICARBONATO 6MM,UND,497600.0
001787,PANEL CONECTOR POLICARBON,UND,49900.0
002187,LAMINA POLICARBONATO 8MM,UND,591900.0
002188,LAMINA POLICARBONATO 10MM,UND,769800.0
002199,CONECTOR H 8-10MM L.POLIC.,UND,59700.0
002200,CONECTOR H 4- 6MM L.POLIC.,UND,52360.0
6061,TEJA UPVC 11.80X1.13M,UND,443000.0
6076,AMARRA TEJA TAPA PLASTICA,UND,240.0
6144,UPVC SET FIJACION PLACA-TO,UND,1650.0
6077,CABALLETE UPVC 90-110CM,UND,41500.0
000024,BAJANTE PVC CUADRADO,UND,76400.0
000025,BAJANTE PVC SOPORTE,UND,2700.0
001318,CANAL PVC SOPORTE AMAZONAS,UND,2500.0
003634,CANAL PVC AMAZONAS,UND,82606.0
002854,CANAL PVC RAINGO,UND,47900.0
002858,CANAL PVC SOPORTE [RAINGO],UND,2100.0
000023,CODO 45 CANAL PVC BAJANTE,UND,6400.0
000022,CODO CANALPVC 90,UND,6900.0
003854,SOPORT.CANAL AMAZONAS PVC,UND,3000.0
003853,SOPORTE CANAL RAINGO PVC,UND,2400.0
001173,TAPA CANAL PVC INTERNA [A],UND,5400.0
002196,TAPA CANAL PVC EXTERNA {R},UND,7200.0
001179,TAPA CANAL PVC INTERNA [A],UND,5400.0
002197,TAPA PVC CANAL INTERNA {R},UND,4900.0
003670,UNION BAJ.CANAL AMAZ.PVC,UND,22600.0
003669,UNION BAJ.CANAL RAINGO PVC,UND,7900.0
001207,UNION CANAL PVC AMAZONAS,UND,16400.0
002857,UNION CANAL PVC RAINGO,UND,7500.0
003671,UNION CANAL ESQUINA PVC A,UND,27337.0
001330,UNION CANAL ESQUINA PVC R,UND,10000.0
003081,UNION BAJANTE CUADRADO-TUB,UND,5062.0
000229,BAJANTE LAMINA,ML,13100.0
001320,CANAL PVC SOPORTE METALICO,UND,7422.0
002509,SOLDADURA ESTANO PLATA 95-,LBS,153000.0
000002,PUNTILLA 2AC,UND,4250.0
003624,LAM.ALUMINIO1.7 MM,M2,46250.0
003631,LAM.GALVANIZADAC.26,UND,28900.0
005385,PLATINA1/ 8x1x6M,UND,13177.0
001480,LAM.GALVANIZADAC.22,UND,71626.0
1833,ESMALTE SINTETICO MATE,GLS,59900.0
000930,PINTUCOAT CATALIZADOR,GLN,156900.0
000931,AJUSTADOR 121.135 PINTUCO,GLN,35000.0
002875,TORN P/LAM.1/2x 5,UND,200.0
001481,LAM.GALVANIZADAC.30,UND,28500.0
005673,PERFIL AG C120mmx 60mm-1.2,UND,109896.0
000160,PERFIL AG C120mmx 60mm-1.5,UND,138168.0
005674,PERFIL AG C160mmx 60mm-1.2,UND,128592.0
000954,PERFIL AG C160mmx 60mm-1.5,UND,161424.0
001097,PERFIL AG C160mmx 60mm-1.9,UND,220248.0
000956,PERFIL AG C220mmx 80mm-1.2,UND,173280.0
001159,PERFIL AG C220mmx 80mm-1.5,UND,215688.0
001158,PERFIL AG C220mmx 80mm-1.9,UND,294120.0
005669,PERFIL AG C305mmx 80mm-1.5,UND,266304.0
001838,PERFIL AG C305mmx 80mm-1.9,UND,360696.0
SC0102,SUBCONTRATO CARPINTERIA METALICA,GLB,1.0
005668,PERFIL AG C355mmx110mm-1.9,UND,387600.0
005653,PERFIL HR C120mmx 60mm-1.5,UND,128848.0
005652,PERFIL HR C120mmx 60mm-2.0,UND,166464.0
005658,PERFIL HR C160mmx 60mm-1.2,UND,65990.0
005657,PERFIL HR C160mmx 60mm-1.5,UND,146044.0
005712,PERFIL HR C160mmx 60mm-2.0,UND,194616.0
005656,PERFIL HR C160mmx 60mm-2.5,UND,243576.0
005655,PERFIL HR C160mmx 60mm-3.0,UND,292128.0
005661,PERFIL HR C220mmx 80mm-1.2,UND,88130.0
001839,PERFIL HR C220mmx 80mm-1.5,UND,195024.0
001858,PERFIL HR C220mmx 80mm-1.9,UND,259896.0
005660,PERFIL HR C220mmx 80mm-2.5,UND,325176.0
005659,PERFIL HR C220mmx 80mm-3.0,UND,390048.0
002177,PERFIL HR C305mmx 80xx-2.0,UND,319056.0
005662,PERFIL HR C305mmx 80mm-3.0,UND,478584.0
005667,PERFIL HR C355mmx110mm-2.0,UND,387600.0
005665,PERFIL HR C355mmx110mm-3.0,UND,581400.0
005650,PERFIL HR C 60mmx 40mm-1.2,UND,31215.0
MOPI02,MANO OBRA PINTURA2 AYUDANTE-1 OFI,HC,34339.0
005663,PERFIL HR C305mmx 80mm-2.5,UND,398316.0
001681,"""PERFIL HR C 5""""x2""""2.",UND,81875.0
001682,"""PERFIL HR C 6""""x2""""1.",UND,66700.0
001683,"""PERFIL HR C 6""""x2""""2.",UND,88820.0
001686,"""PERFIL HR C 6""""x2""""2.",UND,117764.0
001691,"""PERFIL HR C 6""""x2.5/8""""2.",UND,94804.0
001690,"""PERFIL HR C 6""""x2.5/8""""2.",UND,76426.0
001692,"""PERFIL HR C 7""""x2.5/8""""2.",UND,112389.0
001695,"""PERFIL HR C 7""""x2.5/8""""2.",UND,102703.0
001696,"""PERFIL HR C 8""""x2.5/8""""1.",UND,88820.0
001402,"""PERFIL HR C 8""""x2.5/8""""2.",UND,125688.0
001740,"""PERFIL HR C10""""x2.5/8""""2.",UND,134500.0
001742,"""PERFIL HR C10""""x2.5/8""""2.",UND,167900.0
005713,PERFIL AG Z160x 60mm-1.9mm,UND,220248.0
005716,PERFIL AG Z220x 80mm-1.9mm,UND,294120.0
005719,PERFIL AG Z305x 80mm-1.9mm,UND,360696.0
005724,PERFIL HR Z160x 60mm-1.2mm,UND,73287.0
005723,PERFIL HR Z160x 60mm-1.5mm,UND,146064.0
005725,PERFIL HR Z160x 60mm-2.0mm,UND,194616.0
005722,PERFIL HR Z160x 60mm-2.5mm,UND,243576.0
005721,PERFIL HR Z160x 60mm-3.0mm,UND,292128.0
005728,PERFIL HR Z220x 80mm-1.5mm,UND,195024.0
005726,PERFIL HR Z220x 80mm-3.0mm,UND,390048.0
005734,PERFIL HR Z305x 80mm-1.5mm,UND,239088.0
005733,PERFIL HR Z305x 80mm-2.0mm,UND,319056.0
005727,PERFIL HR Z220x 80mm-2.5mm,UND,325176.0
005731,PERFIL HR Z305x 80mm-3.0mm,UND,478584.0
003896,MALLA CON VENA 53X200 C24,UND,6901.0
3895,"""MALLA GALLINERO1.1/4",RLL,117900.0
000764,PEGACOR BLANCO,KLS,2697.0
003333,CEMENTO BLANCO,BTO,42600.0
003515,CER.PLANO 20.1-25.0X40.1-,M2,25190.0
003900,CENEFA -LISTELLO 25 CM,ML,13559.0
4815,CERAMICA TRAF.3-4 30 x30CM,M2,25050.0
4817,CERAMICA TRAF.3-4 33 x33CM,M2,31529.0
4819,CERAMICA TRAF.440 x40CM,M2,35272.0
5703,CERAMICA 41.7x41.7 TRAF.4,M2,30751.0
003518,CERAMICA 20-30CMX50-60CM,M2,36660.0
5014,EMBOQUILLADOR LATEX,KLS,6000.0
6109,CRUCETA PLASTICA 1MM-ENCHA,CAJ,11900.0
MQ0335,CORTADORA CERAMICA,DIA,21000.0
003514,CERAMICA20 X 25 CM,M2,18697.0
002103,PIRAGUA ALUM. ANOLOK CAFE,UND,7600.0
003521,CERAMICA 20 X 30 CM,M2,22615.0
003512,CERAMICA25 X 25 CM,M2,24500.0
003513,CERAMICA25 X 35,M2,23500.0
003522,CER.PLANA BLANCA 20 x20,M2,17897.0
005488,ENCHAPE CERAMICA 20.5,M2,25862.0
002058,PORCELANATO 50.0- 60CM,M2,36900.0
002069,PEGANTE PORCELANATO B.ABSO,KLS,1735.0
005014,EMBOQUILLADOR LATEX,KLS,6000.0
003532,FACHALETA ROJA,M2,25900.0
003533,FACHALETA LADRILLO LIMPIO,M2,26880.0
000033,ACIDO MURIATICO,GLN,18184.0
001796,MARMOLINA BLANCA,BTO,13345.0
003527,GRANITO BLANCO #3,BTO,5423.0
003895,"""MALLA GALLINERO1.1/4",RLL,117900.0
004601,CERA PARA PISOS,GLN,44900.0
003530,PIRLAN BRONCE,ML,17471.0
001339,GRANO MARMOL# 3,BTO,4300.0
003526,GRANITO GRIS#3,BTO,4555.0
005378,DILATAC.PVC,UND,3508.0
5999,MESON GRANITO NATURAL NACI,M2,4255.0
6000,SIKA 10,LTS,20056.0
003918,PREMARMOL,ML,201517.0
003528,MICROFIBRA NYLON CONCRET Y,UND,27390.0
006103,QUARZTONE 12MM-60CM,ML,474741.0
6104,QUARZTONE FALDON 12M 12 15,ML,79124.0
006104,QUARZTONE FALDON 12M 12 15,ML,79124.0
001617,LISTON 1x4x300 OTOBO,UND,26333.0
002553,TABLA 1x08x300 OTOBO [1C],UND,8192.0
003894,MARMOLINA,BTO,8609.0
004816,CERAMICA 60-70CMX60-70CM R,M2,37191.0
000685,CEMENTO BLANCO,KLS,1070.0
005700,CERAMICA 30.6x30.6 TRAF.4,M2,22561.0
004814,PEGANTE CERAMICA,KLS,1476.0
004822,CERAMICA TRAF. 4 20 X 20,M2,20600.0
005701,CERAMICA 33.8-34TRAF.3,M2,24405.0
005702,CERAMICA 33.8-34TRAF.4,M2,24948.0
005704,CERAMICA 41.7X41.7,M2,23646.0
005699,CERAMICA 30.6X30.6 TRAF. 3,M2,19524.0
002191,PORCELANATO 80 X 80 CM,M2,35210.0
004824,ADOQ.GREES PEATO.11x20x2.5,M2,28862.0
004825,ADOQ.GREES VEHIC.11x20x5.0,M2,45118.0
002581,TABLETA ALFA EGIPCIA 10x10,M2,17577.0
001863,COLOR MINERAL,KLS,4200.0
004827,TABLETA CORRIENTE10x20,M2,13659.0
004831,TABLON GRESS LISO20x20,M2,19369.0
004829,ZOCALO GRESS ANDINO 20X10,M2,12315.0
004830,TABLON CORRIENTE 25X25,M2,16159.0
004832,TABLETA CORRIENTE20x20,M2,14140.0
002592,TABLON RUSTICO33x33,M2,20040.0
004833,TABLON ROJA ABRASIVO 15X15,M2,22951.0
004852,TABLON GRESS 30X30ALFA,M2,25638.0
219,ARENA MEDIANA,M3,60000.0
3272,ACRONAL,GLN,31736.0
3894,MARMOLINA,BTO,8609.0
001603,PELDANO GRESS 20X20 ESCALG,ML,12027.0
000096,ADOQ.GRESS VEHIC.10x20X8.0,UND,2016.0
004834,ADOQ.CONCR.VEHIC.CRUZ,UND,1512.0
000246,BALDOSA CEMENTO25-30CM,M2,52900.0
001578,LIJA 320AGUA,PLI,1400.0
001639,ACIDO OXALICO,GLN,6434.0
003277,BALDOSA GRANO MARMOL 30-33,M2,41690.0
006170,ESPONJA ACERO BRILLO PISO,UND,3687.0
006171,CRISTAL BASE SELLADOR,GLN,68471.0
006172,TACHE CAUCHO DIAMANTADO,JGO,17381.0
MQ0126,PULIDORA PISO 2 EJES,DIA,18000.0
000027,BALDOSA GRANO 30-35CM ALFA,M2,51073.0
004843,GRANITO#3,BTO,4815.0
004847,DILATAC.BRONCE PC09 O PC18,ML,8482.0
MQ0130,PULIDORA MANUAL (SOLA),DIA,19040.0
004846,GRAVILLA RIO LAVADA,BTO,11900.0
004839,ADOQ.CONCR.PEATO.HEXAGONAL,UND,1512.0
004838,ADOQ.CONCR.VEHIC.RECTANGUL,M2,38289.0
004840,BALDOSA GRANITO40 x 40,M2,52171.0
004842,BALDOSA GRANITO33 x 33,M2,66589.0
000092,ADOQ.CONCR.PEATO.GUITARRA,M2,45000.0
002055,CARBONILLA,M3,27989.0
1796,MARMOLINA BLANCA,BTO,13345.0
001844,ADOQ.CONCR.ECOLOGICO-GRAMA,UND,8200.0
005261,PISO VINILICO 30X30 3.0MM,M2,69900.0
005288,ADHESIVO PISO VINILICO,GL,64900.0
004719,PISO VINILICO 30X30 2.0MM,M2,39138.0
004718,PISO VINILICO 30x30 1.6MM,M2,29592.0
1205,ROLLO VINILO 3MM A 2M L 23,M2,90335.0
2036,PEGANTE A X W,GLN,65900.0
001094,PISO TOPEROL CAUCHO,M2,81000.0
002059,RESINA EPOXICA - COLOR,KLS,36917.0
002065,SIKADUR 506C=30KG,KLS,1645.0
002066,EXTENDER,KLS,262568.0
MQ0144,BRILLADORA,DIA,28000.0
MQ0145,GRANALLADORA - ESCALIFICADORA,DIA,48000.0
MQ0225,ALLANADORA MECANICA 5HP,DIA,61000.0
001453,ENDURECEDOR SUPERF. PISOS,KLS,1482.0
001454,ENDURECEDOR SUPERF PISOS N,KLS,1482.0
002121,LISTON 2x3x300 AMARIL,UND,18000.0
002296,PUNTILLA 3.1/2CC,LBS,3400.0
000897,PEGANTE COLBON MADERA,GLN,69900.0
001687,MACHIMBRE L.CHANUL,M2,22951.0
002040,PEGANTE BOXER,GLN,142745.0
002306,PUNTILLA 1SC,LBS,3900.0
000080,SELLADOR PROTECCION MADERA,GLN,55900.0
001491,LAM.TRIPLEX18 MM.,UND,132990.0
001189,TABLA 1x10x280 CHANUL,UND,29108.0
002305,PUNTILLA 1.1/2SC,LBS,3900.0
001651,LISTON 4x2x300 GUAYMA,M2,50380.0
002116,TABLA 1x10x280 MACHARE[1C],UND,43364.0
001184,ESMALTE DOMESTICO,LTS,990.0
001375,GESCOBA CEMENTO10 CM,ML,4479.0
002064,MORTERO LISTO RESANE5,KLS,1930.0
001371,GESCOBA GRANITO 10CMX30-33,ML,10256.0
002308,PUNTILLA 2SC,LBS,3400.0
001380,GESCOBA GRANITO7CMX30-3,ML,11500.0
002035,ALFALISTO,KLS,3160.0
002056,ALFACRIL,LTS,2392.0
000380,TABLON GRESS LISO20X10,M2,23900.0
000009,GESCOBA VINISOL6.8CM,ML,4396.0
000010,GESCOBA VINISOL10 CM,ML,9663.0
001199,LIJA 40MADE,PLI,1200.0
002036,PEGANTE A X W,GLN,65900.0
002233,LACA MADERA MATE7402,GLN,57900.0
004849,GESCOBA CEDRO8 CM,ML,7560.0
005706,GESCOBA GRESS H=10CM,ML,6494.0
005705,GESCOBA GRESS H= 7CM,ML,5374.0
000036,BARNIZ SINTETICO BRILLANTE,GLN,72300.0
001374,GESCOBA CEDRO BLANCO 8 CM,UND,11900.0
001575,LIJA 220MADE,PLI,1500.0
003342,TAPAPOROS INCOLORO,GLN,91172.0
001190,"""ANGULO 1,1/2"""" x 1/ 4""",UND,57100.0
003062,"""ELASTOMERO 4""""""",UND,10362.0
003555,ANGULO 1x 1/ 8,UND,20153.0
1031,SEPAROL DESFORMALETEANTE,KLS,20950.0
1453,ENDURECEDOR SUPERF. PISOS,KLS,1482.0
2002,ARENA CUARZO 0.40-0.50MM,KLS,1210.0
3561,DESMOLDATOCUNX16 KG.,KLS,10325.0
5996,RODILLO FELPA,UND,9810.0
6174,SELLADOR ACRILICO SEMILUST,LTS,47914.0
6176,SELLO JUNTA POLIETILENO 6M,ML,1090.0
MQ0510,FORMALETA ESTAMPADO PISO JUEGO (3-4 ),DIA,25000.0
000021,TAPON MADERA CEDRO P/TORN.,UND,185.0
000306,"""BISAGRA 3x1.1/4""""COBRI",PAR,7651.0
000735,CHAZO PLASTICO ESTRIADO,UND,167.0
002889,TORN P/MAD 2x 8,UND,281.0
003873,MAD.CEDRO CAQUETA,PG2,7313.0
001788,"LISTON 1,1/4x2x300 AMARIL",UND,9500.0
001789,"LISTON .1/2x1,1/2 CEDRO",UND,7101.0
000323,BISAGRA VAIVEN # 30,UND,90900.0
003540,NEOLITE E=2.5MM LISO,UND,36242.0
003209,VIDRIO TRANSP.6 MM.,M2,36000.0
002118,"""CUARTON 2""""x6""""x280 MACHA",UND,45000.0
001498,LAM.TRIPLEX9 MM.,UND,75000.0
004615,HOJ.TIPO FORTEC RES. (.71),UND,75604.0
004616,HOJ.TIPO FORTEC RES. (.91),UND,132409.0
004617,HOJ.TIPO FORTEC RES. (.51),UND,96951.0
002261,PTA.MADERA 55- 75X200-4MM,UND,129504.0
004619,PTA.MADERA 80- 95X200-4MM,UND,153050.0
004618,PTA.MADERA 60- 75X200-4MM,UND,141277.0
311,BISAGRA ALUMINIO 4,UND,7000.0
6229,LAMINA RH 35MM 244X183 ME,UND,199900.0
6230,CINTA TAPA CANTO 50MM X 30,ML,2000.0
6232,MANIJA ACERO INOXIDABLE,UND,17900.0
6233,VIDRIO CONTRA FUEGO 5MM,M2,35000.0
6234,PERFIL ALUM ALAMO BASE 3M,UND,23293.0
6235,PERFIL ALUM PISAVIDRIO 3M,UND,26916.0
897,PEGANTE COLBON MADERA,GLN,69900.0
5152,RIEL NAVE COLGANTE *6.0M,UND,56214.0
6231,LAMINA AI 304L 1-2M X 2-44,UND,167900.0
174,BISAGRA VAIVEN PISO,UND,41652.0
001685,PASADOR FIJADOR CROMADO 2-,UND,6165.0
002304,PUNTILLA.3/4SC,LBS,3900.0
003150,LAMINA RH 188MM 244X183 ME,UND,225000.0
003151,LAMINA RH 15MM 244X183 MEL,UND,203900.0
003153,CANTO RIGIDO PVC 22MM,ML,4009.0
003154,BISAGRA PARCHE 35MM,UND,5900.0
003156,TIRADERA TUBULAR 22CM A IN,UND,3200.0
003861,RIEL METALICO (ALUMINIO),ML,34900.0
003863,BALINERA COMPLETA,UND,820.0
003865,BISAGRA GABINETE CROMADA,UND,8900.0
MOCO02,MANO OBRA CARP.MADERA CEPILLADO-CANTEADO,HC,44823.0
001653,LISTON 4x2x300 CHANUL,UND,34900.0
003862,LIJA 100,UND,2400.0
001494,LAM.TRIPLEX20 MM.,UND,173326.0
003921,LAM.ACRILICO LISA 3MM,M2,83288.0
003228,"""VIGA CHANUL 3X6"""" X4M""",UND,84000.0
003728,"""VIGA CHANUL 2x5"""" X3M""",UND,36000.0
003871,MAD.AMARILLO O NOGAL,PG2,3318.0
002114,"""CUARTON 2""""x6""""x320 PINO",UND,36167.0
002115,LISTON 1x2x320 PINO,UND,6650.0
002120,LISTON 2x2x280 MACHARE,UND,10000.0
6147,RIEL GUIA EXTENSION 45MM-4,PAR,59900.0
001502,LAM.COLD ROLLEDC.20,UND,76900.0
003929,MASILLA NITRO METAL RESANE,GLN,107600.0
003215,VIDRIO TRANSP.4 MM,M2,28000.0
003963,CIERRE 1/2 LUNA,UND,5900.0
003967,RODAMIENTO NYLON VC-50-20,UND,4789.0
003964,BRAZO BASCULANTE VENTANA,UND,7573.0
003965,GUIA BASCULANTE,UND,6072.0
004609,"""VAR.REDONDA 1/2"""" 12MMX6M",VAR,21400.0
000308,"""BISAGRA 3x3""""COBRI",PAR,9500.0
003966,MANIJA BATIENTE,UND,5308.0
003248,WASH PRIMER,LTS,23023.0
004605,"""TUBO GALV. 2""""2.5",UND,162634.0
005087,"""TUBO GALV. 1""""""",UND,18532.0
004603,VAR.CUADR.DE 1/2-12MMX6M,KLS,2976.0
005086,"""TUBO GALV. 1,1/2""""2.5",UND,129012.0
003923,LAM.COLD ROLLEDC.20,UND,54087.0
003968,CARRILERA RODAMIENTO,ML,10794.0
005089,"""SOPORTE CODO 1.1/2"""" O 1""",UND,5951.0
005090,PLATINA3/16x3x6M,UND,62477.0
005091,PLATINA3/16x4x6M,UND,77623.0
005092,"""SOPORTE CODO 2""""""",UND,7934.0
003574,LAM.GALVANIZADAC.20,UND,95634.0
005386,ANTICORROSIVO WASH-PRIMER,GLN,117922.0
003958,"""FALLEVA SOBREPONER 6""""""",UND,9016.0
005093,PLATINA1/ 4x3x6M,UND,75365.0
005698,"TUBO GALV. 2,1/22.3MM",UND,207026.0
003960,"""FALLEVA SOBREPONER 8""""""",UND,19700.0
000723,CE.SAFE CLOSET3145,UND,28900.0
004602,MANIJA DECORADA,UND,6905.0
003932,TORN PERNO.3/8x10,UND,60.0
000297,"""BISAGRA REDONDA.3/4""""""",UND,5900.0
001741,MANIJA ALUM.VENTANA,UND,4959.0
003928,ANGULO 1x 1/ 8,UND,22070.0
004628,TORN PAMPH.1/2x 8,UND,229.0
004697,TORN AVELLA 2x 8,UND,139.0
005161,MECANISMO CELOSIA UND/PAR,UND,12012.0
005162,VIDRIO 4MM .10M*1M TIRA,UND,2919.0
004639,TORN PAMPH 2x 8,UND,84.0
004654,GUIA PLASTICA VC-50-20,UND,128.0
004696,REMACHE POT 4 X 4,UND,53.0
1998,PERFIL ALUM.HORIZONT 50-20,UND,50600.0
3690,PERFIL ALUM.JAMBA50-20,UND,48900.0
3693,PERFIL ALUM.TRASLAPE 50-20,UND,54920.0
3852,"""REMACHE POP 4-2 1/4""""X1/8",UND,59.0
4670,PERFIL ALUM.ENGANCHE 50-20,UND,45100.0
5304,PERFIL ALUM.HORIZONT 50-20,UND,34100.0
6155,PERFIL ALUM ADAPTADOR 5020,UND,31900.0
904,PERFIL ALUM.SILLAR50-20,UND,53900.0
906,PERFIL ALUM.CABEZAL 50-20,UND,51700.0
004633,LUCETA ALUM.VIDR.MOD= 7-44,M2,96790.0
000146,PERFIL ALUM.SILLAR7-44,UND,59043.0
000633,PERFIL ALUM.CABEZAL 7-44,UND,61441.0
001457,PERFIL ALUM.HORIZONT 7-44,UND,45954.0
001671,PERFIL ALUM.HORIZONT 7-44,UND,61645.0
003580,PERFIL ALUM.ENGANCHE 7-44,UND,62766.0
003691,PERFIL ALUM.JAMBA7-44,UND,54920.0
003693,PERFIL ALUM.TRASLAPE 50-20,UND,54920.0
003694,PERFIL ALUM.TRASLAPE 7-44,UND,61645.0
004652,EMPAQUE NEOPRENO,ML,1913.0
6157,CERRADURA ALUMINIO JAGUAR,UND,7700.0
004655,MANIJA BASCULANTE,UND,5308.0
005081,LUCETA ALUM/MOD=38-31,ML,118845.0
3993,PISAVIDRIO U 1/2X1/2 ANOLO,UND,10000.0
4652,EMPAQUE NEOPRENO,ML,1913.0
004634,ALACENA ALUMINIO-ACRILICO,M2,69679.0
004635,PERFIL U 3x1.1/2x6 SP,UND,114323.0
004656,"""UNION 8CMX1/8""""""",UND,3900.0
004699,TORN GOLOSO 2.1/2x 8,UND,179.0
006155,PERFIL ALUM ADAPTADOR 5020,UND,31900.0
1677,RODAMIENTO NYLON PC-744,UND,4400.0
005083,VENTANA ALUMINIO MOD=38-31,M2,104400.0
004638,VENTANA ALUMINIO MOD=7-44,M2,125387.0
1457,PERFIL ALUM.HORIZONT 7-44,UND,45954.0
1671,PERFIL ALUM.HORIZONT 7-44,UND,61645.0
3580,PERFIL ALUM.ENGANCHE 7-44,UND,62766.0
3691,PERFIL ALUM.JAMBA7-44,UND,54920.0
3694,PERFIL ALUM.TRASLAPE 7-44,UND,61645.0
004637,VENTANA ALUMINIO MOD=50-20,M2,95044.0
005522,VIDR.LAM BRONCE C 4MM+4MM,M2,174900.0
002325,VENTANA AL.CORR.1400X1600C,UND,265054.0
002326,VENTANA AL.CORR.1600X1200C,UND,275660.0
6156,PERFIL ALUM ADAPTADOR 744,UND,29700.0
4696,REMACHE POT 4 X 4,UND,53.0
1674,GUIA PLASTICA VC-744,UND,54.0
000759,PERFIL ALUM.BARRA TOALLERO,UND,22417.0
004701,LAM.ACRILICA 75% ACRILICO,UND,87628.0
004702,TORN AVELLA .1/2x 8,UND,69.0
004703,"""UNION 1CM*4CM*1/8"""" ALUMI",UND,3076.0
004705,MANIJA ALUM.MEDIANA,UND,6114.0
005074,RODACHIN/DIV/BANO COLGANTE,UND,4076.0
005078,SOPORTE ALUMINIO TOALLERO,UND,2976.0
005082,DIVISION BANOMOD=42-15,M2,92684.0
002186,PERF ALUM F06 ENCHAPE 8X6M,UND,58972.0
005063,"""PERFIL A/T/L 3""""x1.1/2x6",UND,122199.0
005065,"""TENS/VAR 3/8"""" C.R TUERC.",UND,78169.0
005067,PERFIL U .1/2x .1/2x6,UND,21907.0
005152,RIEL NAVE COLGANTE *6.0M,UND,56214.0
005163,PERFIL GUIA INFERIOR *6.0M,UND,52841.0
005075,RODACHIN ALACENA ALUM/ACRI,UND,3650.0
004645,"""TUBUL.ALUM.1.1/2""""X1.1/2""",UND,68370.0
004712,"""UNION 4CM*4CM*1/8""""""",UND,2293.0
004700,"""PERF.""""U"""" 1.1/2""""*3/4""""",UND,44833.0
005064,"""PERFIL A/T/L 3""""x1""""x6",UND,106478.0
005066,VIDRIO CLARO 5MM,M2,32500.0
5164,MANIJA ALUM.OREJA BURRO,UND,11500.0
004640,PERSIANA ALUMINIO 7CMX6M,UND,42082.0
005080,PERFIL U 1.1/2x1x6,UND,46669.0
5065,"""TENS/VAR 3/8"""" C.R TUERC.",UND,78169.0
004643,TORN PAMPH 3x 8,UND,185.0
005069,"""PERFIL TUB ALUM 3"""" x1.1/",UND,104236.0
004636,PERFIL U 3x1.1/2x6 CP,UND,104669.0
004641,"""BISAGRA 3x2.1/2""""ALUMI",UND,4247.0
004642,TORN AVELLA .3/4x10,UND,100.0
005068,"""PERFIL TUB ALUM 3"""" x1.1/",UND,132825.0
4641,"""BISAGRA 3x2.1/2""""ALUMI",UND,4247.0
4656,"""UNION 8CMX1/8""""""",UND,3900.0
004648,TUBO ALUMINIO1.1/2x6M,UND,99337.0
004657,"""ESCUDO ANCLAJE ALUM. 1/2""",UND,16859.0
004692,"""PERF.OVALO 3""""*1""""*6M AL",UND,95084.0
004693,"""TAPA OVALO3""""x1""""",UND,2777.0
004694,PLATINA 1.1/ 2x8x 1/ 8,UND,1587.0
005070,TUBULAR ALUMINIO T-579,UND,128894.0
005071,"""SOPORTE PLATINA 4""""*4""""*1",UND,135645.0
004623,ALFAJIA ALUM.160 MM,UND,114018.0
424,ALFAJIA 220MM L 22CM 0449,UND,125000.0
000942,PLACOTEX [PEGANTE IMP.],GL,49900.0
002869,TORN GOLOSO 3x10,UND,383.0
004631,PERF/JUNTA ALUMINIO*6.0M,UND,80586.0
3624,LAM.ALUMINIO1.7 MM,M2,46250.0
MQ0156,MAQUINA DOBLADORA LAMINA,LAM,15000.0
346,"""CHAZO PLASTICO .3/16""""""",UND,65.0
3636,ANGULO 1x 3/ 4 ALU,ML,5800.0
4635,PERFIL U 3x1.1/2x6 SP,UND,114323.0
4643,TORN PAMPH 3x 8,UND,185.0
5068,"""PERFIL TUB ALUM 3"""" x1.1/",UND,132825.0
004647,"""TUBUL.ALUM.1""""X2""""",UND,65008.0
005079,PERFIL U 2x1x6,UND,53799.0
000305,"""BISAGRA 3x2.1/2""""COBRI",PAR,9800.0
001717,"TUBO LAM CR C20 ,3/4X ,3/4",UND,13979.0
3558,"ANGULO 2,1/2x 1/ 4",ML,100900.0
3999,HIERR.DE 60000 PSI 420 MPA,KLS,4287.0
955,ANGULO 3x 3/ 8,UND,77136.0
422,BROCHA 2CERDA,UND,6900.0
002016,PLATINA3/16x1x6M,UND,18428.0
002015,"""VARILLA CUADRADA 1/2""""""",UND,32312.0
001707,"""MALLA ESLABONADA 2"""" #1",M2,13462.0
005549,ESMALTE PINTURA DE ALUMINI,GLN,88900.0
001719,"""HIERRO .1/2"""" 60.000 [6",KLS,4000.0
003931,"PLATINA1/ 8x1,1/2x6M",UND,19564.0
003557,VARILLA CUADRADA 12MM,UND,24811.0
001187,"""CADENA GALVANIZADA ,3/16""",ML,9900.0
4628,TORN PAMPH.1/2x 8,UND,229.0
5559,"""BISAGRA TUBULAR 1.1/2""""""",UND,5499.0
3679,SILICONA TRANSPARENT.11 OZ,UND,19900.0
3963,CIERRE 1/2 LUNA,UND,5900.0
3967,RODAMIENTO NYLON VC-50-20,UND,4789.0
4654,GUIA PLASTICA VC-50-20,UND,128.0
4639,TORN PAMPH 2x 8,UND,84.0
4805,TUB A.INOX 1 12,ML,46400.0
5062,SOLDADURA ACERO INOXIDABLE,KLS,25343.0
005085,MESON A.INOX 150X60 POZUEL,UND,89900.0
329,SILICONA TRANSPARENTE 781,UND,29900.0
5061,LAM.ACERO INOX C.18 304,UND,335200.0
1526,MESON A.INOX. 100X52 POZUE,UND,103000.0
1530,MESON A.INOX 120X60 POZUEL,UND,274000.0
001358,TABLA PVC 3X10X100CM,UND,29193.0
001359,TABLA PVC 2.5X10X300 CM,UND,24281.0
6150,TABLA PVC 2.5X15X300 CM,UND,34500.0
6151,TABLON PVC 5.0X15X300CM,UND,68600.0
001360,CUARTON 5.0X10X300 CM,UND,48832.0
001361,RECTANGULAR PVC 7.5X9.0X19,UND,44055.0
001364,POSTE CUADRADO PVC 10X300C,UND,72186.0
001443,POSTE CUADRADO PVC 8.0X210,UND,38216.0
001445,POSTE REDONDO PVC 7.5X290,UND,43524.0
001447,POSTE REDONDO PVC 10X300CM,UND,76432.0
005337,POSTE PVC 1.1/4x295- 3.5CM,UND,12208.0
005339,POSTE CUADRADO PVC 9.0X22,UND,59978.0
005340,POSTE CUADRADO PVC 9.0X300,UND,75901.0
6152,POSTE CUADRADO PVC 12X300C,UND,100000.0
6153,POSTE CUADRADO PVC 15X300C,UND,150000.0
6154,POSTE REDONDO 15X300CM 6,UND,180000.0
000740,PERFIL ALUM.TRASLAPE 4215,UND,10597.0
000756,PERFIL ALUM.JAMBA 343 P421,UND,31383.0
000757,PERFIL ALUM.CABEZAL 346 P4,UND,39229.0
000758,PERFIL ALUM.SILLAR4215,UND,39229.0
000761,LAM.ACRILICO 50% ACRILICO,UND,113064.0
SC0103,SUBCONTRATO CARPINTERIA PANELERIA,GLB,1.0
3649,ESCOB.PLASTICA 1.1/2X1.1/2,UND,74.0
4625,ANGEO FIBRA VIDRIO 1.22 AN,ML,11901.0
4626,PERFIL ALUM 364 3X6 LIV,UND,28021.0
4650,CORDON CAUCHO,ML,934.0
6159,PERFIL ALUM 249 3X6 PESADO,UND,53900.0
6160,PERFIL ALUM CABEZAL 248 AN,UND,69300.0
001224,PERFIL TUB.ALUM 3 x1.1/2,UND,157877.0
003993,PISAVIDRIO U 1/2X1/2 ANOLO,UND,10000.0
1610,PLACA BOARD 10MM,UND,73500.0
001610,PLACA BOARD 10MM,UND,73500.0
000169,TOPE PARA PUERTA,UND,2101.0
000659,"ANGULO 1,1/4x 1/ 8",UND,31867.0
000661,ANGULO 2x 3/16,UND,63791.0
000669,PASADOR CIERRE NAVE PUERTA,UND,8900.0
000673,PIVOTE NAVE PUERTA,UND,11900.0
001503,LAM.COLD ROLLEDC.22,UND,69000.0
001204,LAM.ACERO INOX C.18 304 1X,UND,390000.0
001501,LAM.COLD ROLLED C.18,UND,105800.0
001814,PARAL EXTREMO A.INOX 36-46,UND,745411.0
001806,PARAL LATERAL A.INOX 25-30,UND,493873.0
001810,PARAL EXTREMO A.INOX 10-11,UND,335039.0
001803,DIV.BANO A.INOX. 120-130CM,UND,1259229.0
001809,PTA.DIV.A.INOX 55-60CM,UND,626145.0
001815,PERFIL RECIBIDOR A.INOX 20,UND,101319.0
001805,DIV.ORINAL A.INOX 96X46,UND,395286.0
000566,PLACA BOARD 14MM,UND,108159.0
005806,PLACA BOARD 8MM,UND,59709.0
001576,LIJA 240MADE,PLI,1500.0
002163,PERFIL D PARAL 59 244-C26,UND,6634.0
002170,PERFIL D CANAL 60 244-C26,UND,7069.0
002878,TORN P/LAM 1.1/2x 8,UND,56.0
000558,PERFIL D PARAL 89 244-C26,UND,7577.0
000559,PERFIL D CANAL 90 244-C26,UND,6568.0
002160,PERFIL D PARAL 92 244-C24,UND,12550.0
002561,PERFIL D CANAL 93 244-C24,UND,10675.0
002155,PERFIL D PARAL 63 244-C20,UND,18443.0
002159,PERFIL D CANAL 63 244-C20,UND,18320.0
002156,PERFIL D PARAL 89X32 244-,UND,13311.0
002164,PERFIL D CANAL 90X25 244-,UND,9970.0
002157,PERFIL D PARAL 92 244-C20,UND,19720.0
002165,PERFIL D CANAL 92 244-C20,UND,15729.0
002158,PERFIL D PARAL 140 244-C20,UND,42265.0
002166,PERFIL D CANAL 140 244-C20,UND,33033.0
002213,PERFIL D OMEGA 63 305-C26,UND,6433.0
002215,PERFIL D VIGUE 41 305-C26,UND,5338.0
002217,PERFIL D ANGULO 30 244-C26,UND,3246.0
003600,TIRO ANCLAJE AMARILLO,UND,349.0
000346,"""CHAZO PLASTICO .3/16""""""",UND,65.0
002876,TORN P/LAM 2x 8,UND,63.0
MODM01,MANO OBRA 2 AYUDANTES-1 OFICIAL,HC,27000.0
001225,PATA TORNILLO NIVELADOR,UND,4743.0
003346,ESMALTE SEMIBRILLANTE,GLN,63000.0
002129,CORTINA ENROLLAB.PENTAGRAM,UND,778932.0
1538,BOTON ACERO INOX.NAVE VIDR,UND,8800.0
307,BISAGRA A.INOX VIDRIO 8MM,UND,36945.0
3850,VIDRIO TEMPLADO INCOL. 8M,M2,118000.0
3922,CHAPETA A.INOX VIDRIO 8MM,UND,16500.0
5067,PERFIL U .1/2x .1/2x6,UND,21907.0
309,SISTEMA GLASSVIT A.INOX BA,UND,112200.0
6158,VIDRIO PERFORACION 16MM,UND,5500.0
003774,JUEGO INCRUSTAR,JGO,44900.0
000738,JUEGO INCRUSTAR,JGO,97200.0
000739,JUEGO INCRUSTAR 4 PIEZAS C,JGO,71900.0
000744,JABONERA BLANCA,UND,17900.0
000796,PAPELERA BLANCA,UND,17800.0
003823,TOALL.GANCH.SENC-CERAMICO,UND,16900.0
005560,TOALLERO BARRA CERAMICA,UND,23400.0
005562,TOALLERO GANCHO CROMADO,UND,27900.0
005564,TOALLERO BARRA CROMO,UND,33000.0
005563,PORTARROLLO CROMO SENCI,UND,25900.0
005561,JABONERA ACRILICA,UND,22500.0
6074,KIT ACCES PLASTICO CROMO 6,JGO,60000.0
6075,KIT ACCES METAL CROMO 6P M,JGO,140000.0
003819,TAPA REGISTRO PVC 8X8,UND,10500.0
003818,TAPA REGISTRO PVC 6X6,UND,10900.0
002630,TAPA REGISTRO6X6,UND,20900.0
001428,TAPA REGISTRO6X6 AL-BR,UND,23900.0
001108,FLANCHE PARA TUBO DUCHA,UND,2900.0
002937,TUBO ALUMINIO.3/4x6M,ML,4200.0
003820,PIRLAN PLASTICO-PVC,UND,4200.0
6064,BARRA SEGURIDAD AI-80-90CM,UND,105000.0
6065,BARRA SEGURIDAD AI-105-110,UND,170000.0
6177,BARRA SEGURIDAD PLEGAB AI,UND,350000.0
002449,SIFON LAVAM ACOPLE SENC,UND,15000.0
00329,SILICONA TRANSPARENTE 781,UND,29900.0
003775,LAVAMANOS LINEA ECONOM [CO,UND,57300.0
001516,LAVAM.SOPORTE BRAZOS FREE,UND,161000.0
001517,LAVAM.AQUAJET COLGAR CF HG,UND,330000.0
002462,SIFON LAVAM ACOPLE BOTELLA,UND,31500.0
006110,ORINAL GRANDE SUSPENDIDO I,UND,310000.0
001995,ORINAL MEDIANO PARA FLUXO,UND,190000.0
001988,ORINAL PEQUENO6100,UND,142900.0
003285,MANGUERA FLEXIBLE GRIFLEX,UND,4000.0
003784,SANITARIO LINEA ECONOMICA,JGO,163900.0
006108,BRIDA SANITARIA 4 PVC,UND,39000.0
3915,TAZA ALONGADO INSTITUCIONA,UND,550000.0
001054,TAZA SANITARIA FLUXOMETRO,UND,386000.0
003786,TAZA ALONGADO DISCAPACIDAD,UND,1560000.0
002440,SANITAR TANQ BAJO DUAL LIN,UND,307900.0
003992,MANGUERA ACOPLE REFORZADA,UND,7500.0
000802,SANITARIO LINEA MEDIA ALON,UND,449900.0
001250,FLUXOMETRO PARASANITARIO,UND,256000.0
002675,TAZA SANITARIA FLUXOMETRO,UND,512900.0
001165,LAVAM.COLGAR LINEA MEDIA,UND,77900.0
003057,SANITARIO INFANTIL,UND,396900.0
005743,LAVAM. PEDESTAL LINEA ECON,JGO,93900.0
005744,LAVAMANOS PEDEST LINEA MED,UND,122200.0
001313,LAVAM.SOBREPONER LINEA ECO,UND,129900.0
001819,LAVAM.SOBREP MEZCL L.MEDI,UND,141900.0
003793,GRIFERIA LAVAM 4 PULG LIN,UND,41200.0
000946,GRIF.LAVAMAN MEZC 4 PULG L,UND,47900.0
001353,LAVAM.COLGAR LINEA ALTA,UND,115000.0
003824,GRIF.DUCHA MEZCLAD. 8 PULG,UND,91900.0
003825,GRIF.DUCHA SENCILLA CON RE,UND,42900.0
003856,GRIF.SANITARIA HIDROSTATIC,UND,51900.0
003792,GRIFERIA LAVAM 8 PULG,UND,54900.0
003795,GRIFERIA LAVAP.MEZCL 8 PUL,UND,59900.0
001599,LLAVE JARDINERA CROMO PESA,UND,27900.0
000477,LLAVE AUTOMATICA MESA,UND,110000.0
000602,GRIF.ORINAL PUSH ANTIVANDA,UND,204900.0
003284,GRIF.LAVAMAN SENC. LIN EC,UND,17900.0
001178,GRIFO LAVAM.SENC LINEA MED,UND,26900.0
001343,GRIF.DUCHA SENCILLA,UND,45900.0
000951,GRIF.DUCHA MEZC.,UND,74900.0
001151,GRIF.ORINAL TRADICIONAL,UND,119200.0
001185,GRIF LAVAPLA SENCILL LINEA,UND,38900.0
001341,GRIF.LAVAP.SENC. LINEA MED,UND,51900.0
001186,GRIF.LAVAP.MEZCL.8 LINEA E,UND,43000.0
001600,LLAVE JARDINERA BRONCE LIV,UND,26900.0
000948,GRIF.ORINAL HIDROST.SOBREP,UND,169900.0
003908,GRIFO LAVAM.HIDROST.SOBREP,UND,121200.0
001589,GRIFO LAVAMANOS PUSH PARED,UND,175900.0
6028,REPUESTO KIT PISTON FLUXOM,UND,406000.0
003755,VALVULA FLUXOMETRO,UND,578900.0
6100,GRIFO LAVAMANOS SENSOR CRO,UND,656200.0
6105,GRIFO PANEL FRONTAL ORINAL,UND,640000.0
6106,GRIFO SANITARIO SENSOR INC,UND,640000.0
6017,VALVULA REGULACION 1-2 MET,UND,32500.0
003797,GRIFO SANITARIO PARED PUSH,UND,275000.0
003799,REGILLA CUP.CONCE CC6X4 AL,UND,35900.0
003802,REJILLA 6X4 PULG ALUMINIO,UND,35000.0
005745,REJILLA SOSCO 4X3 ALUMINIO,UND,11900.0
685,CEMENTO BLANCO,KLS,1070.0
002375,"""REGILLA SOSCO 3 X2""""""",UND,8500.0
003805,"""REGILLA SOSCOT-5""""X3""""",UND,15500.0
003806,"""REGILLA SOSCOT-6""""X4""""",UND,26900.0
003812,TRAGANTE TCI 4 ALUMINIO,UND,260000.0
5994,SIKAGROUT 200,KLS,2350.0
002047,CANASTILLA-SIFON-ACOPLE,UND,31500.0
002053,KIT SIFON LAVAPLATOS PVC,UND,38300.0
002384,TRAGANTE TCI 3 ALUMINIO,UND,191000.0
2462,SIFON LAVAM ACOPLE BOTELLA,UND,31500.0
003817,LAVAPLATOS A.INOX.DOBLE,UND,181900.0
003329,GRANO MARMOL NEGRO # 2,BTO,2800.0
003803,REGILLA SIFONS-3X2 AL,UND,7200.0
003313,LAVADERO GRANITO,UND,108900.0
002028,MUEBLE-TAPA SANITARIO PVC,UND,55500.0
002045,LAVAPLATOS A.INOX.SENCI,UND,110300.0
005084,LAVAPLATOS A.INOX.SENCI,UND,77000.0
003914,LAVADERO PREF.CONCRETO 100,UND,128900.0
001523,LAVADERO PREF.GRANITO,UND,125900.0
1473,LADR LIMPIO,UND,52.0
210,ARENA FINA,M3,60000.0
2465,SIFON SANI PVC 2-REGISTRO,UND,7000.0
6096,LAVATRAPERO 40X40 CON PATA,UND,85000.0
687,CEMENTO GRIS PORTLAND,BTO,26500.0
6027,LAVATRAPERO 40X40 PREFABRI,UND,60000.0
001542,LAVAPLATOS SOB 40X40 AI DR,UND,486000.0
2053,KIT SIFON LAVAPLATOS PVC,UND,38300.0
6063,CALENTADOR SOLAR 125 LTS P,UND,5940000.0
6062,CALENTADOR SOLAR 200 LTS P,UND,8000000.0
6107,SECADOR MANOS TORNADO 1500,UND,950000.0
6111,DISPENSADOR PAPEL HIGIENIC,UND,135000.0
006112,EXTRACTOR OLORES 100CFM,UND,200000.0
6115,DISPENSADOR JABON 1.2 LTS,UND,126000.0
006178,DISP PAPEL HIG EMPOTRAR AI,UND,428400.0
006179,DISP PAPEL TOALLA AUTOM,ARR,703290.0
006180,DISP JABON PARED 0.6 LT SE,UND,496230.0
006181,DISP JABON MESON 1.0 LT PU,UND,260610.0
006182,CANECA RESIDUO 4.6LT SOBRE,UND,459340.0
006183,CANECA RESIDUO 40 LT CONIC,UND,678300.0
1150,REGADERA REDONDA 25-30CM,UND,93000.0
1152,REGADERA REDONDA 25 CROM,UND,257500.0
003768,SILICONA FRIA EN TUBO,UND,11120.0
003837,VIDRIO BRONCE ANTISOL 4MM,M2,35000.0
003269,VIDRIO ESMERILADO4MM,M2,45000.0
003832,VIDRIO ESMERILADO5MM,M2,48000.0
003279,VIDRIO ESMERILADO6MM,M2,60070.0
005528,VIDR.LAM INCOLORO 3MM+3MM,M2,127300.0
005525,VIDR.LAM INCOLORO 4MM+4MM,M2,120000.0
003831,VIDRIO MARTILLADO4M,M2,32000.0
003838,VIDRIO PLOMADO BLIND. 24M,M2,310000.0
003213,VIDRIO TEMPLADO BRONCE 6M,M2,172000.0
003212,VIDRIO TEMPLADO BRONCE 10M,M2,286750.0
003218,VIDRIO TEMPLADO BRONCE 4M,M2,132000.0
003836,VIDRIO TEMPLADO BRONCE 5M,M2,136000.0
003169,VIDRIO TEMPLADO BRONCE 8M,M2,267511.0
003851,VIDRIO TEMPLADO INCOL.10MM,M2,130700.0
003842,VIDRIO TEMPLADO INCOL. 4M,M2,66000.0
003849,VIDRIO TEMPLADO INCOL. 5M,M2,71000.0
003185,VIDRIO TEMPLADO INCOL. 6M,M2,95000.0
003850,VIDRIO TEMPLADO INCOL. 8M,M2,118000.0
003216,VIDRIO TRANSP.5 MM,M2,34000.0
005527,VIDR.LAM INCOLORO 4MM+3MM,M2,127300.0
003840,BLOQUE VIDRIO 190X190X80 M,UND,6500.0
005531,BLOQUE VIDRIO 20X20X8M TRA,UND,5500.0
001191,ESPEJO 3 MM,M2,38312.0
003203,ESPEJO 4 MM,M2,61000.0
003998,CINTA DOBLE FAZ,ROL,11000.0
6148,PELICULA CONTROL SOLAR POL,UND,90000.0
310,"""BISAGRA 3x2""""ALUMI",UND,1800.0
879,TORN P/LAM AUT.1/2-14X3/4,UND,510.0
003934,CE.SAFE1142,UND,37739.0
003961,CANTONERA ELECTRICA,UND,139990.0
003936,CE.YALE ENTRADA5305,UND,74302.0
003938,CE.YALE EMBUTIR PICOLORO,UND,50361.0
003939,CE.SAFE PICOLORO,UND,38905.0
003940,CE.YALE 1/4 VUELTA,UND,71699.0
003941,CE.YALE ENTR-APTO5316,UND,10573.0
003943,CE.YALE 3 VUELTAS,UND,90408.0
003954,CE.ADAM - RYTE,UND,90321.0
000165,CERRADURA ENTR-APTO ALUM-P,UND,44156.0
000166,CERRADURA ENTRADA-PPAL,UND,47061.0
000186,CERRADURA ENTR-APTO MADER-,UND,38900.0
000167,CERROJO SEGURIDAD CROMO -D,UND,54528.0
000170,CERRAD. ENTR-PPAL CROMO DO,UND,67616.0
000171,CERRADURA ENTRADA-PPAL,UND,67616.0
000172,CE.SCHLAGE ENTRADA-PPAL,UND,59200.0
000173,CE.SCHLAGE ENTRADA-PPAL,UND,57550.0
003944,CE.SAFE PASO1153,UND,27798.0
000207,CE.SCHLAGE PASOA10S,UND,24342.0
000208,CE.SCHLAGE PASOA10S,UND,25065.0
003946,CE.SAFE ALCOBA1141,UND,25900.0
003948,CE.YALE ALC/OFIC5304,UND,60363.0
000163,CERRADURA ALCOBAALUMIN,UND,29500.0
000183,CERRADURA ALCOBA - MADER-P,UND,29300.0
000164,CERRADURA CLOSETALUMIN,UND,21875.0
000185,CERRADURA CLOSETMADER-,UND,23996.0
003950,CE.SAFE BANO1152,UND,9900.0
000733,CE.YALE BA,UND,59990.0
003126,CERRADURA BAÑO ALUMINIO,UND,25532.0
000177,CERRADURA BAÑO CROMADA,UND,27600.0
003937,CE.SAFE OFICINA1140,UND,27479.0
003952,CE.YALE OFIC.5304,UND,98600.0
000162,CERRADURA ENTR-OFIC ALUMIN,UND,38323.0
000182,CERRADURA ENTR-OFIC MADER-,UND,35161.0
003953,BISAGRA PIANO COBRIZADA,UND,8300.0
003955,BISAGRA VAIVEN PISO,UND,46412.0
003956,BISAGRA RODAMIENTO,UND,46953.0
003962,PIVOTE AEREO,UND,11703.0
004698,MANIJA ALUM.OREJA BURRO,UND,14281.0
000174,BISAGRA VAIVEN PISO,UND,41652.0
000206,BISAGRA VAIVEN PISO,UND,42900.0
1685,PASADOR FIJADOR CROMADO 2-,UND,6165.0
1448,GATO HIDRAULICO -80KG,UND,151415.0
1477,CHAPA SEGURIDAD NAVE-CAJON,UND,6000.0
545,CHAPA ANTIPANICO BARRA H-V,UND,700000.0
570,CHAPA ANTIPANICO SENCILLA,UND,315000.0
6162,ELECTROIMAN 600 LB,UND,145000.0
004709,BAL/2PUEST/TUB/GALV. 2.5Y2,UND,995100.0
005168,BAL/4PUEST/TUB/GALV. 2.5Y2,UND,1570118.0
005169,BAL/6PUEST/TUB/GALV. 2.5Y2,UND,2209336.0
005786,BARRAS CON ARGOLLAS,UND,986754.0
005170,BARR/GIMNA/T/GAL 2.5Y1.1/4,UND,546128.0
005171,BARR/PARAL/T/GAL 2.5Y1.1/4,UND,515098.0
005172,"""BAL/GIR/TUB/GALV3""""INC.RO",UND,645424.0
005173,"""CIL/GIR/TUB/GALV 2"""" LAM.",UND,1023990.0
005174,J.COLUMP.2 PUESTOS-GALV.,UND,1088000.0
005175,J.COLUMP.3 PUESTOS-GALV.,UND,1459651.0
005787,J.DESLIZADOR DOS PUESTOS,UND,2085216.0
005178,"""DESLIZADERO TG.1.5""""-1""""C",UND,1427380.0
005179,J.ESCALADOR-PASAMANOS-BURR,UND,879540.0
005180,"""SEMC/P/TUB/GALV.1.5""""BARR",UND,930900.0
005181,J.TREPA MUL/2COL/1DES/1TUB,UND,2631344.0
005788,TROMPO OCTAGONAL SIST.GIRA,UND,3200000.0
005184,J.ARENERO MED/MADER.3x3MTS,UND,481500.0
005186,J.BURRO BALANCIN L=3.5MTS,UND,438000.0
005187,J.COLUMP.L=4.7 H=2.5 A=2M,UND,1284000.0
005188,J.DESLIZADERO+ESCALERA,UND,1310000.0
005192,CASTILLO PEQUENO,UND,3370500.0
005196,ESTACION BOMBA,UND,4333500.0
005198,J.PASAMANOS L=3 H=2.2 A=3,UND,1500000.0
005199,PASAMANOS L=3.0MTS,UND,900000.0
005758,J.COLUMP.L=1.7 H=2.5 A=2M,UND,727600.0
005759,J.COLUMP.L=3.4 H=2.5 A=2M,UND,1200000.0
002054,J.ACROBATICO L=4.0 A=3.0M,UND,737273.0
005203,"""PORTERIA F/TRAD.7.32M 4""""",JGO,4158020.0
005204,"""PORTERIA F/TRAD.6.0 M 4""""",JGO,3537420.0
005206,"""PORTERIA F/CAB. 7.32M 4""""",JGO,5289600.0
005207,"""PORTERIA F/CAB. 6.0 M 4""""",JGO,3758748.0
005210,"""PORTERIA MF/PORT. 3""""""",JGO,1365320.0
005209,"""PORTERIA MF/PORTAT.2""""""",JGO,1570118.0
005211,PORTERIA MULT/MF/BALONC,JGO,3953222.0
005212,PORTERIA MULT/MF/BALONC,JGO,4840680.0
005215,PORTERIA MULT/RODACHIN,JGO,4642088.0
005216,PORTERIA MULT/RODACHIN,JGO,5548164.0
005217,PORTERIA MULT/TORR/GIR.,JGO,5864670.0
005218,PORTERIA MULT/TORR/GIR.,JGO,6716400.0
005219,PORTERIA MULT/TORR/GIR.,JGO,6438000.0
005220,PORTERIA MULT/TORR/GIR.,JGO,7650200.0
005221,"""SOP/F/BALC.4""""/TO/G.2/TA/",JGO,6292884.0
005222,"""SOP/FI/BAL.4""""/TO/GI.2/T.",JGO,4182844.0
005223,"""SOP/FI/BALONC.4""""""",JGO,4362818.0
005224,"""SOP/FI/BALONC.4""""""",JGO,3270562.0
005225,"""SOP/FI/MIN.BAL3""""""",JGO,3078176.0
005226,"""SOP/FI/MIN.BAL3""""""",JGO,2345868.0
005227,SOPORTE VOLEIBOL TIP.1,JGO,893664.0
005228,SOPORTE RODACH/BALC/GALV,JGO,4300758.0
005229,SOPORTE RODACH/BALC/GALV,JGO,5162000.0
005230,SOP/RODACH/BALC/GALV,JGO,5486800.0
005231,SOPORTE RODACH/BALC/GALV,JGO,7354400.0
005281,GRAD/DESARM/PARA 18 PERSON,UND,1172934.0
005308,GRAD/DESARM/PARA 30 PERSON,UND,1886624.0
003888,BANCA CONCR.PREFABRICADA,UND,219350.0
001164,BANCA CONCR.COMPLETA,UND,133579.0
001999,BANCA CONCR.COLONIAL,UND,155150.0
002043,BANCA CONCR.PREFABRICADA,UND,132509.0
005899,BANCA CONCR.PREFABRICADA,UND,267500.0
002009,TORN GALVAN .5/8x 6,UND,2500.0
002203,POSTE PVC 1.1/2X3M,UND,28700.0
002205,POSTE PVC 2X3M,UND,21000.0
002206,LISTON PVC 2X .1/4X3M,UND,21000.0
002207,LISTON PVC 2 X1.1/4X3M,UND,18800.0
002208,POSTE PVC 5X5X3200,UND,135000.0
002209,TUNEL FIBRA VIDRIO L=1.20M,UND,290000.0
002210,TOBOGAN FIBRA VIDRIO L=180,UND,250000.0
002211,POSTE PVC 3X300- 9.0CM,UND,48000.0
002212,"""LAZO POLIPROPILENO 3/4""""""",ML,2800.0
002228,"""CABLE ACERO 3/ 4""""""",ML,13920.0
005975,ARGOLLAS-BARRA 5/8-15CM,JGO,100000.0
MOCP01,MANO OBRA CARP.POLIVIN. 1 AYUDANTE-1 OFI,HC,35249.0
SC0101,SUBCONTRATO CARPINTERIA POLIVINILICO,GLB,1.0
000932,MESA PING PONG 274X153X76C,UND,667000.0
000933,MALLA F.VIDRIO PING PONG,UND,11600.0
000934,CAJA BOLAS PING PONG 40MM,UND,13920.0
000935,RAQUETAS BUTERFLY ADOY F1,JGO,74240.0
000030,RELLENO FINO EXTERIOR,KLS,1750.0
000035,RELLENO GRUESO EXTERIOR,KLS,1600.0
000034,ESTUCO ACRILICO EXTERIOR,GLN,78000.0
000037,ESTUCO PLASTICO POLVO,KLS,1280.0
001461,ESTUCO LISTO POLVO,KLS,1110.0
000601,RELLENO FINO INTERIOR,KLS,1040.0
000622,RELLENO GRUESO INTERIOR,KLS,970.0
000679,CAL - OXIDO DE CALCIO,KLS,405.0
003262,YESO BLANCO ESTUCADOR,BTO,21300.0
147,ALUMOLX 3K,GLN,446940.0
958,EPOXI POLIAMIDA - B CATALI,GLN,182100.0
960,EPOXI POLIAMIDA - A,GLN,118900.0
MQ0146,COMPRESOR AIRE + PISTOLA,DIA,27000.0
002061,ESMALTE URETANO ACRILICO,GLN,186900.0
421,BROCHA CERDA NATURAL 2-1-2,UND,8100.0
6016,ALTA TEMPERATURA INDUSTRIA,GLN,163000.0
691,CEPILLO ALAMBRE RECTANGULA,UND,6000.0
006101,POLIURETANO LIQUIDO A,GLN,105000.0
006102,POLIURETANO ILQUILDOL B,GLN,105000.0
003350,VINILO TIPO 1,GLN,53000.0
5997,VINILO TIPO 3,GLN,20900.0
1577,LIJA 230AGUA,PLI,1400.0
000695,CEPILLO ACERO-MADERA,UND,2560.0
002004,ESCOBA CERDA PLASTICA,UND,3600.0
02787,DISOLVENTE,GLN,45000.0
000769,CINTA ENMASCARAR,ROL,4900.0
000147,ALUMOLX 3K,GLN,446940.0
003344,SAL GRANO,KLS,5000.0
002484,REPELENTE DE AGUA IMPERM,KLS,21243.0
000280,PINTURA ACRILICA,GLN,113000.0
280,PINTURA ACRILICA,GLN,113000.0
005431,KORAZA PLASTICA,GLN,90900.0
001744,PIGMENTO SOBRE ESGRAFIADO,GLN,32900.0
002218,KORAZA,GLN,71800.0
003347,PINTURA MINERAL,GLN,70000.0
003343,WASH-PRIMER A PINTURA,GLN,75300.0
003352,WASH-PRIMER B-CATALIZADOR,GLN,75300.0
000643,ACC.DILATACION PVC Z 13X30,UND,16100.0
2293,PUNTILLA 1.1/2CC,LBS,3900.0
000649,ACC.TERMINALPVC J 27,UND,4425.0
000650,ACC.TERMINALPVC L 27,UND,4300.0
000651,ACC.ESQUINERO PVC 32x32,UND,14600.0
001637,ACC.ESQUINERO METAL-CINTA,RLL,33900.0
1234,ACC.PVC MEDIACAÑA 1 1-2,UND,140000.0
2040,PEGANTE BOXER,GLN,142745.0
1275,ACC.MEDIACAÑA RINCONERA 1,UND,3850.0
1276,ACC.ESQUINERO PVC 1 L 3.05,UND,4525.0
3079,ACC.MEDIACAÑA PVC 9CM FLEX,UND,34750.0
3080,ACC.PVC MEDIACAÑA 6CM FLEX,UND,18150.0
000039,BARNIZ VITRIFLEX BRILLANTE,GLN,100000.0
000047,BARNIZ VITRIFLEX SEMIBRILL,GLN,132900.0
1574,LIJA 180MADE,PLI,1500.0
3342,TAPAPOROS INCOLORO,GLN,91172.0
001460,CATALIZADOR SELLADOR MADER,GLN,50000.0
001574,LIJA 180MADE,PLI,1500.0
001182,GRANIPLAST - ESGRAFIADO-30,CAN,97600.0
005707,BASE ESGRAFIADO,GLN,44745.0
006187,GRANOTEX TEXTURIZADO,CUN,55000.0
001816,GRANO MARMOL-RESINAS,CAN,92500.0
3262,YESO BLANCO ESTUCADOR,BTO,21300.0
006015,ESFERAS REFLECTIVAS,KLS,14780.0
004549,MEZCLA ASFALTO EN CALIENTE,M3,410000.0
003885,MATA MALEZA,GLN,11500.0
005582,TIERRA AGRICOLA (NEGRA),M3,28000.0
005898,PRADO GATEADORA,M2,4500.0
003339,GUADUA5 MT.,UND,4500.0
002790,TIERRA CAPOTE,BTO,5000.0
003882,PLANTA ORNAMENTAL H=50-80C,UND,11000.0
002792,ARBOL NATIVO H080-100CM,UND,18500.0
003883,ARBOL FRUTALH= 80-100CM,UND,15000.0
001196,UREA,KLS,750.0
001197,TRIPLE 15,KLS,900.0
002041,PLANTA ORNAMENTAL PEQUENA,UND,5500.0
002498,ARBOL SWINGLEA H= 20- 40CM,UND,700.0
002044,ARBOL PINOH= 30- 50CM,UND,18000.0
002238,PALMA AFRICANA-CERA,UND,15000.0
002122,PALMA MANILA H=180-200CM,UND,40000.0
002112,ARBUSTO DURANTA,UND,900.0
002235,PRADO TRENZA,M2,3200.0
002237,PRADO MANI FORRAGERO,UND,1000.0
002236,PRADO CHINO,M2,17000.0
005792,POSTE CONCRETO PREFABRICAD,UND,35200.0
002089,POSTE PINO PATULA [1.50M],UND,20650.0
000917,"""GORRO ALUMINIO 1,1/2""""""",UND,1100.0
005556,"""TUBO GALV. 1,1/2""""3.0",UND,52000.0
002997,"""TUBO GALV. 1,1/2""""2.3",UND,54000.0
005554,"""TUBO GALV. 1,1/2""""1.8",UND,54742.0
000918,"""GORRO ALUMINIO 2""""""",UND,1800.0
005555,"""TUBO GALV. 2""""2.3",UND,68539.0
005383,"""GORRO ALUMINIO 3""""""",UND,2200.0
005557,"""TUBO GALV. 3""""2.3M",UND,165000.0
003060,"""TUBO GALV. 1,1/2""""1.5",UND,40600.0
003558,"ANGULO 2,1/2x 1/ 4",ML,100900.0
005550,"""TUBO GALV. 2""""""",UND,134894.0
005675,ANGULO 2x 1/ 8,UND,38010.0
005679,ANGULO 1x 1/ 4,UND,34300.0
005686,"""TUBO GALV. ,3/4""""1.5M",UND,24580.0
005687,"""TUBO GALV. 1""""1.5MM",UND,29770.0
005689,"TUBO GALV. ,3/41.8MM",UND,30804.0
005691,"""TUBO GALV. 1""""1.8MM",UND,23470.0
005696,"""TUBO GALV. ,3/4""""2.3M",UND,39627.0
005697,"""TUBO GALV. 1""""2.3MM",UND,53075.0
005681,"""TUBO GALV. 1""""ACUED",UND,61885.0
001733,"""MALLA ESLABONADA 1,1/2""""""",M2,18300.0
001732,"""MALLA ESLABONADA 2,1/2""""""",M2,12800.0
003058,"""MALLA ESLABONADA # 12 R-2",M2,9000.0
003061,MALLA ESLABONA #12 R-2.1/2,M2,8100.0
001735,"""MALLA ESLABONADA 2""""P",M2,13700.0
002046,MALLA ESLABONADA GALV #12,M2,14350.0
001663,CONCERTINA SENC.45CM A.INO,ML,7268.0
001665,CONCERTINA DOB. 45CM A.INO,ML,10908.0
001666,CONCERTINA SENC 60CM A.INO,ML,9917.0
001667,CONCERTINA DOB. 60CM A.INO,ML,17750.0
001577,LIJA 230AGUA,PLI,1400.0
005558,"""PLATINA3/4"""" x 1/",UND,7500.0
005559,"""BISAGRA TUBULAR 1.1/2""""""",UND,5499.0
002390,REMOVEDOR1020,LTS,3552.0
MQ0152,HIDROLAVADORA CHORRO PRESION-AUTONOMA,DIA,200000.0
000315,DETERGENTE GRASAS SILVATOL,GLN,12500.0
000316,DETERGENTE TEXTIL ULTRAVON,GLN,16580.0
000692,CEPILLO CERDA PLASTICA,UND,10000.0
MQ0135,BOMBA APLICADORA DE LIQUIDOS,DIA,14000.0
MQ0136,EQUIPO DE VACIO INDUSTRIAL PORTATIL,DIA,18000.0
MQ0137,VENTILADOR INDUSTRIAL (TORNADO),DIA,12500.0
002090,LIJA DE TELA # 25,UND,20000.0
002091,LIJA DE TELA # 80,UND,20000.0
002092,LIJA DE TELA #650,UND,20000.0
MQ0150,MAQUINA PULIDORA PISO MADERA 6.000 REVOL,DIA,18000.0
002153,SOLFAC ECINSECTICIDA,CM3,275.0
002154,DRAGNETINSECTICIDA,CM3,236.0
MQ0153,FUMIGADORA PORTATIL MANUAL,DIA,8000.0
002477,ACELERANTE DE FRAGUADO EN,KLS,28145.0
005374,ADITIVO EN PPOLVO- PLASTIF,KLS,5856.0
005532,ADITVO ADHERENTE PARA MORT,KLS,33534.0
002483,MORTERO - RELLENO DE ANCLA,KLS,3697.0
003539,CRISTALIZACION IMPERMEABIL,KLS,14942.0
005533,PLASTIFICAN ACELERANTE,KLS,7295.0
005534,ADITIVO RETARDANTE,KLS,9520.0
005809,FLUIDIFICANTEUNX 25.,KLS,9396.0
005810,ACELERANTE DE FRAGUADO 25,KLS,12996.0
005811,RETARDANTE EVAP. DE AGUA,KLS,8872.0
002471,IMPERMEABILIZ MORTERO-CONC,KLS,5316.0
005438,MORTERO LISTO,KLS,1410.0
003542,ADHERENTE EPOXICO,KLS,58623.0
003546,ADHERENTE EPOXICO-BASE RES,KLS,38125.0
000893,ENDURECEDOR,KLS,5074.0
003541,ENDURECEDOR TRA. MEDIO,KLS,803.0
003547,RECUBRIMIENTO EPOX. SOLVEN,KLS,50450.0
003548,RECUBRIMIENTO EPOX CON RES,KLS,108629.0
003549,XIPEX BLANCO CONCRETO 5K,KLS,29980.0
3550,XIPEX IMPERMEABILIZANT 5K,KLS,21180.0
005535,IMPERMEABILIZANTE IMPERME,KLS,13500.0
005536,IMPERMEABILIZANTE SOLUC AS,KLS,16549.0
2272,MALLA REFUERZO PROLIPROPIL,ROL,72000.0
624,IMPERMEABILIZANTE ACRILICO,KLS,11000.0
003551,JUNTA FRIA,KLS,20147.0
003552,SELLO RELLENO .ESTRC.,ML,12850.0
324,SELLO POLIURETANO,ML,6815.0
000790,CINTA SELLO JUNTA EST. HID,ROL,1038489.0
005537,SELLANTE ELASTOMERICO,ML,23600.0
001635,SELLAD0R AUTONIVELANTE,UND,35165.0
000324,SELLO POLIURETANO,ML,6815.0
001636,SELLADOR 3 -8,ML,739.0
295,CINTA JUNTA EUCODILAFLEX,ROL,1260000.0
MQ0107,CORTADORA DE LADRILLO CON DISCO,DIA,48641.0
MQ0108,CORTADORA SIN DISCO,DIA,22180.0
MQ0112,MEZCLADORA DE 9 PIES CUBICOS,DIA,30000.0
MQ0114,"MOTOBOMBA DE 2""",DIA,26180.0
MQ0115,PLUMA GRUA 250 KILOS,DIA,28164.0
MQ0128,MEZCLADORA ELECTRICA 1 M3,DIA,40000.0
MQ0131,PLANTA ELECTRICA 4000 RPM,DIA,35700.0
MQ0132,PLANTA ELECTRICA 7000 RPM,DIA,47600.0
MQ0134,CANASTA Y/O BALDE PLUMA GRUA,DIA,2380.0
002002,ARENA CUARZO 0.40-0.50MM,KLS,1210.0
MQ0155,CORTADORA DE PAVIMENTO HASTA 3 CMS,ML,0.0
MQ0202,CILINDRO COMPACTADOR DE 3 TONELADAS,HRS,83300.0
MQ0203,CILINDRO COMPACTADOR DE 6 TONELADAS,HRS,75000.0
MQ0211,MONTACARGA 5 TONELADAS,HRS,74000.0
MQ0224,GRUA TELESCOPICA HIDRAULICA 20 TON.,HRS,65000.0
MQ0233,GRUA TELESCOPICA L=50M MINIMO 8H,HRS,490880.0
000944,CINTA SEGURIDAD PREVENTIVA,ROL,25600.0
MOAU01,AUXILIAR OFICIOS VARIOS DIURNO,HRS,8949.0
MQ0701,SENAL TIPO SR-30 (AVISO A 30 MTS),DIA,5250.0
MQ0702,SENAL TIPO SR-26 (NO ADELANTAR ),DIA,5250.0
MQ0703,SENAL TIPO SP-38 (OBREROS EN LA VIA),DIA,5250.0
MQ0704,SENAL TIPO SP-101 (VIA EN CONSTRUCCION),DIA,5250.0
MQ0705,BARRICADA Y DESVIO TIPO SR-102,DIA,11100.0
MQ0706,TABLERO DE DESVIO,DIA,4035.0
MQ0707,CHALECO RELECTIVO,DIA,2400.0
MQ0708,SENAL DE PARE - SIGA,DIA,2420.0
MOAU02,AUXILIAR OFICIOS VARIOS NOCTURNO,HRS,10738.0
000647,CANECA 55 GALONES,UND,22968.0
001792,TELA CERRAMIENTO VERDE,ML,1950.0
001793,GUADUA LARGA L=8M,UND,9500.0
001830,GUADUA CHAPILLA L=4MTS,UND,4800.0
1049,"""CUARTON 2""""x4""""x300 AMARI",UND,16000.0
1719,"""HIERRO .1/2"""" 60.000 [6",KLS,4000.0
1793,GUADUA LARGA L=8M,UND,9500.0
2212,"""LAZO POLIPROPILENO 3/4""""""",ML,2800.0
294,LISTON 2x2x300 AMARIL,UND,7200.0
647,CANECA 55 GALONES,UND,22968.0
MOZZ06,JORNAL AYUDANTE PRACTICO,HH,8109.0
MOZZ07,JORNAL OFICIAL PRACTICO,HH,13539.0
MQ0607,AC TORNILLO NIVELADOR 800MM,U/D,170.0
MQ0608,AC BASE COLLAR 330MM,U/D,130.0
MQ0609,AC ESCLERA TIPO GATO,U/D,1300.0
MQ0611,AC VERTICAL 100MM,U/D,230.0
MQ0613,AC VERTICAL 200MM,U/D,420.0
MQ0617,AC DIAGONAL 300MM,U/D,430.0
MQ0620,AC HORIZONTAL 140MM,U/D,230.0
MQ0621,AC HORIZONTAL 300MM,U/D,420.0
MQ0624,AC PLATAFORMA BASE 300MM,U/D,920.0
000396,GABINETE INCENDIO CLAS III,UND,250000.0
000571,HACHA METAL 4.5 LBS,UND,45000.0
001242,EXTINTOR ABC-10 LB,UND,68900.0
001351,LLAVE SPANNER DOBLE,UND,15000.0
001693,MANGUERA 1.1 2 X30 MTS,UND,950000.0
006185,BOQUILLA POLICARBONATO 1.1,UND,35000.0
006186,SOPORTE CANASTILLA MANG 1.,UND,55000.0
001240,GABINETE INCENDIO CLAS I,UND,200000.0
006184,VALVULA ANGULAR 1.1 2,UND,165000.0
1309,GABINETE INCENDIO CLAS II,UND,225000.0
001650,GABINETE INCENDIO SIN ACC.,UND,105000.0
001243,EXTINTOR BC -10 LB,UND,65070.0
001241,EXTINTOR CO2-10 LB,UND,932500.0
001630,MANOMETRO GLICERINA 0-200P,UND,55000.0
000395,DETECTOR HUMO FOTOELECTRIC,UND,274490.0
4023,CABLE CU ENCAUCH 2x16,ML,1807.0
001239,"""TUBO A.CARBON D=1""""""",ML,13500.0
001442,"""SPLINKLER TIPO K 1/2""""""",UND,68440.0
000398,"""SPLINKER TIPO K ,1/2""""""",UND,68440.0
5772,SOPORTE COLGANTE,UND,4800.0
6214,SOPORTE TIPO CUELGA 3,UND,3500.0
6215,SOPORTE TIPO CUELGA 2,UND,2100.0
6216,SOPORTE TIPO CUELGA 1 14,UND,2000.0
6218,SOPORTE SISMICO LONGI 3,UND,83300.0
6219,SOPORTE SISMICO LONGI 2,UND,83300.0
6220,SOPORTE SISMICO LONGI 1-14,UND,83300.0
6222,SOPORTE SISMICO LATERAL 3,UND,88100.0
6223,SOPORTE SISMICO LATERAL 2,UND,88100.0
6224,SOPORTE SISMICO LATER 1-14,UND,88100.0
001302,TEE AC 1X 1,UND,9850.0
001301,TEE AC 1 CUARTO,UND,11600.0
1300,"TEE AC 1,1/2 x 1,1/2",UND,4408.0
001298,"TEE AC 2,1/2 x 2,1/2",UND,15776.0
001297,TEE AC 3X 3RANURA,UND,35800.0
001581,TEE AC 4X 4[V],UND,51900.0
001582,TEE AC 6x 6[V],UND,235700.0
6225,REDUCC HD UM 1-14 X 1,UND,8700.0
6226,REDUCC HD UM 2 X 1-14,UND,9400.0
6227,REDUCC HD UM 3 X 1-14,UND,21900.0
6228,REDUCC HD UM 3 X 2,UND,9400.0
006188,UNION RIGI RANURADA 1,UND,10500.0
006189,UNION RIGI RANURADA 1.1 4,UND,11000.0
006190,UNION RIGI RANURADA 1.1 2,UND,11500.0
006191,UNION RIGI RANURADA 2,UND,12500.0
006192,UNION RIGI RANURADA 2.1 2,UND,16000.0
006193,UNION RIGI RANURADA 3,UND,16000.0
006194,UNION RIGI RANURADA 4,UND,20500.0
006195,UNION RIGI RANURADA 6,UND,38000.0
006196,UNION RIGI RANURADA 8,UND,68000.0
006197,UNION RIGI RANURADA 10,UND,132000.0
006198,UNION RIGI RANURADA 12,UND,215000.0
3143,CHEQUE HORIZONTAL UL FM 4,UND,352400.0
6213,CODO AC 90 X 2 RA,UND,60000.0
001409,CODO AC 90 X 3RANURADO,UND,25000.0
001405,CODO AC 90 X 4RANURAD,UND,30000.0
1631,"""TUBO A.CARBON D= .1/2""""""",ML,6850.0
001238,"""TUBO A.CARBON D=1,1/4""""""",ML,18200.0
004758,"""TUBO A.CARBON D=3""""""",ML,60200.0
004754,"""TUBO A.CARBON D=4""""""",ML,86000.0
004756,"""TUBO A.CARBON D=6""""""",ML,150600.0
004757,"""TUBO A.CARBON D=8""""""",ML,235000.0
2074,PIEDRA RIO SONGA MANO D=20,M3,47300.0
3321,REJILLA SUM 10 X10 CD-4 VI,UND,80000.0
3320,REJILLA SUM 12 X 12 CD-4 V,UND,85000.0
1476,REJILLA LAM MICROOPERFORAD,UND,135800.0
001220,REJILLA R 18.0 X 10.0,UND,65000.0
001210,LAMINA FIBRA VIDRIO 1 244,UND,85000.0
001213,CINTA FOIL ALUMINIO 3 REFO,ROL,36000.0
001483,LAM.GALVANIZADAC.16,UND,135600.0
SC0201,ELABORACION DE DUCTOS - DUCTEROS,GLB,100.0
000329,SILICONA TRANSPARENTE 781,UND,29900.0
003603,YUMBOLON-THERMOLON 15MM,UND,575960.0
003621,LAM.GALVANIZADAC.22,UND,77000.0
3600,TIRO ANCLAJE AMARILLO,UND,349.0
6041,ANCLAJE PERNO 1-4,UND,310.0
006041,ANCLAJE PERNO 1-4,UND,310.0
1213,CINTA FOIL ALUMINIO 3 REFO,ROL,36000.0
134,ALAMBRE GALVANIZADO # 16,KLS,8200.0
2204,LAMINA ICOPOR AISLADO 1,UND,40000.0
3621,LAM.GALVANIZADAC.22,UND,77000.0
1483,LAM.GALVANIZADAC.16,UND,135600.0
3603,YUMBOLON-THERMOLON 15MM,UND,575960.0
4086,ALAMBRE GALVANIZADO # 18,KG,9900.0
3982,CINTA ALUMINIO IDUSTRIAL,UND,61900.0
6163,DUCTO REDONDO 4 LAM GALV C,ML,38000.0
6164,CODO DUCTO REDONDO 4 C.24,UND,38000.0
6165,UNION DUCTO REDONDO 4 C.24,UND,21000.0
6166,GORRO CHINO 4 REDONDO A.IN,UND,58500.0
3574,LAM.GALVANIZADAC.20,UND,95634.0
641,FILTRO 65 -6 BOLSILLO,UND,193300.0
MORE02,MANO OBRA REFRIGERACION 1 AYUD 1 TECNICO,HC,33960.0
631,FILTRO 30-35 -16X24X2,UND,140000.0
747,PREFILTRO 30-35 -16X20X2,UND,134000.0
749,PREFILTRO 30-35 -20X20X2,UND,140000.0
750,PREFILTRO 30-35 PORC 2-ALU,UND,145000.0
MORE01,MANO OBRA REFRIGERACION 1 AYUDANTE,HH,27160.0
785,FILTRO CARTUCHO 65 PORC 4-,UND,285000.0
681,FILTRO HEPA 9997 3-7.5CM,UND,1850200.0
788,FILTRO HEPA 9997 6-15CM,UND,1950000.0
1020,FILTRO HEPA 99.99-24X24X12,UND,1981000.0
1101,PREFILTRO 30-35 - 24X24X2,UND,166600.0
1103,FILTRO BOLSILLO 85 - 24X24,UND,206000.0
1125,FILTRO CARTUCHO 95 - 24X24,UND,246600.0
1797,AISLANTE TERMICO RUBATEX 7,UND,6500.0
2991,TUBO COBRE.1/2[F],ML,8600.0
3076,UNION CU.1/2LISA,UND,649.0
3762,TUBO COBRE 1 4,ML,4580.0
MQ0157,BOMBA VACIO REFRIGERACION,HRS,25000.0
2509,SOLDADURA ESTANO PLATA 95-,LBS,153000.0
6026,NITROGENO - N2,LBS,19100.0
2892,SOLDADURA COBRE,KLS,8994.0
2992,TUBO COBRE.3/8[F],ML,6400.0
000268,CAÑUELA ALUMINIO 228,ML,10000.0
002087,POLIURETANO EXPAND TIPO A,GLN,18500.0
002088,POLIURETANO EXPAND TIPO B,GLN,18500.0
000269,CAÑUELA ALUMINIO 328M,ML,11000.0
000276,CAÑUELA ALUMINIO 428M,ML,14000.0
000278,CAÑUELA ALUMINIO 628M,ML,16000.0
000585,GAS ISCEON MO49,LBS,17000.0
1047,GAS 134 A DUPONT,LBS,14000.0
1195,GAS PROPANO R 290,KLS,56000.0
1864,GAS R 410,LBS,15300.0
2309,GAS R 507,LBS,19000.0
2476,GAS R 404,LBS,22000.0
2447,GAS R 141 LIMPIEZA,LBS,55000.0
2863,ACETILENO,KLS,22300.0
3355,OXIGENO,M3,17400.0
595,GAS ISCEOM M-29,LBS,24800.0
MOPR01,ARQUITECTO,HH,20500.0
MOPR02,INGENIERO CIVIL,HH,20500.0
MOPR06,INGENIERO DE SUELOS,HH,20500.0
MOVA01,DIBUJANTE-DELINEANTE ARQUITEC.-INGENIERA,HRS,27741.0
005940,EXPEDICION DATOS BASICOS,UND,58000.0
005941,REVISION PROYECTO,UND,124120.0
MOPR05,INGENIERO MECANICO,HH,14121.0
000359,CAPACIDAD SOPORTE TERRENO,UND,178500.0
000360,CAPACIDAD ADHESIVA TERRENO,UND,595000.0
000361,ENSAYO RESISTENCIA MATERIA,UND,178500.0
000362,RESISTENCIA A LA COMPRESIO,UND,59500.0
000363,GRADO COMPACTACION TERRENO,UND,27370.0
000364,UNIFORMIDAD PARTIC MATERIA,UND,41650.0
000365,UNIFORMIDAD TAMA,UND,29750.0
000366,GRADO HUMEDADSUELO,UND,11900.0
000367,GRADO SUELO FINO,UND,23800.0
000368,GRADO PLASTICIDAD SUELO,UND,23800.0
000369,GRADO DUREZASUELO,UND,95200.0
000370,GRADO DUREZASUELO,UND,119000.0
000372,DETERM.PESO ESPECIFICO,UND,47600.0
000373,ENSAYO DENSIDAD SUELO,UND,77350.0
000374,IMPEDIMENT.FACTORES CLIMA,UND,71400.0
6030,PERFORAC A ROTAC. CON DIAM,ML,226100.0
6031,PERFOR A ROTAC.CON DIAMAN,ML,476000.0
6032,PERF A ROTAC CON DIAM EN A,ML,1130500.0
MQ0141,ALQUILER FORMALETA Y CONO,UND,17850.0
000375,PRUEB.RESISTENCIA COMPRES.,UND,41650.0
000376,PRUEB.RESISTENCIA COMPRES.,UND,9520.0
000377,DOSIFICACION DE MATERIALES,UND,261800.0
000378,PRUEB.RESISTENCIA FLEXION,UND,23800.0
000379,DETERM.PESO OPTIMO,UND,23800.0
000381,ENSAYO RESISTENCIA,UND,27370.0
000382,PRUEB.RESISTENCIA LADRILLO,UND,21420.0
000384,PRUEB.RESISTENCIA VIGAS,UND,26180.0
000385,DETERM.COMPUESTO ORGANICO,UND,29750.0
000386,DETERM.RESIST.ABRASION,UND,154700.0
000387,DETERM.PESO ESPEC.EN SUELO,UND,59500.0
000388,DETERM.PESO UNITARIO,UND,35700.0
000411,CAPAC.DE AGARRE DEL ASFALT,UND,59500.0
000412,EXTRACC.ASFALT.DENSID.GRAN,UND,23800.0
000413,DETERM.PESO UNIT DE MEZCLA,UND,29750.0
000414,CANTIDAD PERMIT.ASFALTO,UND,47600.0
000415,EXTRACCION DE UNA MUESTRA,UND,35700.0
000416,DETER.TAMAN.PART.AGREGADOS,UND,41650.0
000417,MUESTRA ASFALT.ANALISIS,UND,23800.0
000418,EXTRACCION DE MUESTRA,UND,8330.0
000579,MEDICION RESIST NUCLEO A,UND,23800.0
000580,MEDICION RESIST NUCLEO 2P,UND,119000.0
000581,MEDICION RESIST NUCLEO 3P,UND,142800.0
000582,MEDICION RESIST NUCLEO 4PU,UND,166600.0
000583,MEDICION RESIST NUCLEO 6P,UND,476000.0
005495,PEAJE PISA,UND,9400.0
005496,PEAJE CATEGORIA 1,UND,8900.0
005497,PEAJE CATEGORIA C,UND,8400.0
